Year-Month,Country,inflation-rate(heading),food_inflation,precipitation_Ratio,Precipitation_mm,Population,fatalities,gdp,Exchange_rate,SPEI,c_cifvalue,c_fobvalue,w_cifvalue,w_fobvalue,s_cifvalue,s_fobvalue,Net Refugees,Disaster_Affected,Precipitation,max_temp,mean_temp,min_temp,NDVI_Ratio
2001-01-01,Barbados,,4.21,0.6371511637337911,43.79,136805810.0,2370.0,3054499999.0,2.0,-1.8088,,,,,,,-30.0,,,25.040525752241933,24.96456640748835,24.91419741722848,0.650852943390568
2001-02-01,Barbados,,3.45,1.0316197668693183,45.97,136805810.0,2371.0,3054500000.0,2.0,-0.2648,,,,,,,-30.0,0.0,,24.5993582453047,24.53096104406552,24.47436405817672,0.5602632916719101
2001-03-01,Barbados,,4.5,0.5203515877960285,20.34,136805810.0,2371.0,3054500000.0,2.0,-2.1541,,,,,,,-30.0,0.0,,25.159761313981903,25.10302804257316,25.05276209103164,0.4344177097076365
2001-04-01,Barbados,,5.63,0.5546413380238784,30.26,136805810.0,2371.0,3054500000.0,2.0,-1.6073,,,,,,,-30.0,0.0,,25.537298795912022,25.481586309840225,25.415081999037,0.3532039956202764
2001-05-01,Barbados,,7.17,0.490275123820915,31.7,136805810.0,2371.0,3054500000.0,2.0,-1.7114,,,,,,,-30.0,0.0,,26.55370497754825,26.517210926549467,26.459592704362763,0.3469055246270107
2001-06-01,Barbados,,6.96,0.3715238684299031,38.12,136805810.0,2371.0,3054500000.0,2.0,-1.4982,,,,,,,-30.0,0.0,,26.726332007514145,26.688946720015508,26.63712844848635,0.4291231811718931
2001-07-01,Barbados,,6.9,1.332608744649142,178.32,136805810.0,2371.0,3054500000.0,2.0,1.1844,,,,,,,-30.0,0.0,,26.61952314889561,26.57060000749499,26.508055889991056,0.5657497981105022
2001-08-01,Barbados,,4.65,0.934353433247089,136.21,136805810.0,2371.0,3054500000.0,2.0,-0.9171,,,,,,,-30.0,0.0,,26.855105172434207,26.779656665800303,26.70548634682933,0.6412717204658656
2001-09-01,Barbados,,2.83,0.9491971592746626,153.88,136805810.0,2371.0,3054500000.0,2.0,-1.2619,,,,,,,-30.0,0.0,,27.12325981987852,27.072688540207366,27.028500705295187,0.6243207095107317
2001-10-01,Barbados,,0.53,1.29641338176945,246.0,136805810.0,2371.0,3054500000.0,2.0,1.8855,,,,,,,-30.0,0.0,,26.43040604540101,26.35777289687951,26.28471972147628,0.6486905862447413
2001-11-01,Barbados,,-0.69,0.2977131476124957,50.65,136805810.0,2371.0,3054500000.0,2.0,-2.0186,,,,,,,-30.0,0.0,,26.71580935584177,26.65359541829088,26.59691287146677,0.6840141726956588
2001-12-01,Barbados,,-0.79,1.8105489609512635,169.1,136805810.0,2371.0,3054500000.0,2.0,2.3789,,,,,,,-30.0,0.0,,26.08168401820689,26.0181914285493,25.944151466123515,0.6624742876322989
2002-01-01,Barbados,,1.07,0.689032493388444,45.61,138933658.0,2386.0,3106500000.0,2.0,-0.2961,,,,,,,-67.0,0.0,,25.59324603747297,25.53398848000927,25.490048057802312,0.6675880745621082
2002-02-01,Barbados,,3.0,1.2185061361290794,54.11,138933658.0,2386.0,3106500000.0,2.0,-0.1783,,,,,,,-67.0,0.0,,25.15692813509986,25.084520539795392,25.03774972643174,0.5922511001187748
2002-03-01,Barbados,,2.38,0.66571254526227,24.39,138933658.0,2386.0,3106500000.0,2.0,-0.6431,,,,,,,-67.0,0.0,,25.62812205078785,25.56640870632685,25.508015363959885,0.4555807253229513
2002-04-01,Barbados,,1.67,0.968978007710558,54.53,138933658.0,2386.0,3106500000.0,2.0,1.1456,,,,,,,-67.0,0.0,,25.972156715393112,25.922822414888685,25.873532040913915,0.4924118096595047
2002-05-01,Barbados,,-1.35,0.8347600190353864,50.28,138933658.0,2386.0,3106500000.0,2.0,1.2278,,,,,,,-67.0,0.0,,26.69456263306324,26.648788959207195,26.59114676444761,0.488412721406712
2002-06-01,Barbados,,-1.24,0.5994550216216954,53.97,138933658.0,2386.0,3106500000.0,2.0,-0.7134,,,,,,,-67.0,0.0,,26.89999046325687,26.867165819437048,26.81528722974992,0.489252909705606
2002-07-01,Barbados,-1.5,-2.0,0.8170576701829719,111.71,138933658.0,2386.0,3106500000.0,2.0,-1.5773,,,,,,,-67.0,0.0,,26.601513881068115,26.55734109129316,26.494333521525107,0.5624211654266236
2002-08-01,Barbados,-0.9,-1.43,0.8126135817175666,122.05,138933658.0,2386.0,3106500000.0,2.0,-0.7303,,,,,,,-67.0,0.0,,26.822591994911136,26.775672419488387,26.72623257790844,0.610220107860752
2002-09-01,Barbados,-0.7,-1.44,0.9097958555440312,146.36,138933658.0,2386.0,3106500000.0,2.0,-0.6819,,,,,,,-67.0,2000.0,,27.04538747999408,26.98818370250757,26.92343109978572,0.6497639780018478
2002-10-01,Barbados,0.9,-0.14,0.8407109994007038,157.32,138933658.0,2386.0,3106500000.0,2.0,-0.1214,,,,,,,-67.0,0.0,,26.77135747273764,26.70891472307278,26.631449143604584,0.6712532063556363
2002-11-01,Barbados,2.53,1.02,0.5168849216147958,88.17,138933658.0,2386.0,3106500000.0,2.0,-0.9373,,,,,,,-67.0,0.0,,26.37509288787845,26.29802681307308,26.22578461964929,0.6407719709705899
2002-12-01,Barbados,2.13,1.31,0.3167600156023498,31.92,138933658.0,2386.0,3106500000.0,2.0,-2.4884,,,,,,,-67.0,0.0,,25.92399620548372,25.8575294752481,25.80683495716385,0.6468969005136456
2003-01-01,Barbados,0.8,1.02,0.7071019663766279,48.7,140970351.0,2413.0,3209500000.0,2.0,-1.4081,,,,,,,-51.0,0.0,,25.40702041297834,25.34638628871926,25.307983324604663,0.5878911257217396
2003-02-01,Barbados,0.4,0.73,1.1576458194882038,52.12,140970351.0,2413.0,3209500000.0,2.0,-0.1355,,,,,,,-51.0,0.0,,25.19300252369476,25.14030069613392,25.094416214170906,0.5614157775601758
2003-03-01,Barbados,2.54,2.49,0.6555219590176166,23.46,140970351.0,2413.0,3209500000.0,2.0,-1.7004,,,,,,,-51.0,0.0,,25.43425843843852,25.376374119993898,25.32058866357295,0.4756982413298695
2003-04-01,Barbados,3.05,2.63,0.9704298509030522,57.67,140970351.0,2413.0,3209500000.0,2.0,1.2814,,,,,,,-51.0,0.0,,26.07217451731367,26.01754909455553,25.965582720438647,0.3832577887796626
2003-05-01,Barbados,4.09,3.82,1.0540158567480085,70.59,140970351.0,2413.0,3209500000.0,2.0,0.565,,,,,,,-51.0,0.0,,26.65053509948075,26.59556063820571,26.538403673069467,0.358355052419854
2003-06-01,Barbados,4.29,3.81,0.620146645996807,61.41,140970351.0,2413.0,3209500000.0,2.0,0.1523,,,,,,,-51.0,0.0,,26.522760242886022,26.476532275141608,26.407129817538816,0.3828407165217253
2003-07-01,Barbados,3.65,3.07,1.201370784562659,168.14,140970351.0,2413.0,3209500000.0,2.0,0.2352,,,,,,,-51.0,0.0,,26.5514890896377,26.49377710246199,26.42654159299792,0.5380024420213987
2003-08-01,Barbados,3.02,2.77,1.0481355961599164,155.76,140970351.0,2413.0,3209500000.0,2.0,0.2991,,,,,,,-51.0,0.0,,26.843096464423752,26.785960734834248,26.71966368972619,0.5971959171239943
2003-09-01,Barbados,3.32,3.07,0.378363712870106,47.81,140970351.0,2413.0,3209500000.0,2.0,-1.3134,,,,,,,-51.0,0.0,,27.468029827541784,27.3972797238028,27.34917132059735,0.6670211001536979
2003-10-01,Barbados,2.68,2.91,1.085871185550079,214.86,140970351.0,2413.0,3209500000.0,2.0,0.7981,,,,,,,-51.0,0.0,,26.93203042963501,26.870409465919977,26.805704719789617,0.683817880837478
2003-11-01,Barbados,2.17,0.58,0.8955626956810759,156.62,140970351.0,2413.0,3209500000.0,2.0,0.9278,,,,,,,-51.0,0.0,,26.691390185886007,26.623212231318465,26.554175016615147,0.7038917881238895
2003-12-01,Barbados,3.07,0.43,1.130654340068831,125.83,140970351.0,2413.0,3209500000.0,2.0,0.8421,,,,,,,-51.0,0.0,,26.190061946581807,26.11905087923697,26.06243152823504,0.6889713323115156
2004-01-01,Barbados,2.99,0.43,0.7950666295321075,54.38,142902856.0,2400.0,3444500000.0,2.0,-0.7042,,,,,,,-22.0,0.0,,25.559617143036235,25.485897035135736,25.443747477377656,0.6081324897228408
2004-02-01,Barbados,3.69,1.01,1.027207489666504,45.83,142902856.0,2400.0,3444500000.0,2.0,-0.3585,,,,,,,-22.0,0.0,,25.41128721127569,25.340343130012343,25.290822053229704,0.5812502173279179
2004-03-01,Barbados,2.97,0.29,1.190941152400938,42.59,142902856.0,2400.0,3444500000.0,2.0,1.4758,,,,,,,-22.0,0.0,,25.43674711822183,25.37525742688956,25.31590013401484,0.511599437782641
2004-04-01,Barbados,3.26,0.14,1.3467136141812086,77.9,142902856.0,2400.0,3444500000.0,2.0,1.9394,,,,,,,-22.0,0.0,,26.31890909406877,26.269659706388893,26.2111616982354,0.4816976883308581
2004-05-01,Barbados,3.15,-0.14,2.3559182160577645,137.39,142902856.0,2400.0,3444500000.0,2.0,2.5072,,,,,,,-22.0,0.0,,26.523106613979564,26.469937488785376,26.396867534678503,0.5566326128584846
2004-06-01,Barbados,3.53,1.14,1.0418992744939568,100.62,142902856.0,2400.0,3444500000.0,2.0,0.6471,,,,,,,-22.0,0.0,,26.5363218095568,26.47724905052138,26.414791319105404,0.5801331590657478
2004-07-01,Barbados,4.6,2.14,0.9480024036863706,104.38,142902856.0,2400.0,3444500000.0,2.0,1.0975,,,,,,,-22.0,0.0,,26.414984906104337,26.34109090791378,26.26877354857743,0.6567372586989069
2004-08-01,Barbados,4.88,2.43,0.9593666080643216,136.96,142902856.0,2400.0,3444500000.0,2.0,-1.2517,,,,,,,-22.0,0.0,,26.941458597490907,26.87248671940916,26.803135869836296,0.6523434898741234
2004-09-01,Barbados,5.16,2.72,0.7218634298441245,115.1,142902856.0,2400.0,3444500000.0,2.0,-0.3832,,,,,,,-22.0,880.0,,27.12168473137752,27.042369846536417,26.98727717929421,0.6469916368002568
2004-10-01,Barbados,5.51,2.99,0.564406112743566,110.09,142902856.0,2400.0,3444500000.0,2.0,0.0655,,,,,,,-22.0,0.0,,27.243587091917675,27.171265027553204,27.11487772951847,0.6718138895339572
2004-11-01,Barbados,6.47,5.34,2.3188366151169584,415.6,142902856.0,2400.0,3444500000.0,2.0,2.4372,,,,,,,-22.0,0.0,,26.21072061326771,26.132166440128174,26.04408921135797,0.6916519858596564
2004-12-01,Barbados,7.31,6.23,0.9017945507603318,91.69,142902856.0,2400.0,3444500000.0,2.0,0.1923,,,,,,,-22.0,0.0,,25.943846577470023,25.8619192715392,25.77125753177114,0.6953208321764208
2005-01-01,Barbados,8.02,5.95,2.076338658702323,135.78,144715786.0,2451.0,3819500000.0,2.0,2.7332,,,,,,,-26.0,0.0,,25.54298690877937,25.47652676418494,25.390693036971584,0.6335433384082252
2005-02-01,Barbados,7.7,6.51,0.7721144118087016,33.84,144715786.0,2451.0,3819500000.0,2.0,-0.2959,,,,,,,-26.0,0.0,,25.843967782883453,25.75767453666356,25.67742899940129,0.6422048862476168
2005-03-01,Barbados,7.4,6.49,0.6469358478007036,22.77,144715786.0,2451.0,3819500000.0,2.0,-1.695,,,,,,,-26.0,0.0,,26.32735601855865,26.26312321891112,26.213720370877184,0.5397672376609371
2005-04-01,Barbados,7.46,9.42,0.5363246698535533,30.93,144715786.0,2451.0,3819500000.0,2.0,-2.1775,,,,,,,-26.0,0.0,,27.075783496432848,27.017326745480432,26.963945388793945,0.4335535254831272
2005-05-01,Barbados,7.72,9.83,1.7922383754575,115.91,144715786.0,2451.0,3819500000.0,2.0,0.8237,,,,,,,-26.0,0.0,,27.195159181984536,27.14126386750462,27.092764503725164,0.5489798951965323
2005-06-01,Barbados,7.39,7.99,2.000784617949014,198.04,144715786.0,2451.0,3819500000.0,2.0,2.1598,,,,,,,-26.0,0.0,,26.849389351738864,26.767087513449155,26.690646404690256,0.6379626531267442
2005-07-01,Barbados,7.02,7.96,1.2526637480216023,167.7,144715786.0,2451.0,3819500000.0,2.0,0.2053,,,,,,,-26.0,0.0,,26.85474129953696,26.7434351231787,26.657215782903904,0.6541829141550315
2005-08-01,Barbados,7.07,10.24,0.6714039943900733,102.23,144715786.0,2451.0,3819500000.0,2.0,0.0245,,,,,,,-26.0,0.0,,27.20068833956157,27.09933859352401,27.01006701479679,0.6409623720525782
2005-09-01,Barbados,6.94,9.94,0.3452823441524076,50.08,144715786.0,2451.0,3819500000.0,2.0,-2.6849,,,,,,,-26.0,0.0,,27.73614421420632,27.66189507576007,27.594078784518786,0.646020215610144
2005-10-01,Barbados,6.23,9.73,1.0265283949462587,201.65,144715786.0,2451.0,3819500000.0,2.0,0.4111,,,,,,,-26.0,0.0,,27.12932300362536,27.06373218464114,26.99117616222753,0.6834962517459384
2005-11-01,Barbados,6.44,10.81,1.936343080964181,326.53,144715786.0,2451.0,3819500000.0,2.0,2.1866,,,,,,,-26.0,0.0,,26.28010421329077,26.191208392816407,26.095997767978247,0.6365641949790808
2005-12-01,Barbados,5.91,10.77,0.9596147206660536,104.76,144715786.0,2451.0,3819500000.0,2.0,0.5159,,,,,,,-26.0,0.0,,25.8570517755324,25.78546074879989,25.70317230224612,0.6778618524208522
2006-01-01,Barbados,8.8,12.38,1.4960247787103012,106.89,146405973.0,2463.0,4217323400.0,2.0,2.0633,,,,,,,-65.0,0.0,,25.30971421272528,25.248316307893163,25.177403119815324,0.6455817627770033
2006-02-01,Barbados,8.3,11.57,1.14789761602852,48.2,146405973.0,2463.0,4217323400.0,2.0,1.2483,,,,,,,-65.0,0.0,,25.159867268516905,25.1026118181328,25.049001266842826,0.6243437607192244
2006-03-01,Barbados,8.3,11.55,0.7415403217224659,24.45,146405973.0,2463.0,4217323400.0,2.0,-0.1931,,,,,,,-65.0,0.0,,25.74075607381843,25.687205477805264,25.64257479021626,0.5345668556267921
2006-04-01,Barbados,6.9,9.39,0.4713151082127102,28.55,146405973.0,2463.0,4217323400.0,2.0,-1.5287,,,,,,,-65.0,0.0,,26.2881403181288,26.23160054245932,26.179318703545505,0.4641442313363738
2006-05-01,Barbados,7.1,10.3,0.4750231123037312,31.75,146405973.0,2463.0,4217323400.0,2.0,-1.5731,,,,,,,-65.0,0.0,,27.05681809866303,27.017057164149605,26.973959920739617,0.4285633636386725
2006-06-01,Barbados,7.8,11.41,0.7527715276515958,67.73,146405973.0,2463.0,4217323400.0,2.0,0.263,,,,,,,-65.0,0.0,,26.842359987894724,26.78695726675437,26.72100582122806,0.5205054641030807
2006-07-01,Barbados,7.7,11.23,0.6432673819932284,77.64,146405973.0,2463.0,4217323400.0,2.0,-0.6979,,,,,,,-65.0,0.0,,26.78484201738911,26.710605929395346,26.638937804519514,0.568428565611228
2006-08-01,Barbados,7.6,11.05,0.9872341453093753,146.9,146405973.0,2463.0,4217323400.0,2.0,-0.0045,,,,,,,-65.0,0.0,,26.96832454640377,26.88620098556908,26.81038918854091,0.6031504149063622
2006-09-01,Barbados,8.4,12.26,0.5386341637818464,68.34,146405973.0,2463.0,4217323400.0,2.0,-0.7238,,,,,,,-65.0,0.0,,27.37039919959176,27.28053863534984,27.20997168223068,0.6560630908459693
2006-10-01,Barbados,7.0,10.19,0.8412590250841118,154.17,146405973.0,2463.0,4217323400.0,2.0,0.4208,,,,,,,-65.0,0.0,,27.0795117737145,26.99966321633628,26.92160791786773,0.6605140191656756
2006-11-01,Barbados,5.9,8.6,0.8315649617046833,151.46,146405973.0,2463.0,4217323400.0,2.0,-0.5245,,,,,,,-65.0,0.0,,26.50388117896188,26.42717529014112,26.358815532260508,0.673494197583471
2006-12-01,Barbados,5.6,8.18,0.7960611835614526,84.21,146405973.0,2463.0,4217323400.0,2.0,-0.0515,,,,,,,-65.0,0.0,,26.03841265606627,25.96997280970436,25.89125361288751,0.6559010782014756
2007-01-01,Barbados,4.9,7.08,1.0057990084763333,68.69,147989278.0,2457.0,4675767950.0,2.0,0.3516,,,,,,,-69.0,0.0,,25.673249304166404,25.59420908181056,25.53501320705624,0.6435251080785163
2007-02-01,Barbados,4.5,6.54,1.011346128778262,45.05,147989278.0,2457.0,4675767950.0,2.0,-1.1711,,,,,,,-69.0,0.0,,25.68202137265888,25.61306671621861,25.573454361870176,0.6161300820172074
2007-03-01,Barbados,4.4,6.4,1.24221027033251,45.95,147989278.0,2457.0,4675767950.0,2.0,0.5666,,,,,,,-69.0,0.0,,25.72357754861156,25.65624447098565,25.60351548963979,0.4791349423966221
2007-04-01,Barbados,3.9,5.6,1.035794294832405,62.35,147989278.0,2457.0,4675767950.0,2.0,0.1845,,,,,,,-69.0,0.0,,26.363949394226097,26.300198400181102,26.248283704121945,0.5244917582522108
2007-05-01,Barbados,3.4,4.9,0.3715657824879548,23.78,147989278.0,2457.0,4675767950.0,2.0,-2.3999,,,,,,,-69.0,0.0,,27.166192667971416,27.119783256024675,27.07431966309906,0.4409399361215925
2007-06-01,Barbados,3.6,5.25,1.4206036337399126,143.05,147989278.0,2457.0,4675767950.0,2.0,1.3064,,,,,,,-69.0,0.0,,26.887386873033336,26.83018642588649,26.75991020202639,0.5458092504241709
2007-07-01,Barbados,3.9,5.61,0.4893627501565581,65.03,147989278.0,2457.0,4675767950.0,2.0,-1.3221,,,,,,,-69.0,0.0,,26.961205972651044,26.91364926790345,26.870947446105333,0.5785412305921703
2007-08-01,Barbados,3.1,4.41,1.407572847744849,207.61,147989278.0,2457.0,4675767950.0,2.0,1.7805,,,,,,,-69.0,0.0,,26.464594920989043,26.382701847109217,26.30207601977935,0.6460054666642437
2007-09-01,Barbados,2.9,4.13,0.5533103004045365,79.55,147989278.0,2457.0,4675767950.0,2.0,-1.0142,,,,,,,-69.0,0.0,,27.005377303229466,26.93298296529809,26.86405514611141,0.6371387427280665
2007-10-01,Barbados,4.6,6.64,1.0394837260944867,202.37,147989278.0,2457.0,4675767950.0,2.0,0.6512,,,,,,,-69.0,0.0,,26.718139964278063,26.65276835905724,26.589700994183943,0.6269542659535227
2007-11-01,Barbados,4.7,6.87,0.5325723287602128,85.83,147989278.0,2457.0,4675767950.0,2.0,-1.0813,,,,,,,-69.0,1.0,,26.30960621303984,26.226090798263044,26.147651460435668,0.6804931021073747
2007-12-01,Barbados,4.7,6.75,1.1160545965225137,117.44,147989278.0,2457.0,4675767950.0,2.0,0.2754,,,,,,,-69.0,0.0,,25.85270258995797,25.76680700176149,25.70937629207492,0.6486146617132296
2008-01-01,Barbados,4.7,6.75,1.0744363591246704,79.95,149474264.0,2496.0,4790410400.0,2.0,0.4615,,,,,,,-78.0,0.0,,25.22585180549214,25.15099148680196,25.11379388378515,0.6313830067245945
2008-02-01,Barbados,4.8,7.0,1.0453379832397551,44.97,149474264.0,2496.0,4790410400.0,2.0,0.9248,,,,,,,-78.0,0.0,,24.83156764589512,24.761733667050294,24.71349899467384,0.5822093368182915
2008-03-01,Barbados,5.0,7.24,0.9233778572805744,28.96,149474264.0,2496.0,4790410400.0,2.0,0.1996,,,,,,,-78.0,0.0,,24.884659703572595,24.813809257359708,24.750090966173445,0.4830305691925661
2008-04-01,Barbados,7.5,10.98,1.1276692417043632,64.01,149474264.0,2496.0,4790410400.0,2.0,0.0044,,,,,,,-78.0,0.0,,25.445523918999584,25.398897032914817,25.343285963270432,0.4845355766696575
2008-05-01,Barbados,8.5,12.4,0.4514667952832408,27.44,149474264.0,2496.0,4790410400.0,2.0,-1.8075,,,,,,,-78.0,0.0,,26.418902251541,26.37694206242708,26.32541214317405,0.4437009530957253
2008-06-01,Barbados,8.9,13.04,1.078343078939148,115.52,149474264.0,2496.0,4790410400.0,2.0,0.3851,,,,,,,-78.0,0.0,,26.65666067335343,26.614804892519487,26.56215655008953,0.5446730500153814
2008-07-01,Barbados,10.2,14.96,1.1246430040177815,144.43,149474264.0,2496.0,4790410400.0,2.0,0.1644,,,,,,,-78.0,0.0,,26.62769078490556,26.56401944612492,26.503344451740247,0.6208579798395589
2008-08-01,Barbados,10.9,15.95,0.8008324599473549,118.33,149474264.0,2496.0,4790410400.0,2.0,-0.7741,,,,,,,-78.0,0.0,,26.998941511748967,26.940882390672243,26.87704183516968,0.5977063307074583
2008-09-01,Barbados,11.2,16.47,1.4269120871458767,224.67,149474264.0,2496.0,4790410400.0,2.0,0.9447,,,,,,,-78.0,0.0,,27.17106503380672,27.10040276145457,27.016985172695627,0.6532293463080847
2008-10-01,Barbados,9.4,13.78,1.37849290485443,269.5,149474264.0,2496.0,4790410400.0,2.0,2.474,,,,,,,-78.0,0.0,,26.897545238207783,26.807390274714862,26.72735559607065,0.6761152029172202
2008-11-01,Barbados,8.6,12.63,1.264066533926787,227.1,149474264.0,2496.0,4790410400.0,2.0,0.1896,,,,,,,-78.0,0.0,,26.557258182101805,26.47337033638217,26.396784549289293,0.6769147089449776
2008-12-01,Barbados,7.3,10.6,1.5479339483606396,162.31,149474264.0,2496.0,4790410400.0,2.0,0.4431,,,,,,,-78.0,0.0,,25.64558858563828,25.568383750720614,25.489918747768627,0.6752067729253541
2009-01-01,Barbados,7.0,10.13,1.5785980422256545,111.6,150873714.0,2500.0,4466809600.0,2.0,1.6597,,,,,,,-94.0,0.0,,25.277174721994754,25.21145014178672,25.153222164031035,0.6257817654391336
2009-02-01,Barbados,7.3,10.6,0.8036604760893182,32.63,150873714.0,2500.0,4466809600.0,2.0,-0.4215,,,,,,,-94.0,0.0,,25.19206267765594,25.12265447787468,25.07726426805772,0.6181872682886216
2009-03-01,Barbados,6.6,9.62,0.9199514755093592,32.5,150873714.0,2500.0,4466809600.0,2.0,-0.808,,,,,,,-94.0,0.0,,25.07413032285632,25.00429005947092,24.95577724825955,0.5261431404615914
2009-04-01,Barbados,3.8,5.46,1.4866730078670851,99.04,150873714.0,2500.0,4466809600.0,2.0,1.1368,,,,,,,-94.0,0.0,,25.80176753997808,25.730528382003456,25.659205691019736,0.4982512099970582
2009-05-01,Barbados,2.2,3.24,1.4289099867423287,88.21,150873714.0,2500.0,4466809600.0,2.0,1.3421,,,,,,,-94.0,0.0,,26.54540423731652,26.490697329949285,26.434236247565195,0.5276627689628448
2009-06-01,Barbados,1.8,2.65,0.8867047495180398,83.84,150873714.0,2500.0,4466809600.0,2.0,-0.3378,,,,,,,-94.0,0.0,,26.817075220743845,26.77004809429667,26.722085528903563,0.5515095175917019
2009-07-01,Barbados,1.4,2.06,1.3774992086080144,176.82,150873714.0,2500.0,4466809600.0,2.0,-0.3414,,,,,,,-94.0,0.0,,26.89035826652281,26.83966918054375,26.78445636380104,0.5917585302592602
2009-08-01,Barbados,2.2,3.21,1.000577652490087,146.07,150873714.0,2500.0,4466809600.0,2.0,-0.7638,,,,,,,-94.0,0.0,,27.13042270291237,27.06953354235759,26.999799593033345,0.6237121633560109
2009-09-01,Barbados,2.0,2.86,1.121335409708318,178.34,150873714.0,2500.0,4466809600.0,2.0,-1.0471,,,,,,,-94.0,0.0,,27.26247399648031,27.20255029954609,27.15525557200118,0.6493542997384021
2009-10-01,Barbados,2.8,4.07,0.427245961328125,75.77,150873714.0,2500.0,4466809600.0,2.0,-1.9742,,,,,,,-94.0,0.0,,27.27729876118326,27.213527690487183,27.153490587460112,0.6666383783535889
2009-11-01,Barbados,2.9,4.19,0.4961893745413282,81.23,150873714.0,2500.0,4466809600.0,2.0,-1.0405,,,,,,,-94.0,0.0,,26.68559337192113,26.624816450640253,26.559890789455835,0.6496449927470807
2009-12-01,Barbados,4.4,6.33,0.3542051347965252,35.71,150873714.0,2500.0,4466809600.0,2.0,-2.2084,,,,,,,-94.0,0.0,,26.52573873458374,26.45162404750204,26.41738229977188,0.6336937916711871
2010-01-01,Barbados,5.0,7.24,0.6499262816819319,43.11,152201981.0,2533.0,5191188500.0,2.0,-1.4434,,,,,,,-92.0,0.0,,26.00214136595372,25.92442851383577,25.87645619710287,0.5764682260665842
2010-02-01,Barbados,0.58,7.54,0.7756778921422923,34.34,152201981.0,2533.0,5191188500.0,2.0,-2.3985,,,,,,,-92.0,0.0,,26.18591440745763,26.11673966685879,26.05871714183263,0.4807895787481486
2010-03-01,Barbados,0.93,9.57,1.0253221856319057,37.81,152201981.0,2533.0,5191188500.0,2.0,-1.0063,,,,,,,-92.0,0.0,,26.84409302332068,26.79431538448921,26.747276827084136,0.3840972215001033
2010-04-01,Barbados,0.85,11.39,1.4368346228000917,87.0,152201981.0,2533.0,5191188500.0,2.0,1.1309,,,,,,,-92.0,0.0,,26.81740158928767,26.750301942347,26.68001009623213,0.4597771291370194
2010-05-01,Barbados,0.28,11.72,1.6476302747398697,107.43,152201981.0,2533.0,5191188500.0,2.0,1.3796,,,,,,,-92.0,0.0,,27.49320170494821,27.43959692770449,27.39024261556648,0.5220035483754766
2010-06-01,Barbados,0.28,10.85,1.89157979052112,189.56,152201981.0,2533.0,5191188500.0,2.0,1.7291,,,,,,,-92.0,0.0,,27.46478627522788,27.40593069262502,27.351977030436217,0.5960656850773032
2010-07-01,Barbados,-0.14,8.63,1.7332979490197502,243.14,152201981.0,2533.0,5191188500.0,2.0,2.3993,,,,,,,-92.0,0.0,,27.2445112741122,27.169381734130525,27.10231642364176,0.6309297768596359
2010-08-01,Barbados,0.56,6.21,1.103014671234724,164.75,152201981.0,2533.0,5191188500.0,2.0,1.1326,,,,,,,-92.0,0.0,,27.38618699760849,27.28010096259624,27.19977644233296,0.6651263900737714
2010-09-01,Barbados,0.49,5.95,1.7248612941002326,271.54,152201981.0,2533.0,5191188500.0,2.0,1.8192,,,,,,,-92.0,0.0,,27.229268794589583,27.1376416368762,27.057372093200684,0.6672219023948615
2010-10-01,Barbados,0.0,5.95,1.385537953578308,260.61,152201981.0,2533.0,5191188500.0,2.0,0.6348,,,,,,,-92.0,2500.0,,27.31503963265368,27.23595409381562,27.146343711114696,0.6687092333587521
2010-11-01,Barbados,0.83,7.44,0.5499022333922837,93.92,152201981.0,2533.0,5191188500.0,2.0,0.1277,,,,,,,-92.0,0.0,,26.623309728834386,26.512341775370714,26.42376817067469,0.6150853351372834
2010-12-01,Barbados,1.37,9.46,1.0669841604273698,103.61,152201981.0,2533.0,5191188500.0,2.0,-0.3584,,,,,,,-92.0,0.0,,26.17240010333319,26.099677038437846,26.01611860131709,0.6417082642908085
2011-01-01,Barbados,0.95,10.49,0.94607887402061,63.1,153591076.0,2546.0,5342183800.0,2.0,1.161,9919.5,0.0,0.0,18405.0,252.0,0.0,-115.0,0.0,,25.634591551749963,25.57172834874467,25.500665980513418,0.6585144200732005
2011-02-01,Barbados,1.68,12.24,1.1455232541007077,44.6,153591076.0,2546.0,5342183800.0,2.0,0.1438,1381435.0,0.0,734958.0,0.0,1472193.5,0.0,-115.0,0.0,,25.259630820864743,25.203894658627178,25.148599152337965,0.6396969681310702
2011-03-01,Barbados,0.53,11.59,1.1888425183065234,40.35,153591076.0,2546.0,5342183800.0,2.0,1.5361,1327799.5,0.0,568613.5,0.0,1279688.5,0.0,-115.0,0.0,,25.38785420489569,25.318179204750265,25.25536722572906,0.5621861877973089
2011-04-01,Barbados,0.92,11.7,2.5624171687994663,147.88,153591076.0,2546.0,5342183800.0,2.0,2.2667,1080407.0,0.0,817489.5,0.0,1790095.5,0.0,-115.0,0.0,,25.90833367241754,25.8439491914246,25.79273308648004,0.5484086897007883
2011-05-01,Barbados,1.24,13.23,2.101425703321093,124.64,153591076.0,2546.0,5342183800.0,2.0,1.0123,1300971.0,0.0,770802.5,0.0,1697673.5,0.0,-115.0,0.0,,27.07710230017221,27.012485303166383,26.94243905672465,0.5847843609197363
2011-06-01,Barbados,0.51,13.61,0.9867134909581728,98.12,153591076.0,2546.0,5342183800.0,2.0,0.0931,0.0,875.0,1167681.5,0.0,1209762.0,0.0,-115.0,0.0,,27.29640276167129,27.24376667864772,27.198486095004625,0.5778425248000342
2011-07-01,Barbados,0.83,15.2,1.9607603250499464,254.58,153591076.0,2546.0,5342183800.0,2.0,1.6104,1268564.0,0.0,146.5,0.0,1131.0,0.0,-115.0,0.0,,26.687118538477137,26.59432301600839,26.517963212536245,0.6320449867706408
2011-08-01,Barbados,0.76,15.53,1.1310502468754962,160.04,153591076.0,2546.0,5342183800.0,2.0,1.2038,6906.5,0.0,1413767.0,0.0,1366984.5,0.0,-115.0,0.0,,26.992038673482966,26.875921962386258,26.78666127932973,0.639483774858149
2011-09-01,Barbados,0.31,15.25,1.509519697230527,239.27,153591076.0,2546.0,5342183800.0,2.0,1.3913,1499598.5,0.0,1055281.5,,276.5,0.0,-115.0,0.0,,27.25961081186932,27.14622005799021,27.048762830098497,0.654586488261566
2011-10-01,Barbados,0.75,16.5,0.8572878621517036,160.14,153591076.0,2546.0,5342183800.0,2.0,-0.3376,4339.5,0.0,882007.5,,1795284.5,,-115.0,0.0,,26.81174701567619,26.713662178160007,26.636994831536413,0.663099987080938
2011-11-01,Barbados,0.62,16.15,1.5811380234613597,255.43,153591076.0,2546.0,5342183800.0,2.0,0.903,1539261.5,,1099300.0,,2291817.5,,-115.0,0.0,,26.223489676581494,26.13175583602515,26.03466589185928,0.6498671674989466
2011-12-01,Barbados,0.06,14.0,1.300903467039031,128.05,153591076.0,2546.0,5342183800.0,2.0,1.2921,1410574.0,,117.0,,1310209.0,,-115.0,0.0,,25.9991154701479,25.912445764997813,25.81090142444901,0.6917116310932636
2012-01-01,Barbados,0.5,13.26,0.828038413028382,60.1,155070101.0,2557.0,5271257500.0,2.0,-0.481,1240545.5,,1146577.0,0.0,1268710.0,0.0,-106.0,0.0,,25.258659637615267,25.21579636973229,25.13667070532358,0.6690729270942968
2012-02-01,Barbados,-0.18,10.3,1.6563126373337953,73.18,155070101.0,2557.0,5271257500.0,2.0,1.1945,,1200.0,1063007.0,0.0,105.5,0.0,-106.0,0.0,,25.05512982072503,25.013705646826622,24.94626835790177,0.6214248755999058
2012-03-01,Barbados,0.86,10.83,1.2065119851896609,44.55,155070101.0,2557.0,5271257500.0,2.0,1.0002,5396.0,,903432.5,0.0,1238648.0,0.0,-106.0,0.0,,25.442559855471416,25.38881605268557,25.321164211150176,0.5010376758263149
2012-04-01,Barbados,-0.55,8.52,1.1767081183384276,70.99,155070101.0,2557.0,5271257500.0,2.0,1.7531,1203266.5,0.0,959792.0,0.0,1386659.0,0.0,-106.0,0.0,,25.97915219200985,25.935285709588243,25.88069299062096,0.4854723593866429
2012-05-01,Barbados,0.55,7.47,2.906735696869195,187.67,155070101.0,2557.0,5271257500.0,2.0,2.3007,0.0,1125.0,963579.0,0.0,1513295.0,0.0,-106.0,0.0,,26.307712111934563,26.250795596108446,26.17177566200177,0.5681134555930509
2012-06-01,Barbados,-0.24,6.3,0.9996329715413582,107.52,155070101.0,2557.0,5271257500.0,2.0,0.6756,1799.5,0.0,1019627.5,0.0,141.5,0.0,-106.0,0.0,,26.937994978162976,26.901707026739416,26.86734339396162,0.5812852773437999
2012-07-01,Barbados,-0.67,4.03,0.7279961227110516,98.36,155070101.0,2557.0,5271257500.0,2.0,-0.9101,0.0,1125.0,1578861.0,0.0,2274270.0,0.0,-106.0,0.0,,26.764247799945167,26.720289106428936,26.680452437041936,0.5754660886922753
2012-08-01,Barbados,0.37,3.45,1.6241843255009831,260.84,155070101.0,2557.0,5271257500.0,2.0,1.3179,1296796.0,0.0,130.0,0.0,407.0,0.0,-106.0,0.0,,26.566759650937968,26.489876044301923,26.41755297671085,0.6641597016206497
2012-09-01,Barbados,1.11,4.63,0.5967773065101409,97.5,155070101.0,2557.0,5271257500.0,2.0,-1.1926,1389346.0,0.0,0.0,15386.0,1729647.5,0.0,-106.0,0.0,,27.35648521847196,27.292518510887646,27.228946155971983,0.6572828424914845
2012-10-01,Barbados,0.43,4.14,0.8273900952799511,158.01,155070101.0,2557.0,5271257500.0,2.0,-1.0044,1418874.0,0.0,94.5,0.0,2303765.5,0.0,-106.0,0.0,,27.15112198860419,27.079337391560387,27.007488546063826,0.6541514319109589
2012-11-01,Barbados,0.24,3.57,0.5396195000355603,87.71,155070101.0,2557.0,5271257500.0,2.0,-2.1603,9522.5,0.0,1339450.0,0.0,68.0,0.0,-106.0,0.0,,27.077764595879444,27.00527389482346,26.945936796400304,0.6479623195904864
2012-12-01,Barbados,0.0,3.48,1.7481234813891569,185.51,155070101.0,2557.0,5271257500.0,2.0,0.9317,0.0,1200.0,71.0,0.0,2121575.0,0.0,-106.0,0.0,,26.2808024785852,26.211867880685706,26.167962256810995,0.6318605546660397
2013-01-01,Barbados,-0.73,1.68,0.8391133077424031,59.97,156532141.0,2567.0,5361158350.0,2.0,-0.0446,1731262.0,0.0,1095178.0,0.0,1865032.0,0.0,-114.0,0.0,,25.591361474478163,25.5172520027769,25.46886588476042,0.6650733094490339
2013-02-01,Barbados,0.91,3.29,0.7914840804542449,35.32,156532141.0,2567.0,5361158350.0,2.0,-1.1135,22.5,0.0,1062226.0,0.0,452.5,0.0,-114.0,0.0,,25.435141295478505,25.36738709386333,25.31137943721956,0.5845990792630908
2013-03-01,Barbados,-0.48,1.32,0.8803198946046707,32.13,156532141.0,2567.0,5361158350.0,2.0,-1.4026,0.0,1200.0,59.0,0.0,2099364.0,0.0,-114.0,0.0,,26.0489323810865,25.99065769211888,25.94078333454752,0.4805185216775784
2013-04-01,Barbados,0.3,2.57,1.7549249125205957,104.01,156532141.0,2567.0,5361158350.0,2.0,1.2814,955600.5,0.0,854635.0,0.0,212.5,0.0,-114.0,0.0,,26.026989852057568,25.96972273310041,25.89524072011312,0.4994564648594765
2013-05-01,Barbados,0.42,2.38,1.6412609878890636,92.57,156532141.0,2567.0,5361158350.0,2.0,0.9516,1773420.0,0.0,0.0,19911.5,1968362.0,0.0,-114.0,0.0,,26.49942843939669,26.443699254553053,26.37643406775692,0.6018361059255697
2013-06-01,Barbados,-0.06,2.65,0.8979773091545997,91.57,156532141.0,2567.0,5361158350.0,2.0,0.3542,20243.5,0.0,1239144.0,0.0,1973178.5,0.0,-114.0,0.0,,26.486306889851903,26.4381368536906,26.383651182386643,0.6140137741598548
2013-07-01,Barbados,0.0,3.65,0.4968327777367725,67.22,156532141.0,2567.0,5361158350.0,2.0,-1.4163,0.0,1200.0,83.0,0.0,13.5,0.0,-114.0,0.0,,26.828410474715724,26.77436731888315,26.730300070649832,0.5859669827846623
2013-08-01,Barbados,0.66,4.08,1.2561147750914703,198.33,156532141.0,2567.0,5361158350.0,2.0,1.3676,11625.0,0.0,1476495.0,0.0,1784781.0,0.0,-114.0,0.0,,26.865735380111232,26.80270992005029,26.74233410742977,0.6387814053239433
2013-09-01,Barbados,0.36,2.98,0.699394218755268,106.23,156532141.0,2567.0,5361158350.0,2.0,-1.5733,0.0,1500.0,1389277.5,0.0,2115642.5,0.0,-114.0,0.0,,27.21231577131488,27.14447800985789,27.06884246402319,0.6606520573867783
2013-10-01,Barbados,0.12,2.53,1.098519780618509,205.18,156532141.0,2567.0,5361158350.0,2.0,0.2793,1713321.5,0.0,0.0,36620.0,2197872.0,0.0,-114.0,0.0,,26.82519347488244,26.75874573953763,26.69831122941872,0.6455048081659461
2013-11-01,Barbados,0.24,2.52,0.5767172387214387,94.01,156532141.0,2567.0,5361158350.0,2.0,-0.9213,17174.0,0.0,1457499.0,0.0,515.0,0.0,-114.0,0.0,,26.461665619744224,26.391162376527973,26.3229693306817,0.6825007049175624
2013-12-01,Barbados,-0.54,2.87,1.6960669614059525,167.15,156532141.0,2567.0,5361158350.0,2.0,0.5503,1941549.5,0.0,94.5,0.0,2180162.0,0.0,-114.0,0.0,,25.916922997915663,25.84185883195812,25.789318831248977,0.6619450145341731
2014-01-01,Barbados,-0.56,2.64,0.9149625179521702,65.4,157964929.0,2583.0,5365976700.0,2.0,0.3476,0.0,1500.0,989267.0,0.0,56.0,0.0,-99.0,0.0,,25.18047222834764,25.110484179538616,25.066274794711887,0.6320126628788052
2014-02-01,Barbados,0.46,1.33,0.8795678326713863,37.43,157964929.0,2583.0,5365976700.0,2.0,0.109,38116.0,0.0,923222.0,0.0,2491145.0,0.0,-99.0,0.0,,25.0087719690232,24.938444244097468,24.8863034747896,0.5731116300897321
2014-03-01,Barbados,-0.17,1.25,0.8194414799442544,28.56,157964929.0,2583.0,5365976700.0,2.0,-0.8792,1849328.5,0.0,1111644.5,0.0,364.0,0.0,-99.0,0.0,,25.14635062268985,25.084853625630387,25.038920872185827,0.5422193564738111
2014-04-01,Barbados,0.59,1.0,1.1936416044985636,73.35,157964929.0,2583.0,5365976700.0,2.0,-0.7733,8263.5,0.0,610.0,0.0,1654944.0,0.0,-99.0,0.0,,25.82650930616592,25.776796044074445,25.72289873758956,0.4259493287697562
2014-05-01,Barbados,0.34,1.73,0.7071217835940984,37.44,157964929.0,2583.0,5365976700.0,2.0,-1.7768,0.0,1125.0,977618.5,0.0,9.0,0.0,-99.0,0.0,,26.480631867275463,26.42521130571231,26.35516458736953,0.3710469358947752
2014-06-01,Barbados,0.33,2.81,0.6688650236897158,74.35,157964929.0,2583.0,5365976700.0,2.0,-1.3178,1483096.5,0.0,1101418.0,0.0,1432606.0,0.0,-99.0,0.0,,26.697614055209726,26.66707594601036,26.611890856424964,0.3762610235585409
2014-07-01,Barbados,0.38,3.44,1.5326497478593253,216.98,157964929.0,2583.0,5365976700.0,2.0,-1.0796,10560.0,0.0,36.5,0.0,269.0,0.0,-99.0,0.0,,26.64137900567829,26.60017253690632,26.5451009688839,0.5165616416740464
2014-08-01,Barbados,0.92,2.9,1.1683575530175352,189.36,157964929.0,2583.0,5365976700.0,2.0,-0.3385,1180709.0,0.0,1024005.5,0.0,2304430.0,0.0,-99.0,0.0,,26.586756499095657,26.516618301862195,26.431215294458585,0.5964118185509174
2014-09-01,Barbados,-0.56,1.24,0.8704355200847184,138.59,157964929.0,2583.0,5365976700.0,2.0,-0.8655,0.0,1125.0,631744.0,0.0,228.5,0.0,-99.0,0.0,,26.912521489461312,26.854070196364773,26.792168299357115,0.6262175527070903
2014-10-01,Barbados,0.63,2.57,1.1120540951719533,202.47,157964929.0,2583.0,5365976700.0,2.0,-0.1214,37276.0,0.0,1177330.5,0.0,333.0,0.0,-99.0,0.0,,27.101344578240514,27.02385718995316,26.96672596264915,0.6994722686428905
2014-11-01,Barbados,0.35,2.96,1.595168596489295,275.05,157964929.0,2583.0,5365976700.0,2.0,1.4533,0.0,425.0,968782.0,0.0,1449196.0,0.0,-99.0,0.0,,26.425689654880102,26.364264422666565,26.288460922241256,0.6833930832451827
2014-12-01,Barbados,-0.34,4.45,0.90765951442544,91.12,157964929.0,2583.0,5365976700.0,2.0,1.668,20293.5,0.0,682340.5,0.0,2033124.0,0.0,-99.0,0.0,,26.087897503760587,26.014081030172008,25.960435096166464,0.6519541444950139
2015-01-01,Barbados,-1.61,5.63,0.8300512530091201,55.13,159383179.0,2598.0,5288057750.0,2.0,-0.0838,1485567.0,0.0,1039693.5,0.0,594.5,0.0,-119.0,0.0,,25.43790715535482,25.37147050793669,25.329301329581995,0.6229761122421316
2015-02-01,Barbados,-1.46,2.22,0.7972317381771933,35.77,159383179.0,2598.0,5288057750.0,2.0,-0.3209,1088662.5,0.0,647996.5,0.0,1596939.0,0.0,-119.0,0.0,,25.44485980442596,25.38493558012777,25.352350852603024,0.5783493437277731
2015-03-01,Barbados,-0.8,3.01,1.5295420746303916,53.58,159383179.0,2598.0,5288057750.0,2.0,2.0061,1241486.0,0.0,7.5,0.0,1863693.0,0.0,-119.0,0.0,,25.095303759010903,25.02949971765878,24.972999806557937,0.5356326880387869
2015-04-01,Barbados,0.71,1.94,0.668301204382579,39.94,159383179.0,2598.0,5288057750.0,2.0,-0.0094,0.0,480.0,880471.0,0.0,328.0,0.0,-119.0,0.0,,25.75558414459232,25.70971044263013,25.662534014384,0.486215275843763
2015-05-01,Barbados,0.6,1.13,0.3546235793914387,22.16,159383179.0,2598.0,5288057750.0,2.0,-2.2538,20774.0,0.0,0.0,97.0,367.0,0.0,-119.0,0.0,,26.35676967251686,26.307625066210107,26.250586876817977,0.3954912573701692
2015-06-01,Barbados,0.81,0.71,0.5888992361096146,65.35,159383179.0,2598.0,5288057750.0,2.0,-1.6058,1396822.0,0.0,694938.5,0.0,2415433.0,0.0,-119.0,0.0,,26.505034616258456,26.476733021567554,26.424131838480665,0.4025819810497845
2015-07-01,Barbados,0.07,1.19,0.4766963124857493,55.55,159383179.0,2598.0,5288057750.0,2.0,-1.3638,0.0,454.0,0.0,7.5,26.0,0.0,-119.0,0.0,,26.52086215685773,26.49252272362668,26.447900862334905,0.5140807403959569
2015-08-01,Barbados,0.12,1.92,0.6132479282297264,89.86,159383179.0,2598.0,5288057750.0,2.0,-2.3449,12491.5,0.0,0.0,10.0,1438484.5,0.0,-119.0,0.0,,27.01403140816637,26.96288993338095,26.91205675678873,0.5415752099394264
2015-09-01,Barbados,0.08,4.5,0.6436649114595684,86.5,159383179.0,2598.0,5288057750.0,2.0,-2.0197,1304325.5,0.0,785122.0,0.0,1984587.5,0.0,-119.0,0.0,,27.5792273203532,27.514547587774416,27.477211803860143,0.622375806349357
2015-10-01,Barbados,-0.59,4.72,0.6748002644431866,126.87,159383179.0,2598.0,5288057750.0,2.0,-1.7275,0.0,1125.0,865778.5,0.0,498.5,0.0,-119.0,0.0,,27.683630428519336,27.619476383912115,27.5796921514696,0.6623108276765072
2015-11-01,Barbados,-0.19,4.23,0.9676732591406848,168.2,159383179.0,2598.0,5288057750.0,2.0,0.4637,22680.0,0.0,580632.0,0.0,1375545.5,0.0,-119.0,0.0,,26.762346500820627,26.70319297201877,26.63287058936225,0.6494074462925856
2015-12-01,Barbados,-0.23,2.49,0.9517632463064758,98.4,159383179.0,2598.0,5288057750.0,2.0,-0.6724,1218217.5,0.0,49.5,0.0,137.0,0.0,-119.0,0.0,,26.29780200014835,26.238393063821945,26.18738218328008,0.6465546047412422
2016-01-01,Barbados,-0.66,0.51,0.9613217983461848,68.6,160811932.0,2615.0,5330761500.0,2.0,-0.2159,8457.5,0.0,924018.0,0.0,1650669.0,0.0,-188.0,0.0,,25.399446721230788,25.33003618841076,25.2760822009015,0.6198428183381863
2016-02-01,Barbados,-0.72,4.83,0.7235832110759229,32.24,160811932.0,2615.0,5330761500.0,2.0,-0.94,0.0,1500.0,749455.5,0.0,469.0,0.0,-188.0,0.0,,25.565581104673186,25.50252430845461,25.44781271835853,0.4883356671141422
2016-03-01,Barbados,0.0,5.67,1.3968803556367864,48.33,160811932.0,2615.0,5330761500.0,2.0,2.0103,1237802.5,0.0,28.0,0.0,1612163.0,0.0,-188.0,0.0,,25.776777706351368,25.71479438555724,25.646716382426632,0.4795846584111909
2016-04-01,Barbados,0.55,6.2,0.5848633653061908,33.82,160811932.0,2615.0,5330761500.0,2.0,-1.4868,23737.0,0.0,793736.0,0.0,2081160.5,0.0,-188.0,0.0,,26.68881297641332,26.63220569093056,26.58172476026749,0.443994568580861
2016-05-01,Barbados,2.35,10.17,1.124467723885546,65.79,160811932.0,2615.0,5330761500.0,2.0,0.6226,1030767.5,0.0,449.0,0.0,915.0,0.0,-188.0,0.0,,27.06962518589472,27.03080325055845,26.965111997050656,0.4239569717501088
2016-06-01,Barbados,0.06,9.35,1.2125024686264787,119.7,160811932.0,2615.0,5330761500.0,2.0,0.6052,14335.0,0.0,809603.5,0.0,2043240.0,0.0,-188.0,0.0,,26.92878971099856,26.88472335040524,26.82285438113746,0.5594012895963518
2016-07-01,Barbados,1.83,11.35,0.7736330736836945,86.07,160811932.0,2615.0,5330761500.0,2.0,0.305,0.0,800.0,806885.0,0.0,510.0,0.0,-188.0,0.0,,26.960347768311863,26.91378097911587,26.856125973117003,0.6305220560578144
2016-08-01,Barbados,-0.29,10.73,0.5781298133288505,78.12,160811932.0,2615.0,5330761500.0,2.0,-1.6335,24602.0,0.0,0.0,905.0,1541558.5,0.0,-188.0,0.0,,27.411729103006337,27.357011778860624,27.2960852017967,0.6302116176709198
2016-09-01,Barbados,0.29,9.83,1.1946246739498567,202.83,160811932.0,2615.0,5330761500.0,2.0,1.3741,0.0,6390.0,888048.5,0.0,2120354.5,0.0,-188.0,0.0,,27.469930797153097,27.404770094178275,27.35311222076416,0.665006313020692
2016-10-01,Barbados,-0.98,9.16,0.6696536563783435,134.28,160811932.0,2615.0,5330761500.0,2.0,-1.2179,1075667.5,0.0,1036425.5,0.0,230.0,0.0,-188.0,0.0,,27.28966685059254,27.224005442203804,27.14325860546484,0.6599601115545848
2016-11-01,Barbados,1.17,10.47,1.791133275640628,298.26,160811932.0,2615.0,5330761500.0,2.0,0.7643,0.0,750.0,756301.5,0.0,2002600.0,0.0,-188.0,0.0,,26.96531064775257,26.888289630058523,26.80244714948867,0.6723981721431669
2016-12-01,Barbados,-0.35,10.32,1.818312458886548,184.85,160811932.0,2615.0,5330761500.0,2.0,0.6873,1109733.0,0.0,199.0,0.0,135.0,0.0,-188.0,0.0,,26.364118133052727,26.29094578341113,26.209293599282542,0.6971736287629848
2017-01-01,Barbados,0.93,13.25,0.7656454098431067,58.1,162186147.0,2641.0,5517340450.0,2.0,-1.2167,0.0,2.0,712594.0,0.0,1336079.5,0.0,-248.0,0.0,,25.42346852620443,25.34425070127031,25.285374188166827,0.6692763903574959
2017-02-01,Barbados,-0.4,9.8,0.8189151455996189,36.98,162186147.0,2641.0,5517340450.0,2.0,-1.3753,13014.0,0.0,7.5,0.0,180.5,0.0,-248.0,0.0,,25.39830069768999,25.33546958070952,25.303097479684027,0.6140873696925355
2017-03-01,Barbados,-0.35,6.23,1.144306140413965,40.03,162186147.0,2641.0,5517340450.0,2.0,0.8565,996504.0,0.0,957977.5,0.0,1433463.0,0.0,-248.0,0.0,,25.53158849080404,25.47087413637695,25.41208821778656,0.5473312585010999
2017-04-01,Barbados,-0.52,4.77,0.7489770386674899,42.96,162186147.0,2641.0,5517340450.0,2.0,-0.3343,0.0,750.0,22.0,0.0,326.0,0.0,-248.0,0.0,,26.55900647905139,26.514024701282835,26.46306192610001,0.4978968230294092
2017-05-01,Barbados,0.87,2.87,0.8401439237997881,51.0,162186147.0,2641.0,5517340450.0,2.0,0.3034,1101148.5,0.0,818066.0,0.0,2274262.5,0.0,-248.0,0.0,,26.86234532428045,26.816834397932663,26.751718119139355,0.4753231615182363
2017-06-01,Barbados,0.46,4.56,1.3259988770019195,140.79,162186147.0,2641.0,5517340450.0,2.0,1.2679,3548.5,0.0,102.5,0.0,1252.0,0.0,-248.0,0.0,,26.93784618377685,26.88693100499904,26.82320859697132,0.5864527135217811
2017-07-01,Barbados,1.26,3.43,0.5033122191579561,66.0,162186147.0,2641.0,5517340450.0,2.0,-1.6286,0.0,750.0,468658.0,0.0,1489675.0,0.0,-248.0,0.0,,26.84897772266021,26.77197084498568,26.69033356943441,0.6446139332457901
2017-08-01,Barbados,1.64,5.3,1.214075071625834,189.93,162186147.0,2641.0,5517340450.0,2.0,1.1877,2350.0,0.0,71.0,0.0,2075218.5,0.0,-248.0,0.0,,27.13688449244347,27.051078520002363,26.967776419526786,0.6536735111695748
2017-09-01,Barbados,1.0,6.02,1.11616582790951,181.92,162186147.0,2641.0,5517340450.0,2.0,1.679,918178.0,0.0,958762.5,0.0,221.5,0.0,-248.0,0.0,,27.23077740139433,27.14467215630441,27.07052620781792,0.6596232506754462
2017-10-01,Barbados,1.49,6.14,1.0801193883483575,211.35,162186147.0,2641.0,5517340450.0,2.0,0.9298,19394.0,0.0,805275.0,0.0,2001289.0,0.0,-248.0,0.0,,26.825680587112288,26.72484177007908,26.639403915405296,0.6595923401727963
2017-11-01,Barbados,0.54,6.09,0.4865974715920408,85.34,162186147.0,2641.0,5517340450.0,2.0,-0.9032,0.0,750.0,578218.0,0.0,262.0,0.0,-248.0,0.0,,26.62944081624352,26.52946737588269,26.432780117458776,0.6811407149697286
2017-12-01,Barbados,0.05,6.62,1.6632356070230432,162.11,162186147.0,2641.0,5517340450.0,2.0,1.7166,878563.5,0.0,490175.0,0.0,1974715.5,0.0,-248.0,0.0,,26.09610806536932,26.03632106290263,25.96522768902525,0.6892113696195606
2018-01-01,Barbados,-0.86,3.96,1.253195110534409,93.54,163523103.0,2655.0,5629916200.0,2.0,1.379,969818.5,0.0,453374.0,0.0,246.0,0.0,-287.0,0.0,,25.42399561071909,25.37142589073101,25.31798082577285,0.6496641103612759
2018-02-01,Barbados,0.65,6.17,1.4990831807126068,65.45,163523103.0,2655.0,5629916200.0,2.0,1.5455,4871.5,0.0,639.0,0.0,1896276.5,0.0,-287.0,0.0,,24.81046622594198,24.750694150279458,24.697405865078903,0.6572493649999434
2018-03-01,Barbados,-0.54,6.51,1.120189319778408,43.3,163523103.0,2655.0,5629916200.0,2.0,-0.3448,0.0,776.0,753370.5,0.0,5933.5,0.0,-287.0,0.0,,25.6479666802191,25.581666856138213,25.52659466240999,0.547699437242307
2018-04-01,Barbados,-1.09,6.48,0.8127260483631894,50.25,163523103.0,2655.0,5629916200.0,2.0,0.7321,1145678.0,0.0,725892.5,0.0,1983960.5,0.0,-287.0,0.0,,25.90870295630566,25.85530520799091,25.79269818200009,0.5462459940374962
2018-05-01,Barbados,0.39,4.34,0.5938950056569428,40.03,163523103.0,2655.0,5629916200.0,2.0,-0.3189,4355.5,0.0,1005532.5,0.0,1223248.5,0.0,-287.0,0.0,,26.27981879941882,26.23362316213894,26.167981391824696,0.4852527077239519
2018-06-01,Barbados,0.82,1.72,0.7505904965068183,75.51,163523103.0,2655.0,5629916200.0,2.0,-1.2157,0.0,3.0,95.5,0.0,596.0,0.0,-287.0,0.0,,26.46870297325984,26.426884678613305,26.37227285173208,0.4693684462687474
2018-07-01,Barbados,0.71,0.45,0.4758440897204361,58.3,163523103.0,2655.0,5629916200.0,2.0,-1.7936,935138.0,0.0,531517.0,0.0,1714049.0,0.0,-287.0,0.0,,26.54312165373119,26.500429241989423,26.45191544153357,0.5102152619140845
2018-08-01,Barbados,-1.6,-1.36,0.767427846572249,129.4,163523103.0,2655.0,5629916200.0,2.0,0.7337,0.0,750.0,549495.0,,556.0,0.0,-287.0,0.0,,26.687972702518607,26.63829880501368,26.59403369042184,0.5822053948411503
2018-09-01,Barbados,-0.1,-2.42,0.893546876663797,150.15,163523103.0,2655.0,5629916200.0,2.0,1.4272,13441.5,0.0,777.0,0.0,964771.5,0.0,-287.0,0.0,,27.14388915167916,27.09327379015884,27.04385117424863,0.6491237751233704
2018-10-01,Barbados,0.1,-2.16,0.83225407530671,152.2,163523103.0,2655.0,5629916200.0,2.0,-0.437,1245884.5,0.0,904820.5,0.0,1199776.0,0.0,-287.0,0.0,,26.767286042244223,26.681423707341025,26.591935319797983,0.6822816489752447
2018-11-01,Barbados,0.81,-2.17,0.7892064126879031,125.2,163523103.0,2655.0,5629916200.0,2.0,-0.5321,793994.0,0.0,177.5,0.0,1371714.5,0.0,-287.0,0.0,,26.466826947530137,26.383091661707454,26.28503712548149,0.6575881959182777
2018-12-01,Barbados,-0.2,-1.14,0.5350576470300652,53.16,163523103.0,2655.0,5629916200.0,2.0,-1.4791,0.0,1125.0,713190.5,0.0,1834089.5,0.0,-287.0,0.0,,25.69393023419127,25.62247941799677,25.53912145142914,0.6680778375282892
2019-01-01,Barbados,-0.3,-0.73,0.4373946506342102,30.67,164913055.0,2677.0,5788288000.0,2.0,-1.9412,3538.0,0.0,119.0,0.0,1001146.5,0.0,-349.0,0.0,,25.056996569069497,24.98639792226077,24.917390134257687,0.6080793426680111
2019-02-01,Barbados,0.61,0.48,0.5453689327792864,24.05,164913055.0,2677.0,5788288000.0,2.0,-1.8156,826629.5,0.0,862737.5,0.0,1398198.5,0.0,-349.0,0.0,,25.18027594430106,25.114102178221287,25.045356278192457,0.5170657862939226
2019-03-01,Barbados,0.3,2.62,0.9249138665421612,32.14,164913055.0,2677.0,5788288000.0,2.0,-0.3859,1862.0,0.0,569066.5,0.0,936.0,0.0,-349.0,0.0,,25.348490056683943,25.29046748871229,25.222925645561645,0.4620760516707108
2019-04-01,Barbados,0.1,2.76,0.9257019869632988,57.77,164913055.0,2677.0,5788288000.0,2.0,0.4459,4121.0,0.0,130.5,0.0,2350349.5,0.0,-349.0,0.0,,25.77385141584608,25.72313877373233,25.657062678866964,0.4906472457822886
2019-05-01,Barbados,1.5,2.04,0.5068456410009174,30.23,164913055.0,2677.0,5788288000.0,2.0,-1.0515,0.0,300.0,938948.5,0.0,0.0,327.5,-349.0,0.0,,26.77808735755184,26.72605322776696,26.651845653082773,0.4657127278073982
2019-06-01,Barbados,0.3,3.03,0.8666744479685106,88.64,164913055.0,2677.0,5788288000.0,2.0,-1.3387,1001692.5,0.0,30.5,0.0,7863.0,0.0,-349.0,0.0,,27.202956835428893,27.150661126119928,27.07921551598446,0.4806480078548559
2019-07-01,Barbados,0.1,4.11,0.7565741486832395,95.84,164913055.0,2677.0,5788288000.0,2.0,-0.616,877572.5,0.0,1053689.5,0.0,1387756.5,,-349.0,0.0,,26.85898804203157,26.80543792840615,26.73651345365795,0.6067751612188549
2019-08-01,Barbados,-0.49,8.9,0.8155323425127843,128.42,164913055.0,2677.0,5788288000.0,2.0,-1.0224,7372.0,0.0,1790096.0,0.0,228.5,0.0,-349.0,0.0,,26.9454790833176,26.866806265634068,26.79678694202056,0.6646661580927906
2019-09-01,Barbados,-0.4,12.21,0.6796322660055265,104.49,164913055.0,2677.0,5788288000.0,2.0,-1.2773,0.0,750.0,602400.0,0.0,465.0,0.0,-349.0,0.0,,27.53674687279596,27.467829409448484,27.410097567240427,0.6501420032340375
2019-10-01,Barbados,0.4,11.83,0.7177756920667263,136.52,164913055.0,2677.0,5788288000.0,2.0,-0.6468,900390.5,0.0,107.5,0.0,1362869.0,0.0,-349.0,0.0,,27.2160449571507,27.156702925905165,27.102873964207163,0.6364186856121342
2019-11-01,Barbados,0.0,11.99,0.7497770142275698,131.15,164913055.0,2677.0,5788288000.0,2.0,-0.6297,27387.5,0.0,507937.0,0.0,551.0,0.0,-349.0,0.0,,26.815556950039365,26.7459590787982,26.687988048129625,0.6760423455518552
2019-12-01,Barbados,0.4,12.41,0.678173661327132,65.28,164913055.0,2677.0,5788288000.0,2.0,-1.2709,1042729.0,0.0,276054.0,0.0,1970767.5,0.0,-349.0,0.0,,26.62838581864554,26.568558575254546,26.51313044230148,0.6555451686999811
2020-01-01,Barbados,0.2,11.76,0.5573780937686704,37.75,166298024.0,2696.0,5168344450.0,2.0,-1.1852,0.0,750.0,862118.5,0.0,1851.0,0.0,-345.0,0.0,,25.825484130203108,25.75397528765848,25.72027002150014,0.6234204645399557
2020-02-01,Barbados,0.29,4.76,0.9064660429678076,41.9,166298024.0,2696.0,5168344450.0,2.0,-0.0268,1622.5,0.0,1466458.5,0.0,1510844.5,0.0,-345.0,0.0,,25.67199798233208,25.59987113601511,25.55011849238957,0.5773181578673504
2020-03-01,Barbados,-0.2,6.32,0.7448660420723269,26.02,166298024.0,2696.0,5168344450.0,2.0,-0.9811,1038141.5,0.0,1803804.0,0.0,7961.0,0.0,-345.0,0.0,,25.62843651720277,25.563070078424403,25.50507462204144,0.5055725257754787
2020-04-01,Barbados,,9.92,0.5783865810233534,31.42,166298024.0,2696.0,5168344450.0,2.0,-2.5189,0.0,1400.0,26.0,,1863821.0,0.0,-345.0,0.0,,26.39889265696212,26.354101813850093,26.30512909359402,0.4295790654126102
2020-05-01,Barbados,2.96,12.18,0.5328618151619503,30.88,166298024.0,2696.0,5168344450.0,2.0,-1.8118,20139.5,0.0,1737923.0,,293.5,0.0,-345.0,0.0,,27.00239693016136,26.95233375624474,26.89423475778233,0.3982745174530456
2020-06-01,Barbados,-0.5,12.47,1.0707825810053544,114.44,166298024.0,2696.0,5168344450.0,2.0,-0.4941,943930.0,0.0,1775929.0,,2784273.5,0.0,-345.0,0.0,,27.25855695936417,27.21846034194897,27.16385209825308,0.4895809092242323
2020-07-01,Barbados,0.4,10.4,0.7542715631890585,94.9,166298024.0,2696.0,5168344450.0,2.0,-0.5926,0.0,750.0,54.0,,2255.5,0.0,-345.0,0.0,,27.20873876592168,27.15906532983109,27.10281323668778,0.6026432402831325
2020-08-01,Barbados,0.4,7.5,1.3077000399408985,188.93,166298024.0,2696.0,5168344450.0,2.0,0.1577,14598.0,0.0,,53.0,2529993.0,0.0,-345.0,0.0,,27.25864811148699,27.198863066535694,27.134217772945306,0.6678549695514507
2020-09-01,Barbados,0.0,3.41,0.5659860812072885,89.11,166298024.0,2696.0,5168344450.0,2.0,-0.4877,1120794.5,0.0,65.0,,1545.0,0.0,-345.0,0.0,,27.578127182854587,27.50875517510332,27.458983845180967,0.6694116651777962
2020-10-01,Barbados,0.4,4.48,1.5365258843313678,283.31,166298024.0,2696.0,5168344450.0,2.0,2.5349,1069399.5,0.0,1346429.5,,4287154.0,0.0,-345.0,0.0,,27.03728900212116,26.97054845043283,26.88611870222195,0.6504258298717094
2020-11-01,Barbados,-0.3,5.99,0.9163270167969628,151.72,166298024.0,2696.0,5168344450.0,2.0,0.5084,0.0,1010.0,42.0,,2058986.0,0.0,-345.0,0.0,,26.30806458791102,26.21294775078292,26.11660679711236,0.6744452751057743
2020-12-01,Barbados,0.49,3.85,0.5891953197960379,67.8,166298024.0,2696.0,5168344450.0,2.0,-1.0834,23699.5,0.0,1344681.5,,5386.5,0.0,-345.0,0.0,,25.97897673986296,25.906732158153773,25.812073808075297,0.6899347841517136
2021-01-01,Barbados,0.1,4.83,1.44466951957162,102.51,167658854.0,2776.0,5275242050.0,2.0,0.9053,1281260.5,0.0,1089533.5,,2136594.0,0.0,-346.0,0.0,,25.609381776214946,25.531099147285147,25.457872829642383,0.6820695328724838
2021-02-01,Barbados,,7.51,1.0309719789572631,46.48,167658854.0,2776.0,5275242050.0,2.0,0.5784,0.0,765.0,200.0,,1858383.5,0.0,-346.0,0.0,,25.253534366971,25.18322669684068,25.116975470951672,0.6045698392872759
2021-03-01,Barbados,1.13,3.04,1.263502519126888,38.92,167658854.0,2776.0,5275242050.0,2.0,1.1441,1403.0,0.0,71.5,,1243.5,0.0,-346.0,0.0,,25.359786523798505,25.305023226004664,25.250558533207084,0.5443527664403087
2021-04-01,Barbados,0.1,-0.72,1.4915155952548842,87.69,167658854.0,2776.0,5275242050.0,2.0,-0.2902,1197693.0,0.0,423.0,,1891967.0,0.0,-346.0,0.0,,26.12404073079432,26.07526808015024,26.024944051106782,0.4196030995009315
2021-05-01,Barbados,-0.39,-1.16,0.5759289223757715,37.42,167658854.0,2776.0,5275242050.0,2.0,-1.1425,20397.0,0.0,1584342.0,,877.5,0.0,-346.0,0.0,,26.458311663391783,26.41846896066255,26.363209701866253,0.5143749151419648
2021-06-01,Barbados,0.39,0.07,1.1195037105202696,114.65,167658854.0,2776.0,5275242050.0,2.0,0.7869,0.0,1500.0,317.0,,2821359.0,0.0,-346.0,0.0,,26.635459793938537,26.59136532412288,26.53071804046636,0.5205809007359473
2021-07-01,Barbados,0.59,1.21,0.8427600379726169,110.26,167658854.0,2776.0,5275242050.0,2.0,-0.0478,1106665.0,0.0,1182582.0,,2555166.0,0.0,-346.0,3300.0,,26.71311750514536,26.65330183206873,26.5843451387139,0.6367256641185948
2021-08-01,Barbados,0.78,1.57,1.0372481065795172,152.24,167658854.0,2776.0,5275242050.0,2.0,0.3016,1687.0,0.0,1222248.5,,335.0,,-346.0,0.0,,26.93457401234616,26.88483260852348,26.835704934725243,0.6409592617774567
2021-09-01,Barbados,0.19,7.2,0.2316858989662091,42.05,167658854.0,2776.0,5275242050.0,2.0,-1.8,586838.0,0.0,198.5,,2635263.5,,-346.0,0.0,,27.47501485612662,27.4043013644511,27.34741068945993,0.647163422565008
2021-10-01,Barbados,0.19,5.37,0.5991780477303054,118.09,167658854.0,2776.0,5275242050.0,2.0,-0.789,23153.5,0.0,170.0,,2446111.0,,-346.0,0.0,,27.36550448838102,27.298188930518226,27.24586245629098,0.700036664187806
2021-11-01,Barbados,0.19,5.13,0.299248942828883,51.09,167658854.0,2776.0,5275242050.0,2.0,-1.9803,1139530.0,0.0,77.0,,2254867.0,,-346.0,0.0,,26.742162407769115,26.66745204617945,26.62961629231773,0.6260320671443262
2021-12-01,Barbados,0.1,6.34,0.5955465529176356,64.63,167658854.0,2776.0,5275242050.0,2.0,-1.9,20417.5,0.0,1028087.5,,715.0,,-346.0,0.0,,26.31172783964428,26.23927743217905,26.187276499758525,0.6283755464077099
2022-01-01,Barbados,0.1,4.23,0.7933026634253715,56.75,169384897.0,3137.0,6257303500.0,2.0,-1.3283,0.0,750.0,995591.0,,2082400.0,,-457.0,0.0,,25.232074130478736,25.15314698260329,25.09654458158764,0.5919554171282481
2022-02-01,Barbados,0.38,11.83,1.4063526464460503,60.0,169384897.0,3137.0,6257303500.0,2.0,1.2558,1170896.0,0.0,140.5,,189.5,,-457.0,0.0,,25.295786612374457,25.22288957479361,25.15733272007537,0.5530954608837482
2022-03-01,Barbados,0.86,17.33,0.8652702201859049,30.41,169384897.0,3137.0,6257303500.0,2.0,0.2744,21052.5,0.0,811473.0,,2296899.5,,-457.0,0.0,,25.41883623266733,25.358540835479573,25.287092176047736,0.5425466854795957
2022-04-01,Barbados,0.76,20.05,1.2112309703991002,76.46,169384897.0,3137.0,6257303500.0,2.0,1.4376,0.0,750.0,47.5,,2365886.5,,-457.0,0.0,,25.73371550242109,25.669632178768097,25.59833138783773,0.5032202184522616
2022-05-01,Barbados,1.69,18.31,0.6802262294728677,39.51,169384897.0,3137.0,6257303500.0,2.0,-1.2718,807756.5,0.0,135.5,,1270.0,,-457.0,0.0,,26.577334114813084,26.49491882825066,26.393349214779448,0.5022017862084843
2022-06-01,Barbados,0.28,18.62,1.1344280453512807,115.15,169384897.0,3137.0,6257303500.0,2.0,0.4046,785832.0,0.0,801250.5,,2260211.0,,-457.0,0.0,,26.617689281039816,26.553754410346528,26.47543125152589,0.550943254473269
2022-07-01,Barbados,0.55,17.55,0.7783656781667592,102.78,169384897.0,3137.0,6257303500.0,2.0,-0.4814,0.0,1500.0,1248588.0,,1130.0,,-457.0,0.0,,26.716653709001434,26.65092604221104,26.581265919182897,0.614964357189449
2022-08-01,Barbados,-0.55,11.36,0.8917688855875685,128.93,169384897.0,3137.0,6257303500.0,2.0,0.1447,707901.5,0.0,,,2430799.5,,-457.0,0.0,,27.020081435993177,26.945864594570708,26.859683670536185,0.6651731588601455
2022-09-01,Barbados,-0.46,7.83,0.9991681542205648,153.23,169384897.0,3137.0,6257303500.0,2.0,1.0865,2290.5,0.0,,,125.5,,-457.0,0.0,,27.22843757205544,27.146172085759304,27.065970124138744,0.5685873914347871
2022-10-01,Barbados,-0.19,13.14,1.2949725920370636,225.89,169384897.0,3137.0,6257303500.0,2.0,0.4592,1228201.0,0.0,,,2036738.0,,-457.0,0.0,,27.018527316021675,26.950572671318525,26.866503836518973,0.5821107554233058
2022-11-01,Barbados,0.46,18.28,0.8582185638023335,158.5,169384897.0,3137.0,6257303500.0,2.0,0.3747,0.0,750.0,,,1890361.0,,-457.0,0.0,,26.222105195787265,26.134360675893618,26.04635921054421,0.6976783443023122
2022-12-01,Barbados,-0.09,21.49,0.6974616390391787,69.25,169384897.0,3137.0,6257303500.0,2.0,-1.2268,648395.0,0.0,,,2184676.0,,-457.0,0.0,,25.57835188014536,25.49281068613476,25.422199011361727,0.6754948435135413
2023-01-01,Barbados,-0.09,27.4,1.440749035606708,109.71,171466990.0,2999.0,6720733200.0,2.0,-0.2381,0.0,1500.0,,,56.0,,-538.0,0.0,,25.04198950900826,24.96398320435441,24.908594221709905,0.6622971588813591
2023-02-01,Barbados,1.02,22.64,0.6319157726066336,28.36,171466990.0,2999.0,6720733200.0,2.0,-0.3711,1165710.5,0.0,,,2230333.5,,-538.0,0.0,,24.988836520058783,24.90330914875369,24.838690035683783,0.6096241113708174
2023-03-01,Barbados,0.82,21.89,0.7474439052326249,27.31,171466990.0,2999.0,6720733200.0,2.0,-1.695,3464.0,0.0,,,397.5,,-538.0,0.0,,25.52756927654309,25.443810770858875,25.37790582308208,0.4963494033726632
2023-04-01,Barbados,-0.09,22.2,1.1685137621301878,73.07,171466990.0,2999.0,6720733200.0,2.0,0.7889,1180905.0,0.0,,,1552217.5,,-538.0,0.0,,26.001994154188367,25.93706680616168,25.87402648925785,0.4347598664154183
2023-05-01,Barbados,0.55,23.99,0.6161279031470904,38.34,171466990.0,2999.0,6720733200.0,2.0,-0.9165,0.0,1500.0,,,1592.0,,-538.0,0.0,,27.018739995648787,26.970204484249507,26.915397631737505,0.4917953474791399
2023-06-01,Barbados,0.36,22.97,1.2898375394928516,149.27,171466990.0,2999.0,6720733200.0,2.0,-0.1091,3097.5,0.0,,,1251131.5,,-538.0,179.0,,27.58588646782772,27.533257926831425,27.476541307237422,0.5635637346633308
2023-07-01,Barbados,0.18,23.43,1.077118566476254,133.51,171466990.0,2999.0,6720733200.0,2.0,1.6458,1349608.0,,,,1542733.0,,-538.0,0.0,,27.33058665696012,27.26331502434521,27.17646566821685,0.6669762446118042
2023-08-01,Barbados,0.36,27.21,1.1550723693879248,179.27,171466990.0,2999.0,6720733200.0,2.0,-1.2013,4347.5,0.0,,,648.5,,-538.0,0.0,,27.84010453172914,27.7672183743386,27.68454757608396,0.6568729381308512
2023-09-01,Barbados,0.09,26.19,0.2862016534379711,44.4,171466990.0,2999.0,6720733200.0,2.0,-0.8806,20785.0,0.0,,,1843212.0,,-538.0,0.0,,28.41303371853303,28.33321620525209,28.26361965603303,0.676404687336809
2023-10-01,Barbados,0.27,20.81,1.1898823640705092,226.41,171466990.0,2999.0,6720733200.0,2.0,0.6221,0.0,1057.5,,,1563045.5,,-538.0,0.0,,28.09767922842377,28.03142774798277,27.976653732792045,0.7128316526688546
2023-11-01,Barbados,-0.54,12.25,1.101733050871853,183.95,171466990.0,2999.0,6720733200.0,2.0,-0.0986,1018090.5,0.0,,,342.5,,-538.0,0.0,,27.229376114739352,27.14406366747573,27.04639271630185,0.704048536771529
2023-12-01,Barbados,0.27,9.13,1.0219841843184283,98.31,171466990.0,2999.0,6720733200.0,2.0,0.33,0.0,512.5,,,1477376.5,,-538.0,0.0,,26.52342374658076,26.440009295206323,26.362934100243365,0.6979924593256518
2024-01-01,Barbados,-0.18,8.45,0.8091591291434812,57.62,173562364.0,,7165000000.0,2.0,,2853.0,0.0,,,2039791.0,,-1022.0,0.0,,26.25926742553713,26.18041791412179,26.11694131666616,0.6786006798270887
2024-02-01,Barbados,0.99,7.16,0.5190624480705163,22.86,173562364.0,,7165000000.0,2.0,,0.0,672.5,,,397.5,,-1022.0,0.0,,26.54715495493224,26.472917058406324,26.42489101366067,0.6344371876400814
2024-03-01,Barbados,-0.36,5.48,1.1045785922968758,38.62,173562364.0,,7165000000.0,2.0,,753726.5,0.0,,,1552217.5,,-1022.0,0.0,,26.744257289107168,26.67367203030568,26.609342029530524,0.5853700528137054
2024-04-01,Barbados,0.0,4.57,0.6925564079695016,38.28,173562364.0,,7165000000.0,2.0,,0.0,102.5,,,1592.0,,-1022.0,0.0,,27.344427553812693,27.28726070625288,27.23434725867378,0.5343921335118775
2024-05-01,Barbados,0.0,3.04,0.7568293306646043,47.42,173562364.0,,7165000000.0,2.0,,46110.0,0.0,,,1251131.5,,-1022.0,0.0,,28.044433212280296,28.00096347815338,27.953313630627065,0.5464240767067852
2024-06-01,Barbados,0.54,2.33,0.6911104041192542,73.68,173562364.0,,7165000000.0,2.0,,0.0,771.5,,,1542733.0,,-1022.0,0.0,,27.869858296712263,27.816106087562844,27.761641608344235,0.5697575398618546
2024-07-01,Barbados,-0.27,2.83,1.0350418041543696,141.34,173562364.0,,7165000000.0,2.0,,944722.5,0.0,,,648.5,,-1022.0,2500.0,,27.6052303396246,27.541880550717394,27.47929840498074,0.6622240651531199
2024-08-01,Barbados,-0.09,2.4,1.1447429730826408,161.12,173562364.0,,7165000000.0,2.0,,0.0,3405.0,,,1843212.0,,-1022.0,0.0,,27.514419666413342,27.455768875812,27.39525804006928,0.6951754990264558
2024-09-01,Barbados,0.0,1.87,1.018654934054897,149.04,173562364.0,,7165000000.0,2.0,,10871.5,0.0,,,1563045.5,,-1022.0,0.0,,27.751333724127903,27.68592093755973,27.60535933176681,0.7091552236569942
2024-10-01,Barbados,0.09,1.77,0.3934064286388466,69.66,173562364.0,,7165000000.0,2.0,,0.0,205.0,,,342.5,,-1022.0,0.0,,27.98449841160931,27.909027557839465,27.8475643978324,0.7027707924587046
2024-11-01,Barbados,-0.09,1.86,1.4407466234206872,238.64,173562364.0,,7165000000.0,2.0,,1886374.5,0.0,,,1477376.5,,-1022.0,0.0,,27.40480096605092,27.325038952410523,27.24206767612037,0.694573910959094
2024-12-01,Barbados,-0.27,1.26,0.6110928313357475,58.47,173562364.0,,7165000000.0,2.0,,0.0,149.0,,,2039791.0,,-1022.0,0.0,,26.47337370841734,26.39940503800432,26.32259455855177,0.7129634374695056
2025-01-01,Barbados,0.09,0.91,0.9949428940751688,58.16,,,,2.0,,,,,,,,,0.0,,26.18921155621933,26.112211225734768,26.0691599979196,0.6720523988469528
2025-02-01,Barbados,0.09,1.25,1.0447231504561674,38.43,,,,2.0,,,,,,,,,0.0,,25.749514811379584,25.664383342326403,25.602710728418288,
2025-03-01,Barbados,0.36,0.34,0.974971699103704,30.56,,,,2.0,,,,,,,,,0.0,,26.1183479555192,26.047774127209607,25.99365510017645,
2025-04-01,Barbados,-0.27,0.76,1.09064003438089,62.1,,,,2.0,,,,,,,,,0.0,,26.39631748199463,26.33282244730708,26.27132019466825,0.5500115142100814
2025-05-01,Barbados,0.27,2.02,1.6477449581771426,97.38,,,,2.0,,,,,,,,,0.0,,27.20729340584052,27.15541168261393,27.10289572438888,0.5278674062380491
2025-06-01,Barbados,0.71,2.44,0.6750774426371954,72.75,,,,2.0,,,,,,,,,0.0,,27.00652323828808,26.96429403318882,26.914731788635265,0.6339039147251208
2025-07-01,Barbados,0.09,1.59,0.946715339902696,119.44,,,,2.0,,,,,,,,,0.0,,27.11495742797854,27.055161728550445,26.99778305381858,0.6146290149016919
2025-08-01,Barbados,0.18,1.5,0.7093860640267573,103.28,,,,2.0,,,,,,,,,0.0,,27.647358769242487,27.58008595512723,27.527288834766694,0.6453911842586886
2025-09-01,Barbados,-0.09,,0.598741906087984,92.37,,,,2.0,,,,,,,,,0.0,,27.836636903550925,27.76995422091244,27.726724794175936,0.6237001829592429
2025-10-01,Barbados,0.35,,0.9556365869899118,155.54,,,,,,,,,,,,,,,27.73140620980212,27.6551144719378,27.61098187764486,0.6594414435142584
2025-11-01,Barbados,0.18,,0.7988494263758094,124.96,,,,,,,,,,,,,,,27.00042468176952,26.926188694913947,26.856438679165308,0.6936350956502567
2025-12-01,Barbados,-0.35,,1.066785953922535,,,,,,,,,,,,,,,,26.16242454692884,26.08555210512185,26.03178306087375,
2026-01-01,Barbados,,,,,,,,,,,,,,,,,,,25.81388773764337,25.73955535387273,25.67405291321461,
2026-02-01,Barbados,,,,,,,,,,,,,,,,,,,25.873271923973448,25.79617235794342,25.71656851995561,
