Year-Month,Country,inflation-rate(heading),food_inflation,precipitation_Ratio,Population,fatalities,gdp,Exchange_rate,SPEI,c_cifvalue,c_fobvalue,w_cifvalue,w_fobvalue,s_cifvalue,s_fobvalue,Net Refugees,Disaster_Affected,Unnamed: 23,Precipitation,max_temp,mean_temp,min_temp,NDVI_Ratio
2001-01-01,Belgium,-0.1,2.72,1.3903805497818769,10286570.0,103716.0,236746141604.37,1.79,0.7471,,,,,,,12887.0,0.0,0.0,,4.256962979224454,2.75547291183608,0.517668414372281,0.5449233185187086
2001-02-01,Belgium,0.43,2.57,1.0152902418328045,10286570.0,103716.0,236746141604.37,1.79,1.0624,,,,,,,12887.0,0.0,0.0,,5.668479106539792,3.989504448064793,1.1459426017034955,0.46443702177912
2001-03-01,Belgium,0.22,3.64,2.486522119224305,10286570.0,103716.0,236746141604.37,1.79,2.0129,,,,,,,12887.0,0.0,0.0,,6.763442324566597,5.845889150721064,3.552531076246737,0.5403160839806213
2001-04-01,Belgium,0.86,4.18,1.7665863920280112,10286570.0,103716.0,236746141604.37,1.79,1.6962,,,,,,,12887.0,0.0,0.0,,8.390640809800914,7.446112445127312,4.903224902682837,0.5623600605165298
2001-05-01,Belgium,0.63,5.5,0.4815178880371333,10286570.0,103716.0,236746141604.37,1.79,-1.4243,,,,,,,12887.0,0.0,0.0,,14.69980082768268,13.65992139785726,11.92232844445016,0.6678047132309322
2001-06-01,Belgium,0.18,5.3,0.7928014919166271,10286570.0,103716.0,236746141604.37,1.79,-0.3148,,,,,,,12887.0,0.0,0.0,,15.505729251437742,14.609000373605454,12.143872155083557,0.6312990092708358
2001-07-01,Belgium,-0.08,4.52,1.2908762868990702,10286570.0,103716.0,236746141604.37,1.79,0.4941,,,,,,,12887.0,0.0,0.0,,19.05461586982977,17.998113247948993,15.803909699634858,0.7447603754305224
2001-08-01,Belgium,-0.01,5.43,0.935244797344865,10286570.0,103716.0,236746141604.37,1.79,-0.2146,,,,,,,12887.0,0.0,0.0,,19.55309271863712,18.366267968075302,16.311162485102216,0.7007816369175024
2001-09-01,Belgium,0.28,5.31,1.6145181398101838,10286570.0,103716.0,236746141604.37,1.79,2.0068,,,,,,,12887.0,0.0,0.0,,14.365840657552098,12.454516190592187,9.785914442274304,0.711729304695226
2001-10-01,Belgium,-0.15,6.2,0.8389525823331347,10286570.0,103716.0,236746141604.37,1.79,-0.1278,,,,,,,12887.0,0.0,0.0,,14.951706658640262,13.939717567098114,11.831505465763884,0.6391517938519325
2001-11-01,Belgium,0.12,5.14,1.1113996687301648,10286570.0,103716.0,236746141604.37,1.79,0.6569,,,,,,,12887.0,0.0,0.0,,9.000509876675096,5.657403377317962,2.8132106145223474,0.575473934648889
2001-12-01,Belgium,-0.22,4.97,0.6362248784515616,10286570.0,103716.0,236746141604.37,1.79,-0.399,,,,,,,12887.0,0.0,0.0,,4.782955649591258,1.6867303974970582,-1.02840502749205,0.5197373867651709
2002-01-01,Belgium,0.6,6.49,0.8206712936676583,10332785.0,105936.0,258383599375.177,1.79,-0.3795,,,,,,,32542.0,600.0,0.0,,5.741633659280751,3.422526144083861,0.0173104275939408,0.4184089389211661
2002-02-01,Belgium,0.17,5.38,2.224970378726168,10332785.0,105936.0,258383599375.177,1.79,1.735,,,,,,,32542.0,1200.0,0.0,,7.966074107942177,6.324326757090432,3.481998470851352,0.5661226505408603
2002-03-01,Belgium,0.27,4.87,1.3498817127366,10332785.0,105936.0,258383599375.177,1.79,0.0493,,,,,,,32542.0,0.0,0.0,,8.042754212246166,6.79901712737518,4.402394354215232,0.5839226780777416
2002-04-01,Belgium,0.03,2.91,0.6329398949205092,10332785.0,105936.0,258383599375.177,1.79,-0.6203,,,,,,,32542.0,0.0,0.0,,9.908368195427784,8.830105368236389,6.268337270948621,0.6391118030398457
2002-05-01,Belgium,0.15,2.06,0.7496031008019115,10332785.0,105936.0,258383599375.177,1.79,0.4345,,,,,,,32542.0,0.0,0.0,,14.020332857357571,12.8529975851078,10.852406110045765,0.7029432512604392
2002-06-01,Belgium,-0.28,0.63,0.7329784235581821,10332785.0,105936.0,258383599375.177,1.79,-0.2533,,,,,,,32542.0,0.0,0.0,,17.702486122979053,16.42006731542125,14.75301509433325,0.7472258974946334
2002-07-01,Belgium,0.33,1.3,0.889543833959905,10332785.0,105936.0,258383599375.177,1.79,0.4603,,,,,,,32542.0,0.0,0.0,,18.044182836881248,16.95882236994629,14.87605132646462,0.7388251028270225
2002-08-01,Belgium,-0.04,0.68,1.3234149543464342,10332785.0,105936.0,258383599375.177,1.79,0.7379,,,,,,,32542.0,600.0,0.0,,18.829916213661136,17.90636107593582,15.808660228278086,0.7264389643771761
2002-09-01,Belgium,0.28,1.56,0.6415371232103053,10332785.0,105936.0,258383599375.177,1.79,-0.8498,,,,,,,32542.0,0.0,0.0,,15.95605099995936,13.85043436814226,11.313915040757934,0.6938924930697952
2002-10-01,Belgium,-0.11,0.83,1.1886084818605274,10332785.0,105936.0,258383599375.177,1.79,0.6823,,,,,,,32542.0,0.0,0.0,,11.957345375963484,10.329773092140726,7.800368204424501,0.6039304835111904
2002-11-01,Belgium,-0.08,0.99,1.507705020957324,10332785.0,105936.0,258383599375.177,1.79,1.3128,,,,,,,32542.0,0.0,0.0,,9.798305235968712,8.094241254642554,5.883824984232604,0.5709275263711411
2002-12-01,Belgium,0.05,1.01,0.9428486199032924,10332785.0,105936.0,258383599375.177,1.79,1.0618,,,,,,,32542.0,0.0,0.0,,5.544824813514651,4.033793893130849,1.74569741936142,0.5497285597695398
2003-01-01,Belgium,0.44,-0.07,1.2468392872092082,10376133.0,107134.0,318082528506.588,1.79,0.8886,,,,,,,35114.0,0.0,0.0,,4.346507665162449,1.6188743120519575,-1.23697005241143,0.4813059522244156
2003-02-01,Belgium,0.69,1.4,0.3771218578330895,10376133.0,107134.0,318082528506.588,1.79,-1.2239,,,,,,,35114.0,0.0,0.0,,3.664327626001296,1.312946256202622,-2.83311471030822,0.4120427059512578
2003-03-01,Belgium,0.28,1.29,0.7145147109076515,10376133.0,107134.0,318082528506.588,1.79,-1.2756,,,,,,,35114.0,0.0,0.0,,8.087266355945246,7.259231039278234,5.086263541765106,0.5113115722791091
2003-04-01,Belgium,-0.25,1.77,1.0010825680621869,10376133.0,107134.0,318082528506.588,1.79,-0.8132,,,,,,,35114.0,0.0,0.0,,10.354930051167855,9.34602368962851,6.673522716098375,0.6190749292691147
2003-05-01,Belgium,-0.28,1.21,1.1142087908048717,10376133.0,107134.0,318082528506.588,1.79,0.7333,,,,,,,35114.0,0.0,0.0,,14.208598565542616,13.164509895811705,11.176529513123228,0.6588934440894126
2003-06-01,Belgium,0.29,2.75,0.8572845952333281,10376133.0,107134.0,318082528506.588,1.79,-1.2105,,,,,,,35114.0,0.0,0.0,,19.59710106319852,18.55788315903669,16.806953493754065,0.7485504974250556
2003-07-01,Belgium,0.19,2.61,0.7339141087598956,10376133.0,107134.0,318082528506.588,1.79,-0.8919,,,,,,,35114.0,0.0,0.0,,19.72916308577345,18.66756010923968,16.434564106438756,0.7103895552160597
2003-08-01,Belgium,0.27,3.22,0.7924290060185727,10376133.0,107134.0,318082528506.588,1.79,-1.5482,,,,,,,35114.0,0.0,0.0,,21.80894827893985,20.218261875284043,18.55488451885924,0.6544363040596025
2003-09-01,Belgium,0.29,3.58,0.6094375715585705,10376133.0,107134.0,318082528506.588,1.79,-1.4108,,,,,,,35114.0,0.0,0.0,,16.527483495076524,14.886180535099015,12.534954198201548,0.6512752784224953
2003-10-01,Belgium,-0.32,2.34,0.957968944206439,10376133.0,107134.0,318082528506.588,1.79,0.2268,,,,,,,35114.0,0.0,0.0,,10.003482252551692,7.821116433570012,5.328635562363502,0.6250877510854509
2003-11-01,Belgium,0.19,2.32,0.8216775932820863,10376133.0,107134.0,318082528506.588,1.79,-0.4097,,,,,,,35114.0,0.0,0.0,,9.40312249925404,7.883078061362028,5.708965598212387,0.4819186914740085
2003-12-01,Belgium,-0.06,2.24,0.95204107418322,10376133.0,107134.0,318082528506.588,1.79,-0.2201,,,,,,,35114.0,0.0,0.0,,5.756473446917823,3.579272745008552,1.097377764794146,0.476475293201643
2004-01-01,Belgium,0.3,2.26,1.451268333913377,10421137.0,102143.0,369214712443.206,1.79,1.7074,,,,,,,36321.0,0.0,0.0,,5.332918134299689,2.5974851732501065,-0.464166879141203,0.3619184204185511
2004-02-01,Belgium,0.37,1.84,0.6653822961035666,10421137.0,102143.0,369214712443.206,1.79,-0.4405,,,,,,,36321.0,0.0,0.0,,5.95192680358889,3.9283148898070976,0.906129389795808,0.4720007155916239
2004-03-01,Belgium,0.14,1.72,0.7562947275072747,10421137.0,102143.0,369214712443.206,1.79,-0.7425,,,,,,,36321.0,0.0,0.0,,6.621745333107583,5.089745047476299,2.240145660728558,0.544565760073733
2004-04-01,Belgium,0.54,1.82,0.9336434706548752,10421137.0,102143.0,369214712443.206,1.79,-0.2575,,,,,,,36321.0,0.0,0.0,,10.46048352983263,9.507959679833675,7.261186112297935,0.6300946901448384
2004-05-01,Belgium,0.38,2.04,0.8463198395919554,10421137.0,102143.0,369214712443.206,1.79,-0.277,,,,,,,36321.0,0.0,0.0,,12.41907908121749,11.581664551720792,9.21022333945001,0.6909505214694649
2004-06-01,Belgium,-0.05,1.38,0.9360036056335184,10421137.0,102143.0,369214712443.206,1.79,-0.2058,,,,,,,36321.0,0.0,0.0,,16.208533181084533,15.382384629175874,12.885049565633151,0.705772877412801
2004-07-01,Belgium,0.34,1.14,1.1927992900149411,10421137.0,102143.0,369214712443.206,1.79,0.5179,,,,,,,36321.0,0.0,0.0,,17.498226358557304,16.709045187983975,14.368249040008893,0.7253425514011546
2004-08-01,Belgium,0.12,0.48,1.5782591387215896,10421137.0,102143.0,369214712443.206,1.79,1.1969,,,,,,,36321.0,0.0,0.0,,19.3538094879479,18.405922072128988,16.108112138317495,0.7054811093989963
2004-09-01,Belgium,0.07,-0.63,0.6975457566506647,10421137.0,102143.0,369214712443.206,1.79,-0.7158,,,,,,,36321.0,0.0,0.0,,16.3955508338081,15.329137245001393,12.853347057766427,0.6761955292045154
2004-10-01,Belgium,0.49,0.67,0.8543871391632614,10421137.0,102143.0,369214712443.206,1.79,-0.0316,,,,,,,36321.0,0.0,0.0,,12.812077725318204,11.548502246345606,9.20961741785851,0.6419587509901699
2004-11-01,Belgium,-0.12,1.02,0.594858618335006,10421137.0,102143.0,369214712443.206,1.79,-0.441,,,,,,,36321.0,0.0,0.0,,8.49128973219132,5.972969354486395,3.112915166219125,0.6045255236393602
2004-12-01,Belgium,-0.33,1.41,0.6703900257694098,10421137.0,102143.0,369214712443.206,1.79,-0.593,,,,,,,36321.0,0.0,0.0,,5.60757043079667,2.280738312464507,-0.402982744606561,0.5459670809575778
2005-01-01,Belgium,0.28,0.69,0.4933116273531654,10478617.0,103324.0,385714762230.039,1.79,-0.7335,,,,,,,34057.0,0.0,0.0,,6.482671048564328,3.863432660617207,0.4856033612323358,0.5086437731997601
2005-02-01,Belgium,0.67,1.44,0.965003072335674,10478617.0,103324.0,385714762230.039,1.79,0.5661,,,,,,,34057.0,0.0,0.0,,3.708498800368545,1.19372999566383,-2.4109935033889,0.4564237679053201
2005-03-01,Belgium,0.64,2.74,0.5215350223517087,10478617.0,103324.0,385714762230.039,1.79,-0.1977,,,,,,,34057.0,0.0,0.0,,6.833609168760233,5.865652469347424,2.981301121045192,0.5232988839074626
2005-04-01,Belgium,0.23,2.11,1.0627539003755768,10478617.0,103324.0,385714762230.039,1.79,0.2718,,,,,,,34057.0,0.0,0.0,,10.665035883585633,9.63291044945845,7.626757346259239,0.6788261115477476
2005-05-01,Belgium,0.16,2.48,0.8944722202742272,10478617.0,103324.0,385714762230.039,1.79,0.0263,,,,,,,34057.0,0.0,0.0,,13.410367830338032,12.40381821435085,10.357289558328604,0.6917173091933089
2005-06-01,Belgium,0.3,1.96,0.7115786069167717,10478617.0,103324.0,385714762230.039,1.79,-0.9371,,,,,,,34057.0,0.0,0.0,,17.82878659566245,17.089821971331958,14.956577936808287,0.7024500764290442
2005-07-01,Belgium,0.6,1.5,1.5041500766391644,10478617.0,103324.0,385714762230.039,1.79,0.9712,,,,,,,34057.0,0.0,0.0,,18.766960931593417,17.73891082324741,15.774434784920004,0.7213346093280697
2005-08-01,Belgium,0.11,2.19,0.8143074992969529,10478617.0,103324.0,385714762230.039,1.79,0.2406,,,,,,,34057.0,0.0,0.0,,17.1042317913425,15.934137508615947,13.566547504548112,0.7365332989013631
2005-09-01,Belgium,0.11,1.15,0.6452237718249536,10478617.0,103324.0,385714762230.039,1.79,-0.6305,,,,,,,34057.0,210.0,0.0,,17.115666241116003,15.853839678503276,13.643519973754906,0.7058250914178918
2005-10-01,Belgium,-0.18,1.36,0.5839320312937237,10478617.0,103324.0,385714762230.039,1.79,-0.5206,,,,,,,34057.0,0.0,0.0,,15.157126158027268,13.73799563519691,11.414387372745011,0.6840428923117715
2005-11-01,Belgium,-0.04,1.69,0.6980145830948038,10478617.0,103324.0,385714762230.039,1.79,-0.4452,,,,,,,34057.0,0.0,0.0,,9.21649744245741,6.107781318299715,3.4998199250963467,0.6287430661227824
2005-12-01,Belgium,-0.01,1.87,0.6956223587622454,10478617.0,103324.0,385714762230.039,1.79,-0.604,,,,,,,34057.0,0.0,0.0,,5.618363624490712,2.764296140042404,-0.0497153825656937,0.4710368872042806
2006-01-01,Belgium,0.02,1.85,0.2937481226672691,10547958.0,101605.0,408259840868.823,1.79,-1.6821,,,,,,,32428.0,0.0,0.0,,3.271108491959126,0.9135233832935228,-2.04002117033923,0.5222333884574204
2006-02-01,Belgium,0.44,1.78,0.991707434011178,10547958.0,101605.0,408259840868.823,1.79,0.7212,,,,,,,32428.0,0.0,0.0,,3.915624918256526,1.829576088963904,-1.12198436373751,0.3768201461263485
2006-03-01,Belgium,-0.04,0.22,1.1330822848456958,10547958.0,101605.0,408259840868.823,1.79,0.9462,,,,,,,32428.0,0.0,60.0,,4.8190280832270105,3.455837572682867,-0.0711480130431141,0.4697796794317465
2006-04-01,Belgium,0.48,0.9,0.6823952184206722,10547958.0,101605.0,408259840868.823,1.79,-0.3232,,,,,,,32428.0,0.0,0.0,,9.05538478427468,8.257372351106255,5.877647696601059,0.5889362910608584
2006-05-01,Belgium,0.38,1.4,1.6717632257492658,10547958.0,101605.0,408259840868.823,1.79,1.7237,,,,,,,32428.0,0.0,0.0,,14.52506406640498,13.305696088389254,11.16895215024232,0.675075425033046
2006-06-01,Belgium,-0.01,1.55,0.7766740453465535,10547958.0,101605.0,408259840868.823,1.79,-1.4014,,,,,,,32428.0,0.0,0.0,,17.23790577782529,16.110741430948906,14.361348703172496,0.7054743672384333
2006-07-01,Belgium,0.34,2.5,0.8648702366634434,10547958.0,101605.0,408259840868.823,1.79,-1.7206,,,,,,,32428.0,0.0,11.0,,23.24036379578297,21.873103258637627,19.917016601562523,0.6542668609500661
2006-08-01,Belgium,0.13,2.69,2.405517355726638,10547958.0,101605.0,408259840868.823,1.79,2.0491,,,,,,,32428.0,0.0,0.0,,16.997941691901133,15.511345491401528,12.928802642001926,0.6612294475991657
2006-09-01,Belgium,-0.29,4.59,0.6636078870035057,10547958.0,101605.0,408259840868.823,1.79,-1.3531,,,,,,,32428.0,0.0,0.0,,18.569422637091748,17.643683332615865,15.647973526848716,0.6984742502511967
2006-10-01,Belgium,-0.2,4.38,1.1758429016047147,10547958.0,101605.0,408259840868.823,1.79,0.1093,,,,,,,32428.0,0.0,0.0,,14.847956204158038,13.69189644896261,11.433198034635154,0.6875977944145563
2006-11-01,Belgium,0.25,4.72,1.0931863245348885,10547958.0,101605.0,408259840868.823,1.79,-0.2198,,,,,,,32428.0,0.0,0.0,,10.68427397410079,8.572035497218394,6.0994405322604734,0.636926602922727
2006-12-01,Belgium,0.14,4.18,1.0067487211737018,10547958.0,101605.0,408259840868.823,1.79,-0.0084,,,,,,,32428.0,0.0,0.0,,7.498150454285337,5.177203377589478,2.9687853249170644,0.5810355299638931
2007-01-01,Belgium,0.05,4.87,0.9208320847996776,10625700.0,102193.0,470922156309.453,1.79,0.0871,,,,,,,32762.0,2.0,0.0,,8.252760392876098,6.141966962815388,3.1814398283599985,0.5801566955315298
2007-02-01,Belgium,0.54,4.25,1.7456292124629142,10625700.0,102193.0,470922156309.453,1.79,1.4639,,,,,,,32762.0,0.0,0.0,,7.28407215390888,5.872960519349192,3.384166903722871,0.5891853577631126
2007-03-01,Belgium,0.01,4.02,1.4979397941675914,10625700.0,102193.0,470922156309.453,1.79,0.2327,,,,,,,32762.0,0.0,0.0,,8.330731656474484,6.876001758470466,4.32516367512369,0.6203843700214915
2007-04-01,Belgium,0.45,4.83,0.2648020714069497,10625700.0,102193.0,470922156309.453,1.79,-2.2172,,,,,,,32762.0,0.0,0.0,,13.651099459330284,12.666508918257025,10.62885282304552,0.659106368457736
2007-05-01,Belgium,-0.12,2.68,1.6896859973392009,10625700.0,102193.0,470922156309.453,1.79,1.2286,,,,,,,32762.0,0.0,0.0,,15.171637266425703,14.102198685248196,12.1368905426354,0.7043943445422574
2007-06-01,Belgium,-0.01,3.36,1.8795326200817144,10625700.0,102193.0,470922156309.453,1.79,1.3928,,,,,,,32762.0,0.0,0.0,,17.969274351331933,16.700628555406297,14.703776846991673,0.6864799653081304
2007-07-01,Belgium,0.43,3.59,1.3878136741340037,10625700.0,102193.0,470922156309.453,1.79,1.2172,,,,,,,32762.0,0.0,0.0,,17.508692636797548,16.345334217058337,14.138601700977633,0.7111188435036417
2007-08-01,Belgium,-0.13,2.74,1.454310772884223,10625700.0,102193.0,470922156309.453,1.79,0.3345,,,,,,,32762.0,0.0,0.0,,17.419948688630143,16.228723083923683,14.096184092696037,0.6688143418903325
2007-09-01,Belgium,0.09,2.54,0.9126986626804036,10625700.0,102193.0,470922156309.453,1.79,-0.0751,,,,,,,32762.0,0.0,0.0,,15.328386200798889,13.44144672677072,10.894556448194749,0.7061694680335096
2007-10-01,Belgium,0.53,4.04,0.5082306997094138,10625700.0,102193.0,470922156309.453,1.79,-0.7628,,,,,,,32762.0,0.0,0.0,,11.854871840118108,9.960017752679336,7.708891497376157,0.6606516944777416
2007-11-01,Belgium,0.94,4.31,0.7689873361112957,10625700.0,102193.0,470922156309.453,1.79,-0.5055,,,,,,,32762.0,0.0,0.0,,8.655957667032908,5.744515848496405,2.8006679534912564,0.580639360847569
2007-12-01,Belgium,0.27,5.69,1.223087096708591,10625700.0,102193.0,470922156309.453,1.79,0.0375,,,,,,,32762.0,0.0,0.0,,5.45669337036793,3.1202103583485723,0.93712011767974,0.5461344686631426
2008-01-01,Belgium,0.41,5.6,1.1344287742221195,10709973.0,104709.0,517328087920.078,1.79,0.1371,,,,,,,31201.0,0.0,0.0,,7.27386087807281,5.348267188106718,2.49964895350962,0.4770723897497377
2008-02-01,Belgium,0.72,5.62,1.260249725830544,10709973.0,104709.0,517328087920.078,1.79,-0.8224,,,,,,,31201.0,0.0,0.0,,5.864091667087621,4.594148006883302,2.646152662956865,0.5510481801739273
2008-03-01,Belgium,0.73,6.23,1.5514466965311628,10709973.0,104709.0,517328087920.078,1.79,1.715,,,,,,,31201.0,0.0,0.0,,6.798630322692247,5.299531533887489,1.935485581428793,0.5007461389653461
2008-04-01,Belgium,0.23,5.94,1.04518702453134,10709973.0,104709.0,517328087920.078,1.79,0.2387,,,,,,,31201.0,0.0,0.0,,9.00000796847877,8.022964067231612,5.510223897298204,0.6248458922206189
2008-05-01,Belgium,0.9,7.62,0.901948145310837,10709973.0,104709.0,517328087920.078,1.79,-0.7523,,,,,,,31201.0,0.0,0.0,,16.17130165510281,15.156846747440568,13.000778616628338,0.6465094460056552
2008-06-01,Belgium,0.55,7.1,0.9864823592192272,10709973.0,104709.0,517328087920.078,1.79,0.0112,,,,,,,31201.0,0.0,0.0,,16.672204293145114,15.41452221881957,13.708776558770069,0.7262329547190639
2008-07-01,Belgium,0.52,7.52,1.1223693508263053,10709973.0,104709.0,517328087920.078,1.79,0.2503,,,,,,,31201.0,0.0,0.0,,18.092261517432465,17.208242237982745,15.022261412425737,0.7180027627153263
2008-08-01,Belgium,-0.61,7.24,1.03560989617557,10709973.0,104709.0,517328087920.078,1.79,0.5798,,,,,,,31201.0,0.0,0.0,,18.046664441016446,17.041754146087214,14.949879746796,0.7027706271186285
2008-09-01,Belgium,0.16,6.6,1.359744116373727,10709973.0,104709.0,517328087920.078,1.79,0.2555,,,,,,,31201.0,0.0,0.0,,14.812205441792855,13.065066912093414,10.480399343702572,0.6484876243374319
2008-10-01,Belgium,-0.19,5.69,0.9171671607497456,10709973.0,104709.0,517328087920.078,1.79,0.1862,,,,,,,31201.0,0.0,0.0,,11.53995535245508,9.76275119105577,7.552606037098883,0.6002653347168694
2008-11-01,Belgium,-0.59,4.25,0.7856955918838865,10709973.0,104709.0,517328087920.078,1.79,-0.2558,,,,,,,31201.0,0.0,0.0,,8.505310482449033,6.288149418900957,3.665198177761511,0.395597076608369
2008-12-01,Belgium,-0.22,3.65,0.5116243277929813,10709973.0,104709.0,517328087920.078,1.79,-1.122,,,,,,,31201.0,0.0,0.0,,4.345844277002527,1.938675102748164,-0.574156353037835,0.5070177698661631
2009-01-01,Belgium,0.1,3.94,0.902497034489028,10796493.0,104558.0,485014525992.461,1.79,-0.2198,,,,,,,33679.0,0.0,0.0,,2.419975986275631,-0.126274536863718,-2.81826851137219,0.4331474326126736
2009-02-01,Belgium,0.34,3.63,0.7369118616443723,10796493.0,104558.0,485014525992.461,1.79,0.4223,,,,,,,33679.0,0.0,0.0,,4.114001619248199,2.487581770285203,-0.456557927812809,0.376305881922703
2009-03-01,Belgium,-0.57,2.98,0.948555205295742,10796493.0,104558.0,485014525992.461,1.79,0.1056,,,,,,,33679.0,0.0,0.0,,6.843816457768924,5.427135983959204,2.5955411931520302,0.5210047071701607
2009-04-01,Belgium,0.21,1.93,1.019605418562818,10796493.0,104558.0,485014525992.461,1.79,-0.8832,,,,,,,33679.0,0.0,0.0,,12.383918147616953,11.193478500829713,9.583250829908591,0.6585510243551453
2009-05-01,Belgium,-0.08,1.05,0.9439333380887304,10796493.0,104558.0,485014525992.461,1.79,-0.3765,,,,,,,33679.0,0.0,0.0,,14.404695231940195,13.303313077949497,11.41809146429904,0.7000791638036026
2009-06-01,Belgium,-0.19,0.45,1.2001143140131725,10796493.0,104558.0,485014525992.461,1.79,0.2278,,,,,,,33679.0,0.0,0.0,,16.00655818515355,15.096429955621488,12.695032034979931,0.7323993904781858
2009-07-01,Belgium,-0.07,-0.8,1.1332284562048276,10796493.0,104558.0,485014525992.461,1.79,0.19,,,,,,,33679.0,0.0,0.0,,18.80499830348521,17.720451369786133,15.446095833727156,0.7061417334703606
2009-08-01,Belgium,0.31,-0.49,0.6172846812581181,10796493.0,104558.0,485014525992.461,1.79,-1.6028,,,,,,,33679.0,0.0,0.0,,19.640078070855907,18.53332255633103,16.30687599592312,0.6906095088320586
2009-09-01,Belgium,-0.26,-0.72,0.6575001420519423,10796493.0,104558.0,485014525992.461,1.79,-1.345,,,,,,,33679.0,0.0,0.0,,16.451240815056735,15.215850430923126,12.828736474778964,0.6412337624024502
2009-10-01,Belgium,0.04,-0.75,0.7036724379352226,10796493.0,104558.0,485014525992.461,1.79,0.0656,,,,,,,33679.0,0.0,0.0,,12.80740156276255,10.721483206178846,7.778461710612021,0.6105925858580925
2009-11-01,Belgium,0.26,-0.35,1.521047769175571,10796493.0,104558.0,485014525992.461,1.79,1.3321,,,,,,,33679.0,0.0,0.0,,10.52051090664338,8.801630988097713,6.172458606296118,0.5245852861922109
2009-12-01,Belgium,0.16,-0.52,0.9611977458306824,10796493.0,104558.0,485014525992.461,1.79,0.65,,,,,,,33679.0,0.0,0.0,,4.52996262991303,2.1089994486263777,-0.667660017936441,0.48261037243212
2010-01-01,Belgium,0.45,-0.48,0.5246152303034668,10895586.0,105251.0,481556503720.001,1.79,-0.8324,10881475.8,0.0,54647826.5,0.0,19363429.4,0.0,36093.0,0.0,0.0,,1.8507531771095955,-0.74379792720407,-3.79842462026942,0.2951386329962006
2010-02-01,Belgium,0.43,-0.02,1.0143434199521315,10895586.0,105251.0,481556503720.001,1.79,0.993,14554595.23,0.0,48737208.68,0.0,23828037.46,0.0,36093.0,0.0,0.0,,3.143317681267149,1.5936876011016352,-1.57790569577895,0.3580447886658367
2010-03-01,Belgium,0.37,0.73,0.9265737190985048,10895586.0,105251.0,481556503720.001,1.79,-0.2966,26022049.18,0.0,69731096.57,0.0,14290821.81,0.0,36093.0,0.0,0.0,,6.37897625584759,5.326691755689694,2.2483321446244418,0.5135251849800063
2010-04-01,Belgium,0.35,0.66,0.5477294545072878,10895586.0,105251.0,481556503720.001,1.79,-1.6032,22533484.67,0.0,53974067.76,0.0,39939857.44,0.0,36093.0,0.0,0.0,,9.57870258755156,8.771607070477444,6.655913416544593,0.5953778048325067
2010-05-01,Belgium,0.4,1.15,1.1655326612442491,10895586.0,105251.0,481556503720.001,1.79,0.6925,18090946.5,0.0,47853473.25,0.0,48321859.6,0.0,36093.0,0.0,0.0,,10.94663647477347,10.191307911561523,7.852327313987189,0.6678718139883394
2010-06-01,Belgium,-0.01,1.7,0.7524127175439835,10895586.0,105251.0,481556503720.001,1.79,-0.8998,11587281.79,0.0,57302937.5,0.0,13215110.69,0.0,36093.0,0.0,0.0,,17.367284647623705,16.324119046124622,14.402994283040414,0.6972566656505796
2010-07-01,Belgium,0.04,2.05,0.7243922522252992,10895586.0,105251.0,481556503720.001,1.79,-1.012,9948760.448,0.0,47926082.42,0.0,21241813.99,0.0,36093.0,0.0,0.0,,21.2191652769684,19.684244769294992,17.776296808386405,0.6660784924094029
2010-08-01,Belgium,0.06,2.5,1.8156212900304776,10895586.0,105251.0,481556503720.001,1.79,1.5852,13170961.64,0.0,65193942.51,0.0,15076700.11,0.0,36093.0,0.0,0.0,,17.359310527514424,16.437038243637232,14.18785817956416,0.7152512495193359
2010-09-01,Belgium,0.31,3.17,0.960076375923944,10895586.0,105251.0,481556503720.001,1.79,0.5936,18978369.63,3911900.35,95994436.94,18766979.31,8190864.555,4932577.898,36093.0,0.0,0.0,,15.015401607089586,13.386636469174164,10.937716060214598,0.7075742381083427
2010-10-01,Belgium,0.14,2.86,0.591165442280077,10895586.0,105251.0,481556503720.001,,-0.1888,23163127.22,0.0,67831743.88,0.0,21072273.87,0.0,36093.0,0.0,0.0,,12.1496409221362,10.086594259905382,7.501867589642927,0.671441100020389
2010-11-01,Belgium,0.13,2.71,1.194449703508122,10895586.0,105251.0,481556503720.001,,0.9336,17277698.18,0.0,58169588.77,0.0,11490328.96,0.0,36093.0,690.0,0.0,,7.31211452484132,5.623418967249961,3.2859182357788086,0.3820773058238594
2010-12-01,Belgium,0.4,3.03,1.0500312269419687,10895586.0,105251.0,481556503720.001,,-0.0323,14873613.84,0.0,82582813.6,0.0,7410112.412,0.0,36093.0,0.0,0.0,,1.5517027537028412,-1.62459086568947,-4.35583620379043,0.1644455382947343
2011-01-01,Belgium,0.56,2.37,0.7985112810647836,11038264.0,104229.0,527196649048.639,,0.5134,19422917.51,0.0,55137887.52,0.0,17924513.45,0.0,41314.0,0.0,0.0,,4.640162158268765,2.7839880435313944,-0.32109823739654,0.3867020981364589
2011-02-01,Belgium,0.58,2.49,0.5366366316045565,11038264.0,104229.0,527196649048.639,,-0.0075,35816831.32,0.0,76627846.79,0.0,15644349.33,0.0,41314.0,0.0,0.0,,6.2334263937814285,4.393771391524126,1.7730033329555113,0.515231716280393
2011-03-01,Belgium,0.51,1.71,0.2625395120878907,11038264.0,104229.0,527196649048.639,,-1.4805,52056039.13,0.0,78457308.37,0.0,24395736.09,0.0,41314.0,0.0,0.0,,7.1035590100032096,6.237862112016785,4.304660005466928,0.5476426299853263
2011-04-01,Belgium,0.24,2.27,0.4949435111618102,11038264.0,104229.0,527196649048.639,,-2.0577,49816307.72,0.0,65250808.19,0.0,4954809.466,0.0,41314.0,0.0,0.0,,13.549522908528672,12.689924823915533,10.395719740125912,0.651522350398464
2011-05-01,Belgium,0.33,2.4,0.4724602895210006,11038264.0,104229.0,527196649048.639,,-1.9214,41152122.93,0.0,87346525.81,0.0,15307695.74,0.0,41314.0,0.0,0.0,,15.393345789755584,14.352070955669262,12.29486523700018,0.6660253171650719
2011-06-01,Belgium,0.31,3.0,1.2901395622540297,11038264.0,104229.0,527196649048.639,,0.6475,32544011.16,0.0,85282888.66,0.0,31086059.54,0.0,41314.0,0.0,0.0,,17.1153236601088,15.928516915345028,13.92135664621992,0.6654957915279053
2011-07-01,Belgium,0.11,3.25,0.8834407152369593,11038264.0,104229.0,527196649048.639,,0.3831,21794186.78,0.0,75306937.41,0.0,46155742.94,0.0,41314.0,0.0,0.0,,16.338490976313153,15.37564393654452,13.158966236729782,0.6798488926047488
2011-08-01,Belgium,-0.08,2.82,0.961862334581978,11038264.0,104229.0,527196649048.639,,0.78,19145397.49,0.0,97720396.89,0.0,7465765.206,0.0,41314.0,71.0,0.0,,17.827711031513843,16.920601206229833,15.089873434907645,0.7274326280797447
2011-09-01,Belgium,0.27,2.5,0.9275447775637184,11038264.0,104229.0,527196649048.639,,-0.6522,16256515.1,0.0,89577336.87,0.0,23207074.98,0.0,41314.0,0.0,0.0,,16.558322291904062,15.837491415177794,13.839018906487354,0.7049289067830659
2011-10-01,Belgium,0.16,2.84,0.6096185814252514,11038264.0,104229.0,527196649048.639,,-0.9717,30111702.78,0.0,91245934.66,0.0,8374446.18,0.0,41314.0,0.0,0.0,,13.413719041885884,11.499190135589233,8.819386254587528,0.6626002916953966
2011-11-01,Belgium,0.39,3.6,0.3148948228735356,11038264.0,104229.0,527196649048.639,,-1.9891,22431334.27,0.0,89432025.97,0.0,13106080.07,0.0,41314.0,0.0,0.0,,9.726592975192602,7.962608485535156,5.543376286824582,0.6141630027991363
2011-12-01,Belgium,0.04,3.39,1.6108803918590222,11038264.0,104229.0,527196649048.639,,1.8181,22541111.11,0.0,97705184.71,0.0,11677741.58,0.0,41314.0,0.0,0.0,,7.296415747365643,5.243018835941882,2.201796816754097,0.4974187750194772
2012-01-01,Belgium,0.73,2.97,1.0535650305280089,11104932.0,109091.0,498414364944.961,,0.2727,24129466.75,0.0,99783632.39,0.0,18545645.3,0.0,36942.0,0.0,0.0,,6.176297616445936,4.007756885376239,1.296719323435184,0.519381539848061
2012-02-01,Belgium,0.59,3.42,0.3826366175421243,11104932.0,109091.0,498414364944.961,,-1.1326,23839232.4,0.0,77677775.21,0.0,6722240.448,0.0,36942.0,0.0,0.0,,2.327273656033924,-0.0724435778814154,-3.41677717011549,0.3939493407577535
2012-03-01,Belgium,0.21,3.65,0.4959004452269402,11104932.0,109091.0,498414364944.961,,-1.3711,33626918.72,0.0,85108953.47,0.0,13164147.65,0.0,36942.0,0.0,0.0,,8.302696154194507,7.65525920725463,5.894834301035928,0.5534259786024623
2012-04-01,Belgium,0.07,2.87,1.3338336413811258,11104932.0,109091.0,498414364944.961,,1.0336,35714827.47,0.0,82988189.99,0.0,11457842.98,0.0,36942.0,0.0,0.0,,8.667194726732077,7.704737350670371,5.6260651694403805,0.582967057591758
2012-05-01,Belgium,-0.03,2.88,1.170567555904519,11104932.0,109091.0,498414364944.961,,-0.0954,29322262.03,0.0,95186187.27,0.0,8153431.125,0.0,36942.0,0.0,0.0,,14.948775514992349,13.63128950674826,11.994826212237,0.6879010955653901
2012-06-01,Belgium,-0.23,2.48,1.5536108109479652,11104932.0,109091.0,498414364944.961,,1.6217,50781717.53,0.0,100178919.9,0.0,48807974.84,0.0,36942.0,0.0,0.0,,15.659297604031051,14.818451671741457,12.830608367919922,0.6702260676756726
2012-07-01,Belgium,0.18,2.36,1.2681455371995147,11104932.0,109091.0,498414364944.961,,0.9426,28077093.22,0.0,88499063.97,0.0,17643421.89,0.0,36942.0,0.0,0.0,,17.651362950314763,16.56129070768975,14.572043498869904,0.7172251121486035
2012-08-01,Belgium,0.44,3.16,0.4772839061067961,11104932.0,109091.0,498414364944.961,,-1.2874,31559842.32,0.0,91311888.07,0.0,40260459.02,0.0,36942.0,0.0,0.0,,19.58998188716112,18.4150235807777,16.423441228558943,0.7070191077513185
2012-09-01,Belgium,0.17,3.22,1.0494070623741685,11104932.0,109091.0,498414364944.961,,-0.7617,24825156.38,0.0,94040336.9,0.0,23901260.62,0.0,36942.0,0.0,0.0,,15.366657744513644,14.04679984499512,11.72086238861084,0.692200278009129
2012-10-01,Belgium,0.18,3.84,1.0918659963719268,11104932.0,109091.0,498414364944.961,,1.2143,30813615.31,0.0,98588211.3,0.0,13337817.05,0.0,36942.0,0.0,0.0,,11.915192889141792,10.61171330265796,8.163124256749313,0.6399322592653072
2012-11-01,Belgium,-0.11,3.17,0.7526151482414152,11104932.0,109091.0,498414364944.961,,-0.5458,47089549.48,0.0,105826549.5,0.0,6767405.704,0.0,36942.0,0.0,0.0,,8.320052464803098,6.662721370097529,4.358960342407272,0.582830386904408
2012-12-01,Belgium,0.01,3.19,1.4413968808140574,11104932.0,109091.0,498414364944.961,,1.7435,56263517.95,0.0,109482963.9,0.0,7420306.837,0.0,36942.0,0.0,0.0,,6.334962319815077,4.272767645741112,1.0485512395059118,0.4616292311633054
2013-01-01,Belgium,-0.03,3.72,0.5831507282426805,11159407.0,109461.0,524097026598.55,,-0.5826,49187078.98,0.0,84148162.39,0.0,20353712.95,0.0,36989.0,0.0,8.0,,3.297970072428427,1.435709985629842,-0.94308335499096,0.2691824476114334
2013-02-01,Belgium,0.32,3.4,0.7585285999275767,11159407.0,109461.0,524097026598.55,,-0.1277,38222477.48,0.0,103573652.2,0.0,8030504.246,0.0,36989.0,0.0,0.0,,2.801198191869844,0.474402783758137,-3.01277827762419,0.4002055173819293
2013-03-01,Belgium,0.14,3.73,0.6712727360271207,11159407.0,109461.0,524097026598.55,,0.0708,60199487.19,0.0,109919900.2,0.0,6187431.551,0.0,36989.0,0.0,0.0,,3.2721189150246346,1.974355583741783,-1.52632068510973,0.40180647247004
2013-04-01,Belgium,-0.04,4.47,1.0719747696870652,11159407.0,109461.0,524097026598.55,,-0.55,50602225.51,0.0,94488777.18,0.0,9760140.282,0.0,36989.0,0.0,0.0,,8.69082991282147,7.7913798436458706,5.593602265252002,0.5888374934961107
2013-05-01,Belgium,0.15,4.61,1.3236861195358294,11159407.0,109461.0,524097026598.55,,1.6524,41590789.12,0.0,101627389.3,0.0,13300574.85,0.0,36989.0,0.0,0.0,,12.005791846654745,10.691140512339246,8.808838616648075,0.6559438520224163
2013-06-01,Belgium,0.17,4.99,1.352990879328042,11159407.0,109461.0,524097026598.55,,0.0575,39412656.23,0.0,95839035.33,0.0,12162734.27,0.0,36989.0,0.0,0.0,,16.32410799662273,15.050878502935802,13.123806889851892,0.6939669768485285
2013-07-01,Belgium,0.1,4.22,0.8571034161211905,11159407.0,109461.0,524097026598.55,,-1.1303,23683619.11,0.0,100787430.4,0.0,13887981.58,0.0,36989.0,0.0,0.0,,20.488886995213026,19.49870129817185,17.4399302369805,0.7382598119611281
2013-08-01,Belgium,-0.06,3.33,0.7500280676146672,11159407.0,109461.0,524097026598.55,,-1.1558,12264712.57,0.0,84301938.11,0.0,6676859.825,0.0,36989.0,0.0,0.0,,18.95354987523893,18.016248367985213,15.752262492846455,0.7087100488808905
2013-09-01,Belgium,0.06,3.04,1.468000146620203,11159407.0,109461.0,524097026598.55,,0.4558,15634496.73,0.0,69028642.35,0.0,13401191.82,0.0,36989.0,0.0,0.0,,15.640733740064832,14.454203048348234,12.072949451870386,0.7043567586376154
2013-10-01,Belgium,-0.08,1.98,1.310806830371522,11159407.0,109461.0,524097026598.55,,0.9004,33560740.8,0.0,97245268.94,0.0,9971913.437,0.0,36989.0,0.0,0.0,,13.664094789566548,12.403179051221343,9.919815030661994,0.6703021379411921
2013-11-01,Belgium,0.07,1.77,0.9422020323244727,11159407.0,109461.0,524097026598.55,,0.8972,28143368.86,0.0,84321135.11,0.0,13325874.77,0.0,36989.0,0.0,0.0,,8.651433414883115,5.860977321726068,3.185903358459484,0.6054087023550108
2013-12-01,Belgium,0.16,1.87,0.791949861979112,11159407.0,109461.0,524097026598.55,,-0.445,38083355.63,0.0,88089639.52,0.0,14414960.2,0.0,36989.0,0.0,0.0,,6.90144763249225,4.876887505123477,2.593239782189812,0.6119386643448272
2014-01-01,Belgium,0.14,1.61,0.8450846075289068,11209057.0,104797.0,537987419164.351,,0.124,50799166.89,0.0,78741795.34,0.0,14071133.83,0.0,39016.0,0.0,0.0,,6.80143471994711,5.21240810375059,2.5034781507266644,0.5900610498849587
2014-02-01,Belgium,0.16,0.72,1.2733663302944809,11209057.0,104797.0,537987419164.351,,0.3112,36103273.59,0.0,77792076.26,0.0,14724335.8,0.0,39016.0,0.0,0.0,,7.0033543722970535,5.568463518331839,2.755147643316377,0.5625318424282209
2014-03-01,Belgium,0.06,0.27,0.4368834523929534,11209057.0,104797.0,537987419164.351,,-1.7794,42650011.99,0.0,76305868.93,0.0,4797215.725,0.0,39016.0,0.0,0.0,,8.547450043052777,7.71393067177911,5.87341452977995,0.5912143737032398
2014-04-01,Belgium,-0.31,0.75,0.5341188216082635,11209057.0,104797.0,537987419164.351,,-1.0118,50495851.84,0.0,76002537.52,0.0,15441330.38,0.0,39016.0,0.0,0.0,,12.504658720228406,11.362724879141126,9.259495417277035,0.6741151843421755
2014-05-01,Belgium,-0.11,-0.94,1.1317481938274103,11209057.0,104797.0,537987419164.351,,0.8536,19742320.36,0.0,76170513.93,0.0,11605027.67,0.0,39016.0,0.0,0.0,,13.845330708001256,12.80354333728053,10.416170866771438,0.7045465141544069
2014-06-01,Belgium,0.08,-1.16,0.7690858663339475,11209057.0,104797.0,537987419164.351,,-0.5529,49990443.37,0.0,85973031.38,0.0,12642790.14,0.0,39016.0,0.0,0.0,,16.99645574357777,15.966156393546726,13.79309202830001,0.7228892213032502
2014-07-01,Belgium,0.17,-0.28,1.1945781162998843,11209057.0,104797.0,537987419164.351,,0.8698,25070075.17,0.0,80026745.24,0.0,8490994.343,0.0,39016.0,0.0,0.0,,19.700941442674207,18.62562592538586,16.670295231316686,0.724662346510149
2014-08-01,Belgium,-0.38,-0.95,1.69824854070462,11209057.0,104797.0,537987419164.351,,1.4334,22086091.31,0.0,75196038.41,0.0,7017876.378,0.0,39016.0,0.0,0.0,,16.89522949136716,15.696210703776783,13.434097728934375,0.6881455545808042
2014-09-01,Belgium,-0.08,-1.28,0.4537134663223839,11209057.0,104797.0,537987419164.351,,-1.3591,12493228.39,0.0,88401309.05,0.0,27054425.61,0.0,39016.0,0.0,0.0,,16.898315217759887,15.508793123030784,13.268831168280713,0.6938165755313339
2014-10-01,Belgium,0.13,-1.36,1.0889981206439452,11209057.0,104797.0,537987419164.351,,-0.0136,24458416.41,0.0,86121934.93,0.0,4369276.521,0.0,39016.0,0.0,0.0,,14.45748012091525,13.037846328911712,10.96388553086149,0.6708384161914398
2014-11-01,Belgium,-0.13,-1.0,1.0113176498966197,11209057.0,104797.0,537987419164.351,,-0.4826,44057170.43,0.0,84378091.97,0.0,6881329.554,0.0,39016.0,0.0,0.0,,9.75636728074818,8.33446731052021,6.2794195810953966,0.6054755607775638
2014-12-01,Belgium,-0.11,-0.85,0.8281349808356936,11209057.0,104797.0,537987419164.351,,-0.114,19595572.02,0.0,85018042.4,0.0,18363505.48,0.0,39016.0,0.0,0.0,,6.415255954701422,3.773899627511014,1.002492912866785,0.5012882096028608
2015-01-01,Belgium,-0.13,-0.85,0.9747783615555164,11274196.0,110823.0,461044767544.531,,0.9692,22580922.87,0.0,69043280.8,0.0,18268042.87,0.0,71195.0,0.0,0.0,,5.24337170508602,2.7808972668776164,0.0280580500120777,0.4949460741399121
2015-02-01,Belgium,0.41,-0.13,0.7295706551699761,11274196.0,110823.0,461044767544.531,,0.1485,33481746.16,0.0,67283191.98,0.0,5223603.804,0.0,71195.0,0.0,0.0,,4.505950182960191,2.4938036706184903,-0.604270589919281,0.4765043392551877
2015-03-01,Belgium,0.06,-0.07,0.4002621143832449,11274196.0,110823.0,461044767544.531,,-0.5882,33782141.62,0.0,63773978.61,0.0,8090164.813,0.0,71195.0,0.0,0.0,,6.730618044125151,5.663755427505464,3.3246489371023245,0.5148982246249172
2015-04-01,Belgium,0.38,0.52,0.9639563336533288,11274196.0,110823.0,461044767544.531,,-1.1098,29164563.85,0.0,64979836.76,0.0,9994519.708,0.0,71195.0,0.0,0.0,,9.625096405877002,8.867241380422001,6.7460328208076135,0.623942108901472
2015-05-01,Belgium,0.16,1.27,0.5312407455064322,11274196.0,110823.0,461044767544.531,,-0.2335,20919479.9,0.0,60827361.7,0.0,9720835.37,0.0,71195.0,0.0,0.0,,13.10395811757735,12.157363473484054,10.100550649499382,0.6985494282796518
2015-06-01,Belgium,0.15,1.46,0.5992207109032827,11274196.0,110823.0,461044767544.531,,-1.2328,27253533.01,0.0,78694828.51,0.0,8643058.05,0.0,71195.0,0.0,0.0,,16.876315540737608,15.920655020537083,13.73184668223064,0.702156945064043
2015-07-01,Belgium,0.0,0.84,0.5271554028393384,11274196.0,110823.0,461044767544.531,,-0.6957,37774102.91,0.0,68061362.42,0.0,10760276.09,0.0,71195.0,0.0,0.0,,20.22799578841017,18.68242495355236,16.81100360091017,0.695946114642323
2015-08-01,Belgium,0.07,1.73,0.9391581960138762,11274196.0,110823.0,461044767544.531,,0.3432,11087665.48,0.0,60802329.61,0.0,9412291.468,0.0,71195.0,0.0,0.0,,19.85448419714487,18.908827476316844,16.99602800594863,0.7111413619779812
2015-09-01,Belgium,0.07,2.11,1.508648292161868,11274196.0,110823.0,461044767544.531,,0.7332,25683094.99,0.0,65381872.31,0.0,9920401.135,0.0,71195.0,0.0,0.0,,14.535604816012947,13.141982683671245,10.715444225735157,0.7216008612139202
2015-10-01,Belgium,0.35,3.22,0.4747828750042557,11274196.0,110823.0,461044767544.531,,-0.915,22221256.59,0.0,66621638.35,0.0,4300266.907,0.0,71195.0,0.0,0.0,,11.8322096875919,10.01098002786847,7.710147250595924,0.6477381640189978
2015-11-01,Belgium,0.11,2.4,1.028933511581585,11274196.0,110823.0,461044767544.531,,0.7236,15946580.06,0.0,69082771.55,0.0,10571302.49,0.0,71195.0,0.0,0.0,,11.21579973432756,9.22378578658413,6.460341835022007,0.6339459313091645
2015-12-01,Belgium,-0.13,2.01,0.5341161037505812,11274196.0,110823.0,461044767544.531,,-1.3368,28436949.79,0.0,79599162.82,0.0,12898442.33,0.0,71195.0,0.0,0.0,,10.31157363153278,8.593899563581601,6.033576214698087,0.6539569230624083
2016-01-01,Belgium,0.11,1.85,1.0428030681002176,11331422.0,108141.0,474271566739.729,,1.312,34489261.29,0.0,65694729.43,0.0,12112191.35,0.0,66192.0,0.0,0.0,,6.294970284738895,3.990291175838479,1.0163690792617217,0.5763719596798
2016-02-01,Belgium,0.06,1.8,1.1564476185928,11331422.0,108141.0,474271566739.729,,0.9098,34406771.21,0.0,74371088.6,0.0,6650597.705,0.0,66192.0,0.0,0.0,,5.811660823602836,3.975279959375598,1.046274351799639,0.5831742262452868
2016-03-01,Belgium,0.91,3.52,1.0340274125175564,11331422.0,108141.0,474271566739.729,,0.5803,28917388.11,0.0,69578926.91,0.0,10403826.89,0.0,66192.0,0.0,0.0,,6.08545546172769,4.55271776982147,1.5352071208338884,0.5311227323855119
2016-04-01,Belgium,0.18,3.01,1.1882426161388766,11331422.0,108141.0,474271566739.729,,0.5493,26994134.43,0.0,73286173.6,0.0,8912483.085,0.0,66192.0,0.0,0.0,,9.006656943427231,8.13140881567432,5.749039755927242,0.6498968428150746
2016-05-01,Belgium,0.32,2.77,1.1146051762852711,11331422.0,108141.0,474271566739.729,,0.7403,32182400.49,0.0,73262612.69,0.0,11860521.3,0.0,66192.0,0.0,0.0,,14.6738207294095,13.45766706056321,11.205270242178358,0.7020428516218808
2016-06-01,Belgium,0.11,2.5,1.61511893546521,11331422.0,108141.0,474271566739.729,,2.1924,19099030.46,0.0,73361116.85,0.0,8389286.613,0.0,66192.0,0.0,0.0,,17.477425236172166,16.18353330575667,14.426587020026318,0.7039217706127368
2016-07-01,Belgium,0.12,2.32,1.1105259563804009,11331422.0,108141.0,474271566739.729,,-0.6797,33221323.8,0.0,65389932.48,0.0,38938092.55,0.0,66192.0,0.0,0.0,,19.0402526322232,18.061725903589263,15.988594576107571,0.6875884093926411
2016-08-01,Belgium,-0.05,2.32,0.5134044517853248,11331422.0,108141.0,474271566739.729,,-0.9927,11911365.99,0.0,69227062.07,0.0,11642526.86,0.0,66192.0,0.0,0.0,,18.981600574780543,18.232800882699337,16.143205917522494,0.7140583138058312
2016-09-01,Belgium,-0.21,1.79,0.4688578636749996,11331422.0,108141.0,474271566739.729,,-1.4627,26682672.43,0.0,82479977.18,0.0,4477369.942,0.0,66192.0,0.0,0.0,,18.862164412604443,17.603469973152983,15.298899438646115,0.6671077918210833
2016-10-01,Belgium,0.29,1.3,0.6866183622578919,11331422.0,108141.0,474271566739.729,,-0.6254,19525713.93,0.0,69638729.23,0.0,10801274.23,0.0,66192.0,0.0,0.0,,12.153683147635547,10.05514362247709,7.406589208623416,0.6341780238216279
2016-11-01,Belgium,0.07,1.77,0.8657593159658274,11331422.0,108141.0,474271566739.729,,0.535,25757915.92,0.0,75450766.88,0.0,7088976.963,0.0,66192.0,0.0,0.0,,7.806152661641477,5.89380202967493,3.500811407301171,0.6091169913720034
2016-12-01,Belgium,0.13,1.94,0.2356775101931938,11331422.0,108141.0,474271566739.729,,-2.0045,38729714.88,0.0,72030214.72,0.0,13425101.4,0.0,66192.0,0.0,0.0,,6.265603453113215,3.883598727880951,1.5259571157476444,0.6078291037699997
2017-01-01,Belgium,0.71,2.15,0.414848627437834,11375158.0,109773.0,500908767351.53,,-0.3397,19476672.58,0.0,67185646.45,0.0,11424722.8,0.0,60829.0,0.0,0.0,,3.3873252130323976,0.1494275162285134,-3.67721454251193,0.4298069261797544
2017-02-01,Belgium,0.37,2.59,0.7337308470297604,11375158.0,109773.0,500908767351.53,,0.2558,24872994.96,0.0,73376180.33,0.0,5708202.634,0.0,60829.0,0.0,0.0,,6.507565253121527,5.486472917977096,2.732598967779268,0.4461612103309733
2017-03-01,Belgium,0.23,1.49,0.9976009618337648,11375158.0,109773.0,500908767351.53,,-0.573,54086646.99,0.0,81100587.91,0.0,15308165.89,0.0,60829.0,0.0,0.0,,9.342728653774486,8.543811409338616,6.26499742897613,0.5936954146288268
2017-04-01,Belgium,0.17,0.08,0.289826828089572,11375158.0,109773.0,500908767351.53,,-1.4059,25508693.62,0.0,61754277.34,0.0,6562043.316,0.0,60829.0,0.0,0.0,,9.510441483391674,8.097549854663043,5.529267438252816,0.6415969619342557
2017-05-01,Belgium,-0.09,0.18,0.676674461900191,11375158.0,109773.0,500908767351.53,,-0.5587,38627665.5,0.0,79188966.45,0.0,19827934.44,0.0,60829.0,0.0,0.0,,15.664888062015676,14.78910170117956,12.561844967257628,0.6851817950661696
2017-06-01,Belgium,-0.15,-0.11,0.8407902953369961,11375158.0,109773.0,500908767351.53,,-1.3048,34841061.79,0.0,86021646.79,0.0,4377783.788,0.0,60829.0,0.0,0.0,,19.686812655131064,18.716409704088903,16.192175610860204,0.7052518802348566
2017-07-01,Belgium,0.3,0.8,1.2931821844457922,11375158.0,109773.0,500908767351.53,,0.3509,38519396.08,0.0,71451017.54,0.0,7099506.841,0.0,60829.0,0.0,0.0,,19.159382838587646,18.40667655590795,16.24626539907149,0.6949460265664347
2017-08-01,Belgium,0.07,1.42,1.2201914795031672,11375158.0,109773.0,500908767351.53,,0.0952,27061059.74,0.0,81059611.62,0.0,10087610.96,0.0,60829.0,0.0,0.0,,18.633146253196173,17.77596202085033,15.832582892141032,0.6998581701486035
2017-09-01,Belgium,-0.1,1.41,1.034857684758876,11375158.0,109773.0,500908767351.53,,0.9002,22070702.96,0.0,68308019.35,0.0,6157002.684,0.0,60829.0,0.0,0.0,,15.322473907470735,13.747745267954713,11.260904354519312,0.6901858423127591
2017-10-01,Belgium,0.29,1.35,0.6667196923151895,11375158.0,109773.0,500908767351.53,,-0.9558,23259123.16,0.0,75878596.06,0.0,11678147.77,0.0,60829.0,0.0,0.0,,14.530716709424098,12.899681208671211,10.20808881123861,0.6366284242568407
2017-11-01,Belgium,0.13,1.75,1.186195452600607,11375158.0,109773.0,500908767351.53,,0.3212,26062101.49,0.0,81345567.36,0.0,8897513.175,0.0,60829.0,0.0,0.0,,9.105799865722702,6.421141945280169,3.9157363891602017,0.6290023737337047
2017-12-01,Belgium,0.19,2.09,1.234958689929146,11375158.0,109773.0,500908767351.53,,1.3334,27311893.67,0.0,76953486.04,0.0,13285699.48,0.0,60829.0,0.0,0.0,,6.287490688857247,4.0769419592269855,1.18619858116233,0.369559170481276
2018-01-01,Belgium,0.29,2.24,1.616767147530175,11427054.0,110783.0,542638913427.921,,0.9569,38023524.49,0.0,66561454.3,0.0,19028628.86,0.0,61579.0,0.0,0.0,,6.559981938844089,5.378845194157691,2.865008085517502,0.551990904220553
2018-02-01,Belgium,0.15,1.32,0.5843792923507768,11427054.0,110783.0,542638913427.921,,-1.0781,29903234.47,0.0,72025977.02,0.0,8910783.807,0.0,61579.0,0.0,0.0,,2.4760255404881377,-0.0463665184224169,-3.84827168328416,0.5095473835243536
2018-03-01,Belgium,0.14,1.67,0.9676625379402476,11427054.0,110783.0,542638913427.921,,0.8974,43231895.87,0.0,85217741.61,0.0,13313857.71,0.0,61579.0,0.0,0.0,,5.571548039426091,4.645115291184368,2.01697604681857,0.5515341147033993
2018-04-01,Belgium,0.3,2.74,1.0004241497274995,11427054.0,110783.0,542638913427.921,,-0.0359,38403979.13,0.0,68665740.02,0.0,16322698.02,0.0,61579.0,0.0,0.0,,12.991005473666746,12.00517758260412,10.447613546583398,0.6635385930362256
2018-05-01,Belgium,0.21,2.65,1.370547407804778,11427054.0,110783.0,542638913427.921,,-0.5036,29016643.8,0.0,76154788.54,0.0,34996241.25,0.0,61579.0,0.0,0.0,,16.890813528081424,15.412956245503608,13.67355987384758,0.6946173943517733
2018-06-01,Belgium,0.1,3.1,0.975928677997792,11427054.0,110783.0,542638913427.921,,-1.3128,38753418.43,0.0,78967906.12,0.0,35078648.76,0.0,61579.0,0.0,0.0,,18.47982493506538,17.280485919199975,15.124665429857089,0.6857408324832911
2018-07-01,Belgium,0.38,2.4,0.4730336579989659,11427054.0,110783.0,542638913427.921,,-1.8701,28662010.84,0.0,68882583.99,0.0,58054709.54,0.0,61579.0,0.0,0.0,,22.788992264450258,21.402380161093333,18.8749428902903,0.6169755745878274
2018-08-01,Belgium,0.14,1.44,0.8491439957599455,11427054.0,110783.0,542638913427.921,,-0.8153,32689777.5,0.0,64687041.53,0.0,6946580.324,0.0,61579.0,0.0,0.0,,20.611472681517284,19.346093003981537,17.50904387607369,0.6395606048090334
2018-09-01,Belgium,0.0,2.39,0.4627359370752417,11427054.0,110783.0,542638913427.921,,-1.0808,20420468.88,0.0,67093018.63,0.0,8295011.878,0.0,61579.0,0.0,0.0,,16.184188630845824,15.118770752588771,13.276959355672204,0.654113364039905
2018-10-01,Belgium,0.68,2.64,0.4328251563643439,11427054.0,110783.0,542638913427.921,,-1.3447,26872505.65,0.0,82969682.16,0.0,11078432.64,0.0,61579.0,0.0,0.0,,13.697532703030504,12.27217042701858,10.117470329038554,0.6285420674082453
2018-11-01,Belgium,0.16,1.88,0.6494370548424269,11427054.0,110783.0,542638913427.921,,-1.0915,52380433.81,0.0,72927649.42,0.0,19699250.78,0.0,61579.0,0.0,0.0,,8.596639230516246,7.107370355641933,4.880140749613474,0.6231370595576078
2018-12-01,Belgium,-0.24,1.47,1.2955228826442973,11427054.0,110783.0,542638913427.921,,0.8692,30505795.74,0.0,76553971.57,0.0,7926096.56,0.0,61579.0,0.0,0.0,,7.462345787786717,5.261408714596826,2.762003465878081,0.5987842297422832
2019-01-01,Belgium,-0.05,1.41,0.4379738619518368,11488980.0,108979.0,536726344405.489,,-0.3684,45316251.17,0.0,75969948.57,0.0,14885957.2,0.0,72385.0,0.0,0.0,,4.9610099259243725,2.237178564886221,-0.854188746790725,0.4384112635510522
2019-02-01,Belgium,0.32,1.47,0.6314696117333458,11488980.0,108979.0,536726344405.489,,-0.7234,37924782.15,0.0,72008536.35,0.0,47335795.03,0.0,72385.0,0.0,0.0,,6.912119438534717,5.639425119655584,3.302849070231161,0.5666009709816463
2019-03-01,Belgium,0.3,1.15,1.2911437305858935,11488980.0,108979.0,536726344405.489,,0.6477,37723451.22,0.0,67230505.48,0.0,15770649.69,0.0,72385.0,0.0,0.0,,8.660186755272662,7.467193624637787,4.7352586848761575,0.5986618157065258
2019-04-01,Belgium,0.06,0.25,0.7894674049064618,11488980.0,108979.0,536726344405.489,,-1.1319,34690649.06,0.0,70856418.99,0.0,30841355.5,0.0,72385.0,0.0,0.0,,10.978389718797471,9.893266226106109,7.74839839935305,0.6596504620583723
2019-05-01,Belgium,0.02,0.71,0.921730803051672,11488980.0,108979.0,536726344405.489,,0.0299,33919576.6,0.0,73677336.11,0.0,5521723.246,0.0,72385.0,0.0,0.0,,12.229723887289763,11.27876745336647,8.79153084293489,0.6844920534538845
2019-06-01,Belgium,-0.06,0.77,0.6185378436512752,11488980.0,108979.0,536726344405.489,,-0.5142,31899470.99,0.0,69577834.73,0.0,15380141.04,0.0,72385.0,0.0,0.0,,19.786398675706664,18.23108154482054,16.865934265984436,0.7188305982352112
2019-07-01,Belgium,0.08,1.07,0.4416127341549718,11488980.0,108979.0,536726344405.489,,-1.1757,22916850.81,0.0,73689820.85,0.0,10649484.47,0.0,72385.0,0.0,0.0,,20.130427789175428,19.118193016414462,16.975464121500693,0.6579862262312935
2019-08-01,Belgium,-0.02,1.78,0.7667823752245572,11488980.0,108979.0,536726344405.489,,-1.1684,29518570.64,0.0,59111282.9,0.0,7459406.133,0.0,72385.0,0.0,0.0,,19.883120842390213,18.899726965004447,16.846917150353875,0.6825294430679907
2019-09-01,Belgium,-0.46,0.14,0.6983806667070172,11488980.0,108979.0,536726344405.489,,-0.3368,35418356.06,0.0,58250157.69,0.0,7397497.418,0.0,72385.0,0.0,0.0,,16.346116447448765,15.097865652868393,12.61946985456683,0.6484192367971982
2019-10-01,Belgium,0.36,-0.1,1.1201258457134224,11488980.0,108979.0,536726344405.489,,0.8065,17665375.72,0.0,66101621.75,0.0,8451355.233,0.0,72385.0,0.0,0.0,,13.197327509234071,12.044942052045258,9.788738484536452,0.6443986722419816
2019-11-01,Belgium,0.06,0.21,1.0374830369402652,11488980.0,108979.0,536726344405.489,,0.4157,31869458.63,0.0,64524596.44,0.0,9568953.476,0.0,72385.0,0.0,0.0,,8.19173696306018,6.153727987131219,3.702088525560214,0.6198581548921269
2019-12-01,Belgium,0.13,0.44,0.9356659671598764,11488980.0,108979.0,536726344405.489,,0.1865,27971674.07,0.0,63664584.05,0.0,10715174.47,0.0,72385.0,0.0,0.0,,7.2461403549358465,5.333343017721745,3.012999183900945,0.618801499201939
2020-01-01,Belgium,0.6,1.09,0.5952844001402335,11538604.0,127253.0,529694473501.791,,-0.843,29251757.97,2178396.054,63838579.4,16262024.9,16242705.01,3759045.824,94188.0,0.0,0.0,,6.937922701271646,5.236474251979985,2.945834957656075,0.599569489956394
2020-02-01,Belgium,0.02,1.78,2.0518988626659427,11538604.0,127253.0,529694473501.791,,1.9067,41781882.83,2008840.159,57790554.33,12026821.58,6574281.592,3843781.358,94188.0,0.0,0.0,,7.778134611283235,6.359931975358052,3.460768636067712,0.5412847284032
2020-03-01,Belgium,-0.16,2.34,0.5339533539704173,11538604.0,127253.0,529694473501.791,,0.0813,59887959.42,2909001.984,61913696.42,12521328.44,11217973.23,3529181.777,94188.0,0.0,0.0,,7.365982720159764,6.300158031287481,3.870353624897632,0.6068281240564088
2020-04-01,Belgium,0.0,3.97,0.4165992927976097,11538604.0,127253.0,529694473501.791,,-1.9183,24959532.77,2759495.956,59781041.85,13981199.4,48251280.34,3672100.444,94188.0,0.0,0.0,,12.310953203837071,11.668924924771034,9.698358260260704,0.65722841597376
2020-05-01,Belgium,-0.07,3.94,0.669162954495183,11538604.0,127253.0,529694473501.791,,-1.935,26661808.9,2609933.895,52492957.63,11361944.47,35805957.99,4173621.9,94188.0,0.0,0.0,,14.3223576576479,13.467839631293655,10.97672016184822,0.6619114599395772
2020-06-01,Belgium,0.06,3.31,0.9925040867767656,11538604.0,127253.0,529694473501.791,,0.4255,41286361.93,2088750.782,74364081.22,14037684.8,30086676.31,3056567.583,94188.0,0.0,0.0,,18.30276811387808,16.930603694292245,14.83107215033641,0.7058187181789188
2020-07-01,Belgium,0.22,3.66,0.3272285632075912,11538604.0,127253.0,529694473501.791,,-1.1952,31724882.15,4162921.768,67962899.45,11707608.27,18265519.15,2867334.646,94188.0,0.0,0.0,,18.757125862695887,17.37232631358995,15.284705877816805,0.6792046852049599
2020-08-01,Belgium,0.06,3.66,0.6201346015003202,11538604.0,127253.0,529694473501.791,,-0.9998,31466277.07,3626445.484,66892836.77,8798846.98,5916133.829,3086422.325,94188.0,0.0,0.0,,21.979968150969512,20.75372918964069,18.63232765197756,0.6452738849265354
2020-09-01,Belgium,-0.37,3.51,0.7373803912916348,11538604.0,127253.0,529694473501.791,,-0.4951,33643859.55,4819271.199,69202577.12,14164131.35,12959509.62,3861313.888,94188.0,0.0,0.0,,17.103200425042075,16.274990258856178,14.204754787021216,0.5995409433579317
2020-10-01,Belgium,0.2,3.35,1.1978195694341864,11538604.0,127253.0,529694473501.791,,0.8573,25991517.48,3262213.071,75428904.35,12990479.32,12647814.03,5026805.572,94188.0,0.0,0.0,,12.541820042107702,11.156559830166657,8.706914233135933,0.6272929403175256
2020-11-01,Belgium,-0.16,2.34,0.4532439339546084,11538604.0,127253.0,529694473501.791,,-1.4675,34149863.56,2926707.645,75865741.14,10902473.51,11040109.36,3582686.94,94188.0,0.0,0.0,,10.423152478535997,8.638243462803246,6.270483207702682,0.6368650604280373
2020-12-01,Belgium,0.03,1.61,1.1888376995306913,11538604.0,127253.0,529694473501.791,,0.6645,35044127.04,3068787.657,70323820.58,11028276.24,20997647.08,4475383.901,94188.0,0.0,0.0,,6.902434716173445,5.139567966635582,2.67102878119357,0.5377733876478842
2021-01-01,Belgium,0.44,1.24,1.2754184297481943,11586195.0,112309.0,598522422241.851,,1.3416,53664905.26,4150278.386,76228627.23,10646345.85,13488434.49,2748149.937,102900.0,0.0,0.0,,4.590724707162508,2.3108996606812298,-0.556828111217839,0.3926693243984602
2021-02-01,Belgium,0.22,-0.21,0.8767782032952722,11586195.0,112309.0,598522422241.851,,0.145,45220588.41,2871546.946,74544492.26,10470618.34,16453659.09,5521103.936,102900.0,0.0,0.0,,5.30024951299032,4.574685677508171,2.5493979272388287,0.4535906590958555
2021-03-01,Belgium,0.27,-0.58,0.6438449964007145,11586195.0,112309.0,598522422241.851,,-0.6822,55633120.46,4618830.748,94439710.01,10478352.24,13182092.67,3816589.222,102900.0,0.0,0.0,,7.136599989860315,5.986100001924683,3.4161305048132817,0.5860225934668952
2021-04-01,Belgium,0.33,-1.19,0.5698738317529478,11586195.0,112309.0,598522422241.851,,-0.8938,49748884.65,4486964.828,96346668.62,11105890.79,60279465.39,3745008.843,102900.0,0.0,0.0,,6.861809285481797,6.122952915365602,3.787286716037329,0.6181318676139487
2021-05-01,Belgium,0.15,-1.58,0.8698986678247845,11586195.0,112309.0,598522422241.851,,1.3541,43445903.44,4633995.247,109571447.0,11228368.02,15294331.32,5185555.172,102900.0,0.0,0.0,,11.658908626597452,10.789446605873309,8.272113746725154,0.6472680309689831
2021-06-01,Belgium,0.23,-1.23,1.1594295670788193,11586195.0,112309.0,598522422241.851,,0.7903,47227721.56,2524635.184,121812920.9,12004466.65,10934451.65,4402441.469,102900.0,0.0,0.0,,19.0386878755358,17.837130710194288,16.139157168070483,0.6649831090082703
2021-07-01,Belgium,0.85,-0.87,1.6777703074569388,11586195.0,112309.0,598522422241.851,,1.0595,59043849.38,3084278.626,86414880.31,8827910.015,22771233.83,3921860.212,102900.0,101950.0,0.0,,18.24009110645585,17.254293212698997,15.343685486496156,0.6919535018189711
2021-08-01,Belgium,0.52,-0.34,0.8817789935420982,11586195.0,112309.0,598522422241.851,,0.3141,38128992.82,5268544.281,89837982.79,8025170.535,15747891.36,3836696.931,102900.0,0.0,0.0,,17.350957160867665,16.39169592158163,14.121118451190284,0.7429177776811438
2021-09-01,Belgium,-0.25,-0.98,0.7010635980416355,11586195.0,112309.0,598522422241.851,,-1.2018,41228547.79,15191963.77,95813318.04,18043300.79,7940115.404,5358968.339,102900.0,0.0,0.0,,17.51964104970301,16.161708723250626,14.001439009772412,0.6981085339899586
2021-10-01,Belgium,1.47,-0.32,0.8096199105941625,11586195.0,112309.0,598522422241.851,,0.3403,31340760.8,6876275.158,86009232.72,14407127.41,10714259.93,4044075.93,102900.0,0.0,0.0,,13.202093030047706,11.314078876325825,9.007644210323235,0.6724943083643328
2021-11-01,Belgium,1.25,0.24,0.5532085457557157,11586195.0,112309.0,598522422241.851,,-0.7157,48218495.68,5943653.519,91087163.5,14977145.8,17786816.78,5713015.907,102900.0,0.0,0.0,,9.172609456380258,6.013383439233394,3.5065884060330177,0.620522865318655
2021-12-01,Belgium,0.1,1.18,0.7132462502814383,11586195.0,112309.0,598522422241.851,,0.3683,28786234.76,3032444.733,101071898.4,22981061.05,22955055.23,4782003.488,102900.0,0.0,0.0,,7.032226201539402,5.166222490786595,2.535707174321658,0.5862357915048281
2022-01-01,Belgium,2.23,2.38,0.6736023953019493,11680210.0,119831.0,593614574325.878,,-0.7558,44650458.19,3233500.673,89974533.33,11612543.79,19861563.78,4877727.479,192409.0,0.0,0.0,,6.10356165568038,3.58561083828738,0.6209612692556448,0.5840329825141211
2022-02-01,Belgium,0.63,3.95,0.9305583902150216,11680210.0,119831.0,593614574325.878,,0.599,54621564.37,3455347.694,105836400.2,11177370.66,19532353.38,2903483.46,192409.0,0.0,0.0,,7.461450558617003,5.792757164333068,2.936251758393837,0.587466137537035
2022-03-01,Belgium,0.52,4.82,0.5090201525009974,11680210.0,119831.0,593614574325.878,,-1.8232,67849475.03,4182956.918,116027514.3,13879598.99,83327773.1,6083247.921,192409.0,0.0,0.0,,8.259464907902554,7.228120779452809,4.915764786094769,0.5601329203500558
2022-04-01,Belgium,0.33,5.3,1.0936294286951085,11680210.0,119831.0,593614574325.878,,-0.6499,52002296.93,4863798.155,98670984.95,9429547.889,58473105.14,5416735.17,192409.0,0.0,0.0,,10.022197490268296,9.053145311916296,6.329638353983569,0.6378937570132805
2022-05-01,Belgium,0.77,6.62,0.4309383497159312,11680210.0,119831.0,593614574325.878,,-1.0616,58642602.4,4968353.382,128623134.9,10256019.51,40446472.66,22717524.39,192409.0,0.0,0.0,,15.660108287360115,14.663021713205636,12.608295346331886,0.6828804250117732
2022-06-01,Belgium,0.85,8.62,0.9478484516714968,11680210.0,119831.0,593614574325.878,,-0.4965,67221356.41,4348212.13,128934837.1,10141407.56,17412248.45,4154639.358,192409.0,0.0,0.0,,18.218201976352304,17.22447202759622,15.53114414215088,0.7130802700526282
2022-07-01,Belgium,0.83,9.71,0.2855142741190995,11680210.0,119831.0,593614574325.878,,-2.083,46104527.19,2551592.528,92391916.39,8821529.192,53211797.49,3426128.424,192409.0,0.0,0.0,,19.876809959001434,19.15977561004564,16.843491326609012,0.6546628182943968
2022-08-01,Belgium,0.81,10.15,0.4316215729824079,11680210.0,119831.0,593614574325.878,,-2.1908,46665223.18,1684863.006,97228774.61,14181629.62,12807894.85,3800818.769,192409.0,0.0,0.0,,21.5718471239972,20.63575233860206,18.55563408636277,0.5890546352831876
2022-09-01,Belgium,0.96,10.75,1.2710657806000418,11680210.0,119831.0,593614574325.878,,0.9555,46739259.94,5055031.261,101591664.4,15291623.65,10105743.28,3509462.834,192409.0,0.0,0.0,,16.394835684034604,14.727274635083576,12.172719256083212,0.6534572897179698
2022-10-01,Belgium,2.37,12.92,1.0033029798026023,11680210.0,119831.0,593614574325.878,,-0.7095,22123675.49,2906998.139,86347946.36,10770458.65,12165871.88,3775540.758,192409.0,0.0,0.0,,14.762006398682956,13.865646333968698,11.7741504259007,0.5855050130230111
2022-11-01,Belgium,-0.23,15.13,0.9067788679831608,11680210.0,119831.0,593614574325.878,,0.5029,44377623.47,3376409.169,105515775.1,10612770.38,19452302.46,3512876.48,192409.0,0.0,0.0,,10.36500070359972,8.742424069263052,6.474481497870556,0.6671334326656069
2022-12-01,Belgium,-0.16,15.16,0.8072899382720538,11680210.0,119831.0,593614574325.878,,-0.1242,37475767.05,1788608.27,103049153.4,10234681.11,12550165.13,4796057.223,192409.0,0.0,0.0,,5.490348372920892,3.6218049146227145,0.7837187736265605,0.4906913168057917
2023-01-01,Belgium,0.09,16.43,1.011371212938452,11787423.0,113798.0,644655275111.58,,0.5374,49168866.37,1867359.59,111887804.7,8075177.457,16266408.1,4810994.504,212229.0,0.0,0.0,,6.684496754471979,4.526584486537558,1.3585821459370775,0.5127921597991013
2023-02-01,Belgium,-0.7,16.77,0.2617420065065456,11787423.0,113798.0,644655275111.58,,-1.8986,59798765.04,2174427.362,98515673.18,6810396.372,17984001.81,3728116.626,212229.0,0.0,0.0,,6.450085008712051,4.95173662036575,2.6389045306614776,0.614339285394548
2023-03-01,Belgium,0.57,18.02,0.992939548900014,11787423.0,113798.0,644655275111.58,,1.3571,57873424.63,2841067.311,111229561.6,10386851.13,15448894.22,8595951.66,212229.0,0.0,0.0,,7.629207906415388,6.659179123896536,4.227160800400611,0.5732085810619942
2023-04-01,Belgium,-0.67,17.57,0.9427076271300054,11787423.0,113798.0,644655275111.58,,0.6829,44949466.13,2306963.366,99107406.01,7324699.201,12277859.52,3336930.126,212229.0,0.0,0.0,,9.025247192382835,8.189548994237839,5.8515167236328125,0.6534499133067587
2023-05-01,Belgium,0.38,16.39,0.6066982494178638,11787423.0,113798.0,644655275111.58,,-0.6183,56110517.9,1251504.071,86253341.32,8611014.075,13032840.83,4553524.525,212229.0,0.0,0.0,,13.906065159459274,12.913482645251063,11.005262383081629,0.6941373662393728
2023-06-01,Belgium,-0.15,15.06,0.5417212964725708,11787423.0,113798.0,644655275111.58,,-2.1691,32146065.47,1496520.491,82462498.27,6262270.685,10265284.22,2978066.295,212229.0,0.0,0.0,,20.57167748345273,19.3709042826992,17.162690395779123,0.6799576315506168
2023-07-01,Belgium,0.81,13.86,1.2517005154935412,11787423.0,113798.0,644655275111.58,,0.5907,38047904.37,1619722.391,68135504.82,7159386.077,46000763.3,3447942.88,212229.0,0.0,0.0,,19.14705066065636,18.1014428263016,15.980531003398312,0.7089946689518497
2023-08-01,Belgium,0.76,13.41,1.4176793241506227,11787423.0,113798.0,644655275111.58,,0.7825,42246914.14,2014902.134,65220570.0,6632712.948,9721822.949,4453394.678,212229.0,0.0,0.0,,18.58132859506918,17.728327175846005,15.79963494167538,0.7399125939835527
2023-09-01,Belgium,-0.69,11.43,0.9095015630478016,11787423.0,113798.0,644655275111.58,,-0.9131,36036627.63,1816012.667,63517601.4,10182196.76,13028944.74,4538673.024,212229.0,0.0,0.0,,19.015415445963583,18.161521907963163,16.220181613498312,0.7121970410167509
2023-10-01,Belgium,0.34,9.46,1.439868724249865,11787423.0,113798.0,644655275111.58,,1.0582,22797676.56,1547264.973,79628402.83,5442822.702,11394064.77,5842643.659,212229.0,0.0,0.0,,14.64396881595735,13.259351198262207,11.05900787845735,0.6720518535476848
2023-11-01,Belgium,0.17,8.31,1.4814726080530771,11787423.0,113798.0,644655275111.58,,1.6835,32053738.68,1709288.177,69947408.01,6289129.234,21561033.51,4003185.269,212229.0,3000.0,0.0,,9.50456328921848,7.321972449861448,4.532181019253244,0.5528726029693316
2023-12-01,Belgium,0.43,7.32,0.8833921848209165,11787423.0,113798.0,644655275111.58,,0.4304,35296867.27,1052484.195,71166128.02,5221846.541,11270846.73,4249635.482,212229.0,0.0,0.0,,8.14259587359686,6.125486434222523,3.2197495614328773,0.4660622822959663
2024-01-01,Belgium,0.49,6.34,0.8927028401536913,11876844.0,,664564181486.953,,,53228275.04,2880658.755,74476949.79,6367522.968,14607440.99,4825498.058,236409.0,0.0,0.0,,5.09087077315138,2.808256394190323,0.2392242677750573,0.4892227336748148
2024-02-01,Belgium,0.71,4.86,1.5335662668161092,11876844.0,,664564181486.953,,,33673356.73,1814878.219,85793523.4,4904002.736,11773193.04,4225840.08,236409.0,0.0,0.0,,8.853731037008401,7.662696020488681,5.269729824723868,0.4896465419131023
2024-03-01,Belgium,0.55,3.11,1.2447315731324362,11876844.0,,664564181486.953,,,37901331.3,2793133.522,79458684.19,4727356.286,11368461.36,3112399.371,236409.0,0.0,0.0,,9.449280285578936,8.44911990569949,6.386068865048003,0.5767058024838232
2024-04-01,Belgium,-0.48,-0.14,0.975956581721918,11876844.0,,664564181486.953,,,37611407.03,4239530.315,87877007.9,5800761.919,12143346.55,3212484.375,236409.0,0.0,0.0,,11.275422562493247,10.238047464282772,7.803702184889062,0.6364236902941713
2024-05-01,Belgium,0.37,0.77,1.7111403481938248,11876844.0,,664564181486.953,,,37717157.55,3735119.783,79260321.45,4966571.156,8684957.017,3786538.573,236409.0,0.0,0.0,,15.478470615674098,14.132632410127655,12.27732236718623,0.6824042378435455
2024-06-01,Belgium,0.22,0.1,0.8192222542767433,11876844.0,,664564181486.953,,,23999112.02,1736769.283,67213300.59,4308938.497,6990924.448,2691604.109,236409.0,0.0,0.0,,16.339652676052538,15.293870676377937,13.398761834038623,0.6670108449987295
2024-07-01,Belgium,0.71,0.08,0.978720065355302,11876844.0,,664564181486.953,,,45498707.33,2495036.599,81258312.63,5630609.701,13608637.4,3139408.764,236409.0,0.0,0.0,,18.963473892211937,18.05945462216539,16.088636652628622,0.7092243852948896
2024-08-01,Belgium,0.0,-0.29,1.1863909585716983,11876844.0,,664564181486.953,,,22792720.89,3403789.774,60383451.67,3446807.342,16359005.98,5084870.046,236409.0,0.0,0.0,,20.435809010331354,19.3943516751142,17.71156715885286,0.7335786626871523
2024-09-01,Belgium,-0.5,1.8,1.4407368228090949,11876844.0,,664564181486.953,,,20071435.05,4443991.523,72481926.51,7996396.987,9383550.491,3694787.482,236409.0,0.0,0.0,,16.684561263190403,15.435911657291342,13.294215668572347,0.7157172245173586
2024-10-01,Belgium,0.48,1.46,1.1726500833936908,11876844.0,,664564181486.953,,,24683050.48,2081285.996,89724752.88,5934375.958,13178573.22,4523800.497,236409.0,0.0,0.0,,13.358387965540771,12.416655325174077,10.430645715036746,0.6691525703491814
2024-11-01,Belgium,0.17,1.31,1.099864178066554,11876844.0,,664564181486.953,,,26286503.19,1469347.725,88864040.21,8664304.263,15271398.57,3731342.764,236409.0,0.0,0.0,,9.241652637057882,7.168644559323639,4.836175749037011,0.639389695620894
2024-12-01,Belgium,0.4,1.81,0.7430482294151114,11876844.0,,664564181486.953,,,41653832.98,3476541.73,82420068.18,5691425.708,11988977.38,4792483.777,236409.0,0.0,0.0,,7.251221490675448,4.788411542216636,1.7558391612063249,0.3802680081428011
2025-01-01,Belgium,1.39,2.43,1.7672079464301105,,,,,,,,,,,,,0.0,0.0,,4.651669028497508,2.561406304297861,-0.0029034891435912,0.4844285556596115
2025-02-01,Belgium,0.2,2.44,0.5856786671222424,,,,,,,,,,,,,0.0,0.0,,4.910205845605788,3.635553182401964,1.2401648067292967,
2025-03-01,Belgium,-0.07,2.52,0.2318209484901515,,,,,,,,,,,,,0.0,0.0,,7.726856650075604,6.942239151866318,5.07529257497481,
2025-04-01,Belgium,-0.83,2.79,0.7169305888568432,,,,,,,,,,,,,0.0,0.0,,12.269855350918249,11.388504340008751,9.031050554911303,0.6865732125617808
2025-05-01,Belgium,-0.16,2.35,0.5366625962850905,,,,,,,,,,,,,0.0,0.0,,15.200538848548833,14.08802980568828,11.525167124758523,0.6393131330189494
2025-06-01,Belgium,0.35,3.35,1.0498045144140349,,,,,,,,,,,,,0.0,0.0,,19.63497647179497,18.6510450242057,16.71409431033669,0.7096079032917901
2025-07-01,Belgium,0.49,3.1,1.2470009733070595,,,,,,,,,,,,,0.0,0.0,,19.724398057178803,18.70876130458436,16.23878922821376,0.6924460087934048
2025-08-01,Belgium,-0.01,2.63,0.8013462105786758,,,,,,,,,,,,,0.0,0.0,,19.930496265042223,18.964510986823427,16.554293938093338,0.6705612538041196
2025-09-01,Belgium,-0.3,3.38,2.47710040325454,,,,,,,,,,,,,0.0,0.0,,16.354762988620337,15.187671683596191,12.664544889662013,0.6469918466642066
2025-10-01,Belgium,0.36,,1.1529014622834832,,,,,,,,,,,,,0.0,0.0,,13.43866059908305,11.66246579927423,8.908082642093802,0.6446509898004482
2025-11-01,Belgium,0.56,,0.5706516598159167,,,,,,,,,,,,,,,,9.747888331943102,7.710213871624205,4.947910033331993,0.658089805603301
2025-12-01,Belgium,0.07,,0.4025868182281416,,,,,,,,,,,,,,,,7.220225496189585,5.6885411641694645,3.477586467291758,
2026-01-01,Belgium,1.1,,,,,,,,,,,,,,,,,,5.057298565936378,3.085182596913967,0.1124585961783282,
2026-02-01,Belgium,1.45,,,,,,,,,,,,,,,,,,7.743519901094032,6.583225786346532,3.797893506004698,
