Year-Month,Country,inflation-rate(heading),food_inflation,precipitation_Ratio,Population,fatalities,gdp,Exchange_rate,SPEI,Net Refugees,Disaster_Affected,Precipitation,max_temp,mean_temp,min_temp,NDVI_Ratio
2001-01-01,Djibouti,4.19,3.59,0.3816233279070559,771313.0,7948.0,572417440.820162,177.721,0.2658,23004.0,0.0,3.7872124358708223,24.36630385204029,22.187714563951943,19.128140734600777,0.1283603261335027
2001-02-01,Djibouti,3.9,2.9,0.1933919151540479,771313.0,7948.0,572417440.820162,177.721,-1.0964,23004.0,0.0,2.0595460428041945,25.793467480795755,23.32217206849936,20.35803686323624,0.1198493439402484
2001-03-01,Djibouti,4.04,3.24,1.5491146750430964,771313.0,7948.0,572417440.820162,177.721,0.5823,23004.0,0.0,22.30898496692928,28.71503947678434,26.356193954978608,23.4400793793381,0.1158457280775859
2001-04-01,Djibouti,4.46,2.89,0.6347095572049846,771313.0,7948.0,572417440.820162,177.721,-1.3519,23004.0,0.0,9.3681475504024,31.440651660495348,28.31594010281424,25.19220059712728,0.1145556097536971
2001-05-01,Djibouti,5.01,2.7,1.5353563512672952,771313.0,7948.0,572417440.820162,177.721,0.1576,23004.0,0.0,6.998722893547946,35.27771843940985,31.867713590823485,27.84441870822701,0.1060734797019181
2001-06-01,Djibouti,5.39,2.18,0.0494699945321608,771313.0,7948.0,572417440.820162,177.721,0.337,23004.0,100000.0,0.1660419295311886,37.091975996229394,33.448893485892256,29.033211347791905,0.096976170006203
2001-07-01,Djibouti,5.91,2.86,1.481816636580305,771313.0,7948.0,572417440.820162,177.721,0.4541,23004.0,0.0,21.01493702114787,35.00119370081092,31.96955540882169,27.221020019695345,0.1023444194973657
2001-08-01,Djibouti,5.63,3.74,2.036758459599872,771313.0,7948.0,572417440.820162,177.721,0.6514,23004.0,0.0,44.00325592740586,32.92075274887907,29.813996467407947,24.63322597216535,0.1166258131476643
2001-09-01,Djibouti,4.67,4.1,1.089422195690113,771313.0,7948.0,572417440.820162,177.721,-0.357,23004.0,0.0,20.076409078386856,33.64848497178821,30.24538207750402,25.215262858072947,0.1255566647928613
2001-10-01,Djibouti,4.38,3.05,0.3266801091808021,771313.0,7948.0,572417440.820162,177.721,-1.4191,23004.0,0.0,4.637511289068825,31.11741513898301,28.49392420877598,24.357751895535387,0.1233309221424432
2001-11-01,Djibouti,4.24,2.18,0.4050176862825095,771313.0,7948.0,572417440.820162,177.721,-1.0644,23004.0,0.0,5.157040492804681,27.033951716952856,24.795156366707715,21.39675282372372,0.1181431803719266
2001-12-01,Djibouti,4.1,2.18,0.585154998340592,771313.0,7948.0,572417440.820162,177.721,-1.0161,23004.0,0.0,5.442248041451041,25.80317206844211,23.451765328508884,20.58290472133189,0.1150398849196033
2002-01-01,Djibouti,3.89,0.83,0.9823882226302324,795574.0,8095.0,591122039.601398,177.721,0.7114,21575.0,0.0,5.765146344720267,25.180223104005226,23.116220203289345,19.957299086868147,0.1248404148214589
2002-02-01,Djibouti,3.89,1.84,0.2291266201518537,795574.0,8095.0,591122039.601398,177.721,-0.7088,21575.0,0.0,2.393551670092968,25.17487828390944,23.260712416016705,20.4065880820865,0.1274091699276219
2002-03-01,Djibouti,3.75,1.5,0.7037650970260608,795574.0,8095.0,591122039.601398,177.721,-0.7727,21575.0,0.0,10.214181862408283,28.405772945445108,25.91925494366444,22.999452065908827,0.1164552303275533
2002-04-01,Djibouti,3.47,1.5,1.096255486338228,795574.0,8095.0,591122039.601398,177.721,-0.6698,21575.0,0.0,16.724453507010974,29.767743195427784,27.187454757230057,24.2397836685181,0.1241327938069153
2002-05-01,Djibouti,2.65,0.17,0.1543705676097004,795574.0,8095.0,591122039.601398,177.721,-0.6343,21575.0,0.0,1.0004885900171896,34.92059484912505,31.57748938772312,27.95126731216272,0.1170509984252786
2002-06-01,Djibouti,1.18,0.16,0.9188238074688416,795574.0,8095.0,591122039.601398,177.721,-1.5322,21575.0,0.0,1.5690086304945057,36.73969044155547,33.038905383333315,28.89376487731937,0.1005855012608148
2002-07-01,Djibouti,0.65,-0.33,0.6383294529562501,795574.0,8095.0,591122039.601398,177.721,-1.19,21575.0,0.0,10.746843674610336,37.33331359124958,33.65092690895915,29.23593298389068,0.0959107144617121
2002-08-01,Djibouti,0.65,0.33,0.6022920227655791,795574.0,8095.0,591122039.601398,177.721,-0.4661,21575.0,0.0,17.47978525174664,36.41641287444742,32.91579008293911,27.91020435210197,0.1076700236699338
2002-09-01,Djibouti,1.05,1.16,2.0439742456065453,795574.0,8095.0,591122039.601398,177.721,-0.462,21575.0,0.0,31.225539850161464,33.883194012112085,30.45589778431986,25.4719120025635,0.1264857569585842
2002-10-01,Djibouti,0.66,1.49,0.3992611025956413,795574.0,8095.0,591122039.601398,177.721,0.1399,21575.0,0.0,5.218060669443554,30.362587311447328,27.92795976288505,24.396436227778,0.123167244032748
2002-11-01,Djibouti,0.52,1.82,0.3722145428328458,795574.0,8095.0,591122039.601398,177.721,-0.9783,21575.0,0.0,4.76211495432797,27.552423074510383,25.497599402598496,22.25768023596873,0.1183112092704889
2002-12-01,Djibouti,0.66,2.48,0.6483172623468109,795574.0,8095.0,591122039.601398,177.721,0.1454,21575.0,0.0,6.482423576504966,26.202537032096643,24.25049032075418,21.168916505382924,0.1086965519301125
2003-01-01,Djibouti,-0.52,4.01,0.6260487900236172,813519.0,8243.0,622044665.515049,177.721,-0.0576,28095.0,0.0,5.037926944364375,25.1131381045106,23.01936932322741,20.000922672722936,0.1262095134916313
2003-02-01,Djibouti,-0.26,3.83,1.5301945683221698,813519.0,8243.0,622044665.515049,177.721,-0.8963,28095.0,0.0,8.74675613494616,27.62278593608312,25.05788266973167,22.123678211938795,0.1210940752102818
2003-03-01,Djibouti,-0.39,3.99,0.4344753429128912,813519.0,8243.0,622044665.515049,177.721,-0.446,28095.0,0.0,7.156832749196697,29.316225634339048,26.38741138407522,23.3730053932436,0.1206032097164155
2003-04-01,Djibouti,-0.13,3.14,1.1483743449013872,813519.0,8243.0,622044665.515049,177.721,-0.3683,28095.0,0.0,17.425993466458305,29.94125003814701,27.796083938945685,24.654664209153964,0.1121172476533327
2003-05-01,Djibouti,0.0,4.16,0.1413992190676681,813519.0,8243.0,622044665.515049,177.721,-1.559,28095.0,0.0,1.126861701443285,34.0642169501192,30.91674555171108,27.332283356369203,0.111832589711325
2003-06-01,Djibouti,0.39,3.15,1.0486949874766731,813519.0,8243.0,622044665.515049,177.721,0.0921,28095.0,0.0,1.52829861285874,36.82873083750411,33.173058864493214,28.959245702955457,0.0863921019453011
2003-07-01,Djibouti,0.0,2.99,0.6912897250494876,813519.0,8243.0,622044665.515049,177.721,0.8475,28095.0,0.0,11.269103601182197,36.35285312693611,33.06210922226592,28.300197506976417,0.0937432018829449
2003-08-01,Djibouti,-0.13,2.82,2.194308071178739,813519.0,8243.0,622044665.515049,177.721,-0.2699,28095.0,0.0,55.534461172902006,33.09199389385924,30.059923267009424,25.27539338142645,0.1263527009346643
2003-09-01,Djibouti,0.0,3.14,0.7189360698095684,813519.0,8243.0,622044665.515049,177.721,0.5959,28095.0,0.0,13.062685339244318,35.63049185011124,31.81792451515668,26.6096259646946,0.1253795858402706
2003-10-01,Djibouti,0.39,2.97,0.2957238261922897,813519.0,8243.0,622044665.515049,177.721,-0.9227,28095.0,0.0,4.064443382471793,30.424448944419964,27.97377385921675,24.115117522208948,0.1242413823941493
2003-11-01,Djibouti,1.04,3.12,0.3850579997153439,813519.0,8243.0,622044665.515049,177.721,-1.3775,28095.0,0.0,4.818693342685865,27.449069764879027,25.33445291532638,22.1569012535943,0.1174552072350633
2003-12-01,Djibouti,1.04,3.1,3.964232086013151,813519.0,8243.0,622044665.515049,177.721,0.6016,28095.0,0.0,13.33831804991169,25.442193583006546,23.139329716913664,20.25988091499579,0.1266624821846124
2004-01-01,Djibouti,2.33,5.61,0.627090992136851,826124.0,8350.0,666072101.777505,177.721,0.7175,17505.0,0.0,4.3169201495553535,25.825058381275483,23.802590518247086,20.76366882734402,0.1197323833612225
2004-02-01,Djibouti,2.33,8.99,0.233333597340571,826124.0,8350.0,666072101.777505,177.721,-0.0811,17505.0,0.0,2.442661013805353,25.7721944041636,23.55979784223723,20.53145210441505,0.1232304717998789
2004-03-01,Djibouti,2.46,5.69,0.7125006628052714,826124.0,8350.0,666072101.777505,177.721,-0.4804,17505.0,0.0,10.502929059047188,28.369343304377765,25.7144322620602,22.807074319162723,0.1198835457448913
2004-04-01,Djibouti,2.2,6.3,1.5072739347260111,826124.0,8350.0,666072101.777505,177.721,0.5671,17505.0,100000.0,24.553942590937112,30.622318924797924,27.764140919365843,24.607719315422912,0.1274206862445549
2004-05-01,Djibouti,2.71,5.75,0.0259217884220319,826124.0,8350.0,666072101.777505,177.721,-1.2515,17505.0,0.0,0.2209438499036024,35.61703775057231,32.07933887003435,28.32209487422824,0.1149694112029422
2004-06-01,Djibouti,2.84,5.3,0.6986271036191443,826124.0,8350.0,666072101.777505,177.721,0.1364,17505.0,0.0,0.9906547021705436,36.82430466545952,33.17335321505124,28.728327560424816,0.1026632653097491
2004-07-01,Djibouti,3.1,5.6,0.3695358083551667,826124.0,8350.0,666072101.777505,177.721,-0.3326,17505.0,0.0,7.062454553561451,36.79979253379247,33.31777104847174,28.50639588140672,0.0953136984530631
2004-08-01,Djibouti,3.36,5.33,0.3976349056885122,826124.0,8350.0,666072101.777505,177.721,-0.1847,17505.0,0.0,12.355178987836982,36.026582295407536,32.61216654793179,27.805881795575544,0.1072932386854043
2004-09-01,Djibouti,2.86,4.03,1.1561952591082634,826124.0,8350.0,666072101.777505,177.721,-0.3195,17505.0,0.0,16.96232989179765,34.94291140238448,31.45184011265832,26.314143498738645,0.1193910830335334
2004-10-01,Djibouti,3.38,4.25,1.1854742967303813,826124.0,8350.0,666072101.777505,177.721,1.2679,17505.0,0.0,10.6111274038123,29.88850161644723,27.39367303219717,23.591815628544,0.1233741230392364
2004-11-01,Djibouti,2.84,3.48,1.1693529370183535,826124.0,8350.0,666072101.777505,177.721,-0.1131,17505.0,0.0,12.265299369801028,27.2019803788927,25.146379161386,22.05648070441356,0.1180629730192943
2004-12-01,Djibouti,2.71,2.19,0.4554314662316835,826124.0,8350.0,666072101.777505,177.721,-0.6615,17505.0,0.0,5.213239213614499,25.77936142542029,23.475176946645377,20.408853087886712,0.1202993494011239
2005-01-01,Djibouti,1.65,-0.59,0.3610085666276197,839167.0,8289.0,708633194.726566,177.721,-0.7596,9759.0,0.0,3.700872946578795,25.3323801799487,23.048853118192422,19.84339275975384,0.120855885113655
2005-02-01,Djibouti,1.64,-3.13,0.2336217100617332,839167.0,8289.0,708633194.726566,177.721,-2.3711,9759.0,0.0,2.446907448932361,26.531895028977203,24.22259367476664,21.29594474065874,0.120951202597665
2005-03-01,Djibouti,1.52,2.92,0.8868733476682991,839167.0,8289.0,708633194.726566,177.721,-0.1278,9759.0,0.0,12.513366155077724,29.147789276287146,26.45778788498626,23.27391022302772,0.109491940287634
2005-04-01,Djibouti,1.64,1.85,1.3547440648372906,839167.0,8289.0,708633194.726566,177.721,-0.3464,9759.0,150000.0,20.49245742806489,30.07007331848149,27.60795674096795,24.516942893134228,0.1155453852681999
2005-05-01,Djibouti,1.26,1.66,0.9675361369859624,839167.0,8289.0,708633194.726566,177.721,0.1196,9759.0,0.0,5.444017020645688,33.55332660469958,30.33476120402713,26.39536236998856,0.121711302656774
2005-06-01,Djibouti,1.76,2.36,0.2833724144437211,839167.0,8289.0,708633194.726566,177.721,1.2613,9759.0,0.0,0.6113630974534593,37.067463896009656,33.34516125352127,28.94750133090554,0.099797862992604
2005-07-01,Djibouti,1.63,4.34,0.8159734478428492,839167.0,8289.0,708633194.726566,177.721,0.4397,9759.0,0.0,14.853415241276,36.01128269318616,32.7474717091045,27.79888034943616,0.0968446477419723
2005-08-01,Djibouti,1.63,4.74,0.7995039362862237,839167.0,8289.0,708633194.726566,177.721,-0.5477,9759.0,0.0,17.938728628844522,36.39272725505214,32.80962467939264,27.801389784454045,0.1136398368719596
2005-09-01,Djibouti,2.27,5.46,0.546874678743151,839167.0,8289.0,708633194.726566,177.721,-0.3871,9759.0,0.0,9.692188162906218,35.49998970031743,31.813288973498857,27.116170798407666,0.1231302128426952
2005-10-01,Djibouti,2.64,4.54,0.2014623946587231,839167.0,8289.0,708633194.726566,177.721,-0.4871,9759.0,0.0,2.71568408654169,30.619160978255763,28.10260931371232,24.11351686703261,0.1232868662975109
2005-11-01,Djibouti,2.39,3.75,0.7086985025745581,839167.0,8289.0,708633194.726566,177.721,0.0169,9759.0,0.0,6.8370410605565946,27.609894794887964,25.35214948554426,21.956897290547715,0.1211426253950041
2005-12-01,Djibouti,2.26,4.95,0.3354523717181792,839167.0,8289.0,708633194.726566,177.721,-0.3191,9759.0,0.0,3.947651666155471,25.47062704434961,23.10637877354628,20.259177636587538,0.1164956230640756
2006-01-01,Djibouti,2.99,6.91,0.3883559906738255,855764.0,8249.0,768873684.032838,177.721,-0.5109,8686.0,0.0,3.859059115053278,24.849761150729307,22.78229625386257,19.81949558873333,0.1118172353343164
2006-02-01,Djibouti,2.74,7.83,0.3296838090174481,855764.0,8249.0,768873684.032838,177.721,-1.0432,8686.0,0.0,3.203158814478277,26.432412492661285,23.91898304297513,20.87639675140383,0.1283874656424806
2006-03-01,Djibouti,2.86,5.29,0.5727881763098558,855764.0,8249.0,768873684.032838,177.721,0.0697,8686.0,0.0,8.966777971833649,28.79052400896626,25.90646490909336,22.857119271063084,0.1267228325818225
2006-04-01,Djibouti,2.74,7.16,0.8235948642946131,855764.0,8249.0,768873684.032838,177.721,0.7073,8686.0,0.0,12.47586581992627,30.27553723653159,27.577885259802542,24.59296616448296,0.1317166718117235
2006-05-01,Djibouti,3.11,6.8,0.8005775328804233,855764.0,8249.0,768873684.032838,177.721,-0.2279,8686.0,0.0,3.283991579845137,34.477335886801484,31.42695935836946,27.773087314892848,0.1134209442225767
2006-06-01,Djibouti,2.72,6.73,0.4344559480929762,855764.0,8249.0,768873684.032838,177.721,-0.8404,8686.0,0.0,0.9353864281564715,37.26541228824192,33.51843244856457,29.25198455386692,0.0932984025950827
2006-07-01,Djibouti,2.96,3.88,0.9859665941529742,855764.0,8249.0,768873684.032838,177.721,0.1167,8686.0,0.0,12.789415848316253,36.28890840263779,32.96908733416024,28.22647403183805,0.0979052890486334
2006-08-01,Djibouti,3.2,5.84,2.722362001927969,855764.0,8249.0,768873684.032838,177.721,0.036,8686.0,0.0,61.42399647588816,35.077901684340645,31.763290027286303,26.713418107391703,0.1172936056307993
2006-09-01,Djibouti,2.72,6.87,0.8029816740821624,855764.0,8249.0,768873684.032838,177.721,0.0975,8686.0,0.0,14.338657085379564,34.681100696987585,31.25494384663397,26.289276695251488,0.1250668132260727
2006-10-01,Djibouti,1.22,7.74,0.6940072293818158,855764.0,8249.0,768873684.032838,177.721,-0.081,8686.0,0.0,8.104142512201914,30.117379822269584,27.71058846443884,24.145954776066617,0.122341189500175
2006-11-01,Djibouti,1.47,8.94,0.8624545481505872,855764.0,8249.0,768873684.032838,177.721,-0.5352,8686.0,0.0,9.224510410264108,27.240374777052185,24.98760919174822,21.724999343024365,0.1339375071961905
2006-12-01,Djibouti,1.72,8.68,3.1526521987150424,855764.0,8249.0,768873684.032838,177.721,1.9383,8686.0,0.0,17.01450794688346,26.103863344910337,23.830457363337985,20.611305696220825,0.1362283903672096
2007-01-01,Djibouti,1.21,7.66,0.7146706957859296,874528.0,8267.0,847918929.107984,177.721,0.2889,6465.0,43312.0,5.1305751170389575,24.716785090456767,22.45796462776144,19.52159072301725,0.1450539480693577
2007-02-01,Djibouti,1.45,6.44,0.2080697181495498,874528.0,8267.0,847918929.107984,177.721,-0.0021,6465.0,0.0,2.1570289967521727,27.6992826961336,24.989698494778,21.971156533559167,0.1458559133166368
2007-03-01,Djibouti,1.82,7.0,0.5307260721072022,874528.0,8267.0,847918929.107984,177.721,-0.6008,6465.0,0.0,8.51114519812928,28.8884302241828,26.360217373693388,23.41083340798656,0.125943338354235
2007-04-01,Djibouti,2.54,7.12,0.9636964961468228,874528.0,8267.0,847918929.107984,177.721,-0.1361,6465.0,0.0,15.123243887699482,30.255301390753857,27.948561464844147,24.717747137281663,0.1260829740981273
2007-05-01,Djibouti,2.41,8.7,0.614577084854901,874528.0,8267.0,847918929.107984,177.721,-0.5949,6465.0,0.0,3.9719164845878976,34.38558845930203,31.42375210545748,27.691559666459284,0.1078502170517776
2007-06-01,Djibouti,2.4,9.82,1.24728047217709,874528.0,8267.0,847918929.107984,177.721,0.1337,6465.0,0.0,1.6696370833564165,36.91341768900554,33.2562420136465,28.92634629143612,0.0998822640377029
2007-07-01,Djibouti,2.39,10.92,1.3290980085624475,874528.0,8267.0,847918929.107984,177.721,0.8483,6465.0,0.0,23.152899456096247,35.28909733269808,31.693635945325862,27.269492577993788,0.1107766611353866
2007-08-01,Djibouti,2.51,9.97,0.8374590998322747,874528.0,8267.0,847918929.107984,177.721,-0.2447,6465.0,0.0,23.37576998205288,35.428947764571035,32.18892690427526,27.26223647004815,0.1196318992775045
2007-09-01,Djibouti,2.88,9.87,0.8991582548326251,874528.0,8267.0,847918929.107984,177.721,0.1605,6465.0,0.0,16.942195062176403,35.84398136138918,32.21180771070357,27.71313283708361,0.1213296900604551
2007-10-01,Djibouti,4.11,13.92,0.4333268882051931,874528.0,8267.0,847918929.107984,177.721,-0.0218,6465.0,0.0,4.480712956222485,30.41774198880762,27.871687358546183,24.09336835389496,0.1230225444327249
2007-11-01,Djibouti,5.08,13.45,0.4211131592489648,874528.0,8267.0,847918929.107984,177.721,-0.1192,6465.0,0.0,5.300569189893315,27.414556842380136,25.14548816167337,21.78195321824819,0.120870202146711
2007-12-01,Djibouti,5.43,13.45,0.4309872432881566,874528.0,8267.0,847918929.107984,177.721,-0.9432,6465.0,0.0,5.011801804157513,25.4972863433182,23.17066985294912,20.03437471697407,0.1172375542921724
2008-01-01,Djibouti,7.54,17.41,0.3838552114397438,892734.0,8240.0,999105339.267729,177.721,-0.6831,8961.0,0.0,3.777580278793968,24.958622827837587,23.008139746830864,20.13958353432281,0.1130226544174162
2008-02-01,Djibouti,7.64,17.39,0.2867543073482735,892734.0,8240.0,999105339.267729,177.721,-0.8117,8961.0,0.0,2.708505031404665,24.51791148569396,22.64132087357717,19.864961593452563,0.107562725015224
2008-03-01,Djibouti,7.13,16.61,0.3660622144970002,892734.0,8240.0,999105339.267729,177.721,-0.4232,8961.0,0.0,6.499148365292772,27.458426924674768,24.97096493914768,22.20614302850544,0.1048726268182945
2008-04-01,Djibouti,6.73,18.7,0.4153667856813874,892734.0,8240.0,999105339.267729,177.721,-0.5379,8961.0,0.0,7.079033097440486,31.173944600423223,28.202945196383663,24.998678758409312,0.1002627212508601
2008-05-01,Djibouti,6.82,24.67,1.2397255713558426,892734.0,8240.0,999105339.267729,177.721,1.0191,8961.0,0.0,5.893988636511026,34.50390256656118,31.25066494648292,27.48407729774397,0.0984979201570327
2008-06-01,Djibouti,6.81,28.3,2.629453781080039,892734.0,8240.0,999105339.267729,177.721,-0.453,8961.0,0.0,2.505198101758023,36.52050344679094,32.725229666926,28.393338733249266,0.0879298409149241
2008-07-01,Djibouti,6.89,30.27,0.7138902039417792,892734.0,8240.0,999105339.267729,177.721,0.1879,8961.0,340000.0,11.735823252999577,36.69648331262732,33.2485627815891,28.65285827062468,0.0872311218347136
2008-08-01,Djibouti,6.4,31.26,0.6879912140593714,892734.0,8240.0,999105339.267729,177.721,-0.6167,8961.0,0.0,16.07582111287122,36.65137976779732,33.13176361473819,28.44681355055945,0.0988606586157161
2008-09-01,Djibouti,6.54,32.32,1.0383456619975708,892734.0,8240.0,999105339.267729,177.721,-0.7091,8961.0,0.0,18.556075481485625,34.8388520346748,31.46554468964092,26.611030854119235,0.1097938383238399
2008-10-01,Djibouti,5.92,27.59,0.736716386292905,892734.0,8240.0,999105339.267729,177.721,-0.3687,8961.0,0.0,7.709144302003467,30.757048871440304,28.160235823828828,24.40461481566075,0.1179437810446124
2008-11-01,Djibouti,4.37,29.48,1.5966223152566157,892734.0,8240.0,999105339.267729,177.721,0.7949,8961.0,0.0,12.580154157051338,26.706685807969848,24.4353323776254,20.95285551283098,0.1290765074899632
2008-12-01,Djibouti,3.67,26.93,0.3439180007233098,892734.0,8240.0,999105339.267729,177.721,-0.7957,8961.0,0.0,4.072600155164815,25.07078442317185,22.61575469551952,19.85892023886408,0.1273260703788005
2009-01-01,Djibouti,2.22,19.21,1.3446201299572342,911527.0,8195.0,1049110684.72493,177.721,0.5848,12246.0,0.0,5.991957380907698,24.463929174279656,22.37088769306144,19.44794715143024,0.1201347043652969
2009-02-01,Djibouti,1.88,18.59,0.2469922527247786,911527.0,8195.0,1049110684.72493,177.721,-0.842,12246.0,0.0,2.5487128948970565,26.1462281817482,23.918320577053294,21.02682307107108,0.1235193147757006
2009-03-01,Djibouti,2.22,17.19,0.557849044043046,911527.0,8195.0,1049110684.72493,177.721,-0.0318,12246.0,0.0,8.36081071262663,28.37842929799069,25.801482216859423,22.90683624103508,0.1180746402088967
2009-04-01,Djibouti,1.77,12.75,0.8108277265486192,911527.0,8195.0,1049110684.72493,177.721,-0.9124,12246.0,0.0,11.755880859632695,31.198083729214147,28.22846620094907,25.17300506167942,0.1185445277636567
2009-05-01,Djibouti,1.32,6.02,0.367512887581147,911527.0,8195.0,1049110684.72493,177.721,-0.9456,12246.0,0.0,2.584892255159329,33.79140348126816,30.834168714778343,27.423945588963026,0.1056143740847025
2009-06-01,Djibouti,1.1,3.13,0.6762904493454229,911527.0,8195.0,1049110684.72493,177.721,-1.8006,12246.0,0.0,1.377051354056238,36.54732966952855,33.06125549591593,28.99864260355633,0.0874450052501473
2009-07-01,Djibouti,0.22,2.33,0.4877095724820973,911527.0,8195.0,1049110684.72493,177.721,0.3042,12246.0,0.0,9.44830748680188,37.22290929978897,33.866425137108195,28.98943473241667,0.091656807969871
2009-08-01,Djibouti,0.11,0.86,0.9300227838621992,911527.0,8195.0,1049110684.72493,177.721,-0.9328,12246.0,0.0,21.822269394149764,36.8032847660844,33.066359851380014,28.450785081104584,0.1087797980589871
2009-09-01,Djibouti,0.0,0.36,0.479325436905957,911527.0,8195.0,1049110684.72493,177.721,-2.2085,12246.0,0.0,9.741983463873336,34.811106808980355,31.63250034986538,27.53244469960532,0.1120046754651091
2009-10-01,Djibouti,-0.11,0.9,0.9460288766944344,911527.0,8195.0,1049110684.72493,177.721,-0.3889,12246.0,0.0,9.653972219721162,29.81055176437542,27.52109790981774,24.249949760847244,0.1182771579293481
2009-11-01,Djibouti,0.55,-1.49,0.5913973710582153,911527.0,8195.0,1049110684.72493,177.721,0.1933,12246.0,0.0,6.0518227610824935,27.61991411844889,25.579526449824925,22.529082955254463,0.1149380241791132
2009-12-01,Djibouti,0.99,0.0,0.3580160604745649,911527.0,8195.0,1049110684.72493,177.721,0.0614,12246.0,0.0,4.240690945875508,26.45918810034312,24.30151812020813,21.371607245168377,0.1075437312298175
2010-01-01,Djibouti,0.65,0.37,0.370836368119312,930251.0,8232.0,1128611700.3618,177.721,-0.9955,15047.0,0.0,3.721992066084952,25.008864421229248,22.994054782390435,20.14866774364185,0.1084757502484178
2010-02-01,Djibouti,0.21,0.67,2.6009133909314133,930251.0,8232.0,1128611700.3618,177.721,-0.1074,15047.0,0.0,13.595721981473204,26.142538756416,23.97508664217065,21.065747810545417,0.1058551407298098
2010-03-01,Djibouti,0.28,1.17,1.2076711038108947,930251.0,8232.0,1128611700.3618,177.721,0.471,15047.0,0.0,17.270487786649472,29.009791002991392,26.489700979254053,23.637704939483346,0.1264870299433632
2010-04-01,Djibouti,-0.21,1.24,0.7860423841257969,930251.0,8232.0,1128611700.3618,177.721,-0.1476,15047.0,0.0,12.547618123403709,31.38058518303768,28.65813438908544,25.43331684536406,0.1169974947448725
2010-05-01,Djibouti,0.21,2.31,1.670381911907464,930251.0,8232.0,1128611700.3618,177.721,-0.0688,15047.0,0.0,9.397941433566158,34.62465699308666,31.35580610917816,27.60548276593613,0.1068283713700934
2010-06-01,Djibouti,1.28,4.77,2.64213711666429,930251.0,8232.0,1128611700.3618,177.721,-0.1033,15047.0,0.0,2.646850020059809,37.43926544189458,33.75824438087403,29.74671444363065,0.0886722937090569
2010-07-01,Djibouti,0.14,4.31,1.324772339907645,930251.0,8232.0,1128611700.3618,177.721,0.4087,15047.0,0.0,19.58456218003059,34.39312991070494,31.2787936936262,26.459215890207645,0.096152085943798
2010-08-01,Djibouti,1.19,6.06,2.027599406322151,930251.0,8232.0,1128611700.3618,177.721,0.1482,15047.0,0.0,49.508445478893606,34.186902618408226,31.37080373964767,26.506351438132697,0.1148133279688973
2010-09-01,Djibouti,2.0,10.63,1.2329917161307165,930251.0,8232.0,1128611700.3618,177.721,0.112,15047.0,0.0,19.740306230208752,34.825758594936815,31.25909028695338,26.617490365770152,0.1213198965029448
2010-10-01,Djibouti,-1.83,4.84,0.362028010604677,930251.0,8232.0,1128611700.3618,177.721,0.1134,15047.0,0.0,4.062760667972298,31.860066514374125,28.92049026229472,24.838398377613373,0.1192910130888322
2010-11-01,Djibouti,-0.41,4.65,0.6208954785561696,930251.0,8232.0,1128611700.3618,177.721,-0.247,15047.0,200258.0,6.124071458274115,27.41167507171633,25.100177873767336,21.8134464475844,0.1196512908027495
2010-12-01,Djibouti,0.42,4.16,0.365205650671728,930251.0,8232.0,1128611700.3618,177.721,0.0959,15047.0,0.0,4.159693166794444,25.037350960188064,22.77846691094624,19.98952039903213,0.1147326167744723
2011-01-01,Djibouti,0.35,5.56,0.5262575163289281,948558.0,8172.0,1239144501.77525,177.721,0.3376,21370.0,0.0,4.263319554503483,24.59010545463974,22.614401755510983,19.76602583854429,0.107496045005803
2011-02-01,Djibouti,0.34,4.93,0.2515201825628256,948558.0,8172.0,1239144501.77525,177.721,-0.5019,21370.0,0.0,2.590705298876751,26.123888633364743,23.80394305826076,20.96602846781417,0.1090614933702976
2011-03-01,Djibouti,0.62,5.64,0.3693848306634648,948558.0,8172.0,1239144501.77525,177.721,0.1902,21370.0,0.0,6.374405032101276,27.94968741222096,25.27938392994281,22.397270682550243,0.1057411183732797
2011-04-01,Djibouti,0.51,8.77,0.1590211173024955,948558.0,8172.0,1239144501.77525,177.721,0.1494,21370.0,0.0,3.179110349575628,31.451332261827304,28.2482301485407,25.118503485785595,0.101069559074322
2011-05-01,Djibouti,0.47,8.97,2.765767446381729,948558.0,8172.0,1239144501.77525,177.721,0.259,21370.0,0.0,14.37113391176297,33.16329969180532,30.25854523170983,26.098665430212577,0.1032743796345524
2011-06-01,Djibouti,0.56,6.69,0.22501994108891,948558.0,8172.0,1239144501.77525,177.721,-0.4573,21370.0,0.0,0.3460925410239752,37.23988420698379,33.40577661664577,29.26681563059492,0.0923359456029412
2011-07-01,Djibouti,0.71,9.09,0.4763798924589374,948558.0,8172.0,1239144501.77525,177.721,-0.031,21370.0,0.0,8.213887710479241,36.86468752789244,33.390364078917344,28.80069905763031,0.0851376581650242
2011-08-01,Djibouti,0.78,8.65,3.1506695070972404,948558.0,8172.0,1239144501.77525,177.721,0.1413,21370.0,0.0,62.5748539952934,33.58317138097624,30.560216649779136,25.789247069820306,0.1072142846883673
2011-09-01,Djibouti,1.41,5.35,0.7751439906688642,948558.0,8172.0,1239144501.77525,177.721,-0.2141,21370.0,0.0,13.625627209740427,35.71705981360543,32.12059713342984,27.62394186655684,0.1177736885530859
2011-10-01,Djibouti,0.52,10.14,0.303938978214175,948558.0,8172.0,1239144501.77525,177.721,-2.0805,21370.0,0.0,3.243743783644313,30.471895390172165,27.86461755018649,24.084095070951776,0.1230014306264103
2011-11-01,Djibouti,0.31,11.76,1.822560592383189,948558.0,8172.0,1239144501.77525,177.721,0.7208,21370.0,0.0,14.91910530606556,28.273009533352365,25.893432446869497,22.495229042900974,0.1161207352887592
2011-12-01,Djibouti,0.8,12.33,0.3460958878009442,948558.0,8172.0,1239144501.77525,177.721,-0.1099,21370.0,0.0,4.130280588862002,25.40810877071914,23.1669647583862,20.13444025593424,0.1173678215152615
2012-01-01,Djibouti,-1.17,11.86,0.6359665690239056,966747.0,8197.0,1353632941.5207,177.721,0.0518,21304.0,0.0,4.49097817960014,25.47047656889885,23.25826116282849,20.3156310337846,0.1126355954638845
2012-02-01,Djibouti,-0.46,9.74,0.2649816172097866,966747.0,8197.0,1353632941.5207,177.721,-0.0247,21304.0,0.0,2.6943022194367714,25.35888004522218,23.341665072015928,20.44398690585433,0.1046509861429438
2012-03-01,Djibouti,-0.49,7.35,0.3906532204777811,966747.0,8197.0,1353632941.5207,177.721,0.0178,21304.0,0.0,6.651462243653691,27.82522272089477,25.21245806400748,22.293445062124647,0.0987499854463184
2012-04-01,Djibouti,0.64,5.25,0.7921158406509851,966747.0,8197.0,1353632941.5207,177.721,0.2747,21304.0,0.0,13.274508205282824,30.88577382829459,28.051963252893188,24.861994531419555,0.1018530844981442
2012-05-01,Djibouti,0.58,6.61,0.2307241589275858,966747.0,8197.0,1353632941.5207,177.721,0.0724,21304.0,0.0,1.2508907516832708,33.6904589827343,30.38565171003944,26.973998129239646,0.0885336608371579
2012-06-01,Djibouti,0.61,6.05,0.5426411632618096,966747.0,8197.0,1353632941.5207,177.721,-0.1053,21304.0,0.0,1.040412734940126,37.27087529500329,33.52562694670422,29.329051293267185,0.0803824745755066
2012-07-01,Djibouti,0.87,5.35,0.8885690624523519,966747.0,8197.0,1353632941.5207,177.721,0.3599,21304.0,0.0,16.569947542260255,36.197828424105126,32.94176231122748,28.09659144493844,0.0895298434681875
2012-08-01,Djibouti,0.99,5.47,0.6678498892074253,966747.0,8197.0,1353632941.5207,177.721,0.0749,21304.0,0.0,17.13980750540831,35.96161904693935,32.576063956173584,27.76933599082372,0.1066691490089934
2012-09-01,Djibouti,0.25,2.54,0.4112716437106787,966747.0,8197.0,1353632941.5207,177.721,-0.7634,21304.0,0.0,7.983699668792217,35.41714602576366,32.182874448048324,27.948222414652548,0.1064907859502586
2012-10-01,Djibouti,-0.63,-0.72,0.829500588212769,966747.0,8197.0,1353632941.5207,177.721,-0.2954,21304.0,0.0,8.396144544886159,29.67508977254232,27.287901406166952,23.849201415687503,0.1081157101415917
2012-11-01,Djibouti,-0.46,-2.68,0.5780585557101054,966747.0,8197.0,1353632941.5207,177.721,-1.1617,21304.0,0.0,6.289671323548797,27.202403810289184,25.23446559809281,22.304875055948912,0.1073379836674344
2012-12-01,Djibouti,0.37,-3.09,0.4704575653876053,966747.0,8197.0,1353632941.5207,177.721,-1.1011,21304.0,0.0,4.539843155697048,25.867755918605383,23.949008413506363,21.1245209765691,0.1056737741595755
2013-01-01,Djibouti,-15.19,-4.14,5.700334473797321,984824.0,8229.0,2044440443.16654,177.721,-0.0447,22664.0,0.0,5.285251765473315,25.15261189450501,23.30165146395626,20.506991199780543,0.0995532943053475
2013-02-01,Djibouti,1.37,-3.96,0.5335155701562497,984824.0,8229.0,2044440443.16654,177.721,-1.2682,22664.0,0.0,3.895264409635199,25.63937655403504,23.67737591466158,20.88210755756927,0.1000414622029881
2013-03-01,Djibouti,0.98,2.57,2.380522053855171,984824.0,8229.0,2044440443.16654,177.721,-0.0838,22664.0,0.0,33.24967688722969,28.113768780616056,25.684211568982505,22.67386675188618,0.1027449574251194
2013-04-01,Djibouti,-0.74,0.78,0.5092861288010813,984824.0,8229.0,2044440443.16654,177.721,-0.3623,22664.0,0.0,8.708850176635668,31.437382104661765,28.42825540361736,25.362892087300622,0.1057212462487214
2013-05-01,Djibouti,0.79,0.74,1.342020586019652,984824.0,8229.0,2044440443.16654,177.721,1.2418,22664.0,0.0,6.179427910702055,34.59616063025692,31.49370474568383,27.87253306809293,0.0967805331611915
2013-06-01,Djibouti,-0.13,0.05,0.6794398425774785,984824.0,8229.0,2044440443.16654,177.721,-1.5544,22664.0,0.0,1.0442036838581392,37.5275368160672,33.798236752768446,29.44922735426161,0.0880070181812228
2013-07-01,Djibouti,-0.9,-4.22,1.4595739496781603,984824.0,8229.0,2044440443.16654,177.721,0.7505,22664.0,0.0,20.991431500740475,35.68647551587833,32.875854467779334,27.9124184762278,0.0853532657057637
2013-08-01,Djibouti,1.74,-1.35,1.7682221924629131,984824.0,8229.0,2044440443.16654,177.721,0.1326,22664.0,0.0,43.62947683188843,33.18313394361928,30.2578766177794,25.30000379829,0.1102846224346155
2013-09-01,Djibouti,-0.89,-3.48,0.9166439170539784,984824.0,8229.0,2044440443.16654,177.721,-1.1021,22664.0,0.0,16.292266225536896,35.886436865064866,32.17518300741409,27.32542069753015,0.1199963432861616
2013-10-01,Djibouti,0.44,0.62,2.276742373443559,984824.0,8229.0,2044440443.16654,177.721,0.994,22664.0,0.0,20.09511779804897,31.012265572496688,28.34417042385405,23.842322696152564,0.1217383469456148
2013-11-01,Djibouti,-0.35,1.44,1.730742017263196,984824.0,8229.0,2044440443.16654,177.721,0.6368,22664.0,0.0,16.035087415552606,27.48380917443172,24.922212308323537,21.82843808068173,0.1221502060780474
2013-12-01,Djibouti,-0.5,0.31,0.6255647168161514,984824.0,8229.0,2044440443.16654,177.721,-0.4063,22664.0,0.0,5.004835344267956,25.428350354266456,23.07845384980237,20.012878139044687,0.1171868963927618
2014-01-01,Djibouti,1.43,5.73,11.234719635427274,1002717.0,8307.0,2220637966.25047,177.721,-1.4714,23073.0,0.0,5.156107521676402,24.643515113092235,22.595643344639427,19.708624530094937,0.1066054776747628
2014-02-01,Djibouti,-1.54,4.69,0.9097416905843978,1002717.0,8307.0,2220637966.25047,177.721,-0.1678,23073.0,0.0,5.416548177446355,25.942173894246423,23.618532225000024,20.48679640633719,0.1005907493924309
2014-03-01,Djibouti,0.84,0.42,0.7726162982972524,1002717.0,8307.0,2220637966.25047,177.721,-0.9546,23073.0,0.0,10.84262093575812,28.186927844632063,25.656854273186127,22.68930887201782,0.102670682857494
2014-04-01,Djibouti,1.04,5.17,0.308998273660667,1002717.0,8307.0,2220637966.25047,177.721,0.5288,23073.0,0.0,5.774480458516615,31.547985543145103,28.62184990579061,25.42105954488119,0.1034332346097477
2014-05-01,Djibouti,-2.0,-0.66,1.1893314008310998,1002717.0,8307.0,2220637966.25047,177.721,0.3082,23073.0,0.0,6.314302719068986,32.811397786294265,30.055288696047683,26.18914896236953,0.1002589686268886
2014-06-01,Djibouti,3.6,4.49,0.1401357086341246,1002717.0,8307.0,2220637966.25047,177.721,-0.6541,23073.0,0.0,0.2977838423724712,36.51635862986251,33.018200209266524,29.07176770104303,0.0922988338772598
2014-07-01,Djibouti,-1.61,-0.13,0.6996833581554127,1002717.0,8307.0,2220637966.25047,177.721,0.0887,23073.0,0.0,10.81069765069832,36.58633185766081,33.18488130970917,28.59601085211642,0.087192822224646
2014-08-01,Djibouti,-2.77,-5.57,1.0556613352321278,1002717.0,8307.0,2220637966.25047,177.721,0.0371,23073.0,0.0,22.600009761627447,34.92668162930397,31.667377549533228,26.56725675111176,0.1010966004324194
2014-09-01,Djibouti,2.53,-4.46,1.3732448285888148,1002717.0,8307.0,2220637966.25047,177.721,0.0382,23073.0,0.0,20.775492406648343,34.77217860751682,31.28533190148852,26.02460373772516,0.1141654943221699
2014-10-01,Djibouti,1.42,-4.38,1.3396469877381791,1002717.0,8307.0,2220637966.25047,177.721,0.9582,23073.0,0.0,11.674578215194522,30.04716636083464,27.51085974184809,23.261154306063133,0.1231200045037644
2014-11-01,Djibouti,0.64,-1.46,0.9537633667889056,1002717.0,8307.0,2220637966.25047,177.721,-0.4885,23073.0,0.0,9.525372633714293,27.52052743699818,25.443803009913097,22.27951723734537,0.1173677190650253
2014-12-01,Djibouti,0.0,-0.08,1.2117953732717155,1002717.0,8307.0,2220637966.25047,177.721,-0.9091,23073.0,0.0,7.366640163404058,25.52039393353209,23.29061041196968,20.31401110003071,0.1130297406367946
2015-01-01,Djibouti,-4.11,-2.74,12.031199122720698,1020313.0,8326.0,2424391785.43897,177.721,-0.5005,20407.0,0.0,5.682500939315696,24.614158310428763,22.719898271418856,19.761201846215044,0.107281884409321
2015-02-01,Djibouti,0.94,2.67,0.7470545174912878,1020313.0,8326.0,2424391785.43897,177.721,-1.4454,20407.0,0.0,4.70136685538687,25.7633993784587,23.56685416652772,20.754996871948265,0.1043707290362691
2015-03-01,Djibouti,0.58,1.72,0.5588221895001318,1020313.0,8326.0,2424391785.43897,177.721,-1.1081,20407.0,0.0,9.14199370666341,28.54100740904454,25.95710427096241,23.02748779378913,0.1022165134236429
2015-04-01,Djibouti,-0.15,-2.42,0.0247020858214469,1020313.0,8326.0,2424391785.43897,177.721,-0.2281,20407.0,0.0,0.4789568650351317,31.45906721750896,28.464257962561646,25.36973073747424,0.0977757184025512
2015-05-01,Djibouti,0.36,2.14,2.117046627118214,1020313.0,8326.0,2424391785.43897,177.721,0.1969,20407.0,0.0,9.589692936104278,33.20550224140129,30.351209436144018,26.543794517106903,0.0987546463103643
2015-06-01,Djibouti,0.34,-1.98,0.9425899132583456,1020313.0,8326.0,2424391785.43897,177.721,-0.9712,20407.0,0.0,1.3741526486700433,36.7335638046265,33.01102528492885,28.8928872638279,0.0895073318366582
2015-07-01,Djibouti,1.15,9.65,0.3893535231091063,1020313.0,8326.0,2424391785.43897,177.721,-0.9388,20407.0,0.0,5.918610779760121,38.11539970726096,34.341908508695894,30.01599247019783,0.0890165609348548
2015-08-01,Djibouti,-1.57,4.75,0.9955876897961708,1020313.0,8326.0,2424391785.43897,177.721,-0.8915,20407.0,0.0,24.8021830223248,37.34745662238009,33.705024562812866,28.707603421775275,0.0992702456490024
2015-09-01,Djibouti,1.57,11.07,1.104885238479003,1020313.0,8326.0,2424391785.43897,177.721,-1.631,20407.0,0.0,18.68534474806642,35.09108170403374,31.910315160834728,27.26138064066572,0.112315861164471
2015-10-01,Djibouti,-2.05,3.89,0.1879678478506256,1020313.0,8326.0,2424391785.43897,177.721,-1.9518,20407.0,0.0,2.842639928471673,31.127653971026064,28.6822348379356,25.177169890044865,0.1126228956566194
2015-11-01,Djibouti,1.34,5.35,1.1872627120307926,1020313.0,8326.0,2424391785.43897,177.721,-0.68,20407.0,0.0,12.89887578935407,28.53140032026505,26.115558844485804,22.727898258633104,0.1114721757199811
2015-12-01,Djibouti,0.15,4.61,1.1365403345872278,1020313.0,8326.0,2424391785.43897,177.721,0.0392,20407.0,0.0,7.207273984862303,26.401811156734368,24.231561206378444,21.057835392285423,0.1075713968312711
2016-01-01,Djibouti,-0.52,2.63,16.221363489341105,1037635.0,8311.0,2604955228.70117,177.721,-0.5362,23473.0,0.0,5.821885505111398,25.87998897593513,23.790148120860977,20.83961126676172,0.1073356472366008
2016-02-01,Djibouti,0.19,1.16,0.909509279891392,1037635.0,8311.0,2604955228.70117,177.721,-0.116,23473.0,0.0,5.537561261929962,25.985606809594174,23.95625324333525,21.08325744716604,0.1044870299337017
2016-03-01,Djibouti,0.34,1.7,0.3617125986925896,1037635.0,8311.0,2604955228.70117,177.721,-2.064,23473.0,0.0,6.282658102985367,30.26690707463092,27.36600972267746,24.4276644881054,0.095602668601101
2016-04-01,Djibouti,1.12,6.16,2.252441184357356,1037635.0,8311.0,2604955228.70117,177.721,0.7726,23473.0,0.0,36.76851490670098,30.293975194295285,27.806637989662303,24.852316665649425,0.1016121082743591
2016-05-01,Djibouti,0.79,7.53,2.532041719427446,1037635.0,8311.0,2604955228.70117,177.721,0.8431,23473.0,0.0,13.031994424158558,35.32488339742025,31.91140560943409,28.066288597353093,0.1068852191759093
2016-06-01,Djibouti,0.28,7.61,0.1253349364430731,1037635.0,8311.0,2604955228.70117,177.721,-0.84,23473.0,0.0,0.2057131670224628,37.49997297922772,33.956748808478096,29.633311737908286,0.0925982852911063
2016-07-01,Djibouti,0.4,4.59,1.1627875246455726,1037635.0,8311.0,2604955228.70117,177.721,0.231,23473.0,0.0,15.915896183678743,36.02591133938046,32.72717157264532,27.864516010079345,0.095787485256038
2016-08-01,Djibouti,-0.18,9.8,1.8258055948162444,1037635.0,8311.0,2604955228.70117,177.721,-0.009,23473.0,0.0,41.36966558025383,34.496327767320906,31.067902019923395,26.35176239013674,0.1130172146939476
2016-09-01,Djibouti,0.14,5.33,0.8669945185972621,1037635.0,8311.0,2604955228.70117,177.721,-0.8976,23473.0,0.0,13.929561317940747,36.56203962961837,32.82942237069864,28.192258813646102,0.114353308360751
2016-10-01,Djibouti,0.12,11.53,0.3510562727236984,1037635.0,8311.0,2604955228.70117,177.721,-1.3368,23473.0,0.0,4.853980724495179,31.093028640747093,28.551704847292683,24.700975549349263,0.1138665301267289
2016-11-01,Djibouti,-0.41,6.71,2.0456815317809363,1037635.0,8311.0,2604955228.70117,177.721,-0.2753,23473.0,0.0,18.539716421146228,27.216723950703965,25.187506628904373,22.069813685947,0.1136292517205468
2016-12-01,Djibouti,0.12,7.72,0.8824163836663859,1037635.0,8311.0,2604955228.70117,177.721,-0.8053,23473.0,0.0,6.569785336345405,26.108166877172323,24.042594759734754,20.86346446621804,0.1125686351312489
2017-01-01,Djibouti,-0.16,8.16,5.550103056078425,1054841.0,8359.0,2762581334.22612,177.721,-0.2222,23863.0,0.0,4.759020423341307,25.359322545861687,23.382069709319808,20.51611333047191,0.1141372258752018
2017-02-01,Djibouti,-0.28,6.24,2.209770297938999,1054841.0,8359.0,2762581334.22612,177.721,0.7321,23863.0,0.0,10.871610653008188,26.17173529125398,23.867095648686984,20.807375753493545,0.1102855902294693
2017-03-01,Djibouti,2.54,12.15,1.1871520050408173,1054841.0,8359.0,2762581334.22612,177.721,0.1996,23863.0,0.0,17.238883315908012,28.939641981227453,26.24443976057773,23.31795756842501,0.1133544215792654
2017-04-01,Djibouti,-1.63,5.02,0.2103149615781347,1054841.0,8359.0,2762581334.22612,177.721,0.4437,23863.0,0.0,3.018955401918864,31.856215137905565,28.83310842708437,25.80705064137777,0.1105843251494777
2017-05-01,Djibouti,-0.56,1.02,2.854206011204803,1054841.0,8359.0,2762581334.22612,177.721,1.1234,23863.0,0.0,14.029714370505529,33.53639658856139,30.626380184153504,26.499085075624578,0.1028256418824599
2017-06-01,Djibouti,0.31,1.13,0.4279337620480978,1054841.0,8359.0,2762581334.22612,177.721,-0.6172,23863.0,0.0,0.5021821346065584,37.85308327145049,33.995978685475336,29.88148767683242,0.0940551139461425
2017-07-01,Djibouti,-0.44,-0.68,0.5911283160598685,1054841.0,8359.0,2762581334.22612,177.721,-0.488,23863.0,0.0,9.664924351216742,37.98213149450163,34.326778500570015,29.731624837075515,0.0872686689214106
2017-08-01,Djibouti,-0.19,-0.83,2.6397313730878693,1054841.0,8359.0,2762581334.22612,177.721,-0.2037,23863.0,0.0,65.13053065704297,36.129510395501256,32.926840229491006,28.014220891973025,0.1029345474308314
2017-09-01,Djibouti,-0.45,-2.15,1.0204512297724424,1054841.0,8359.0,2762581334.22612,177.721,0.1299,23863.0,0.0,17.895373584030075,35.191169653998486,31.635396603033143,26.311544545491586,0.119551622814895
2017-10-01,Djibouti,0.21,-2.75,0.3064960569097794,1054841.0,8359.0,2762581334.22612,177.721,0.1091,23863.0,0.0,3.8966320224695385,31.952898854081354,29.05904303435807,24.92216076184349,0.1174658936319899
2017-11-01,Djibouti,-0.45,-2.09,0.658217450635918,1054841.0,8359.0,2762581334.22612,177.721,-1.4963,23863.0,0.0,6.905464911247973,27.47315283881295,25.43460402938217,21.99286855061854,0.1143810587992691
2017-12-01,Djibouti,0.31,-1.28,0.2778255828719844,1054841.0,8359.0,2762581334.22612,177.721,-0.5848,23863.0,0.0,2.7450008067910567,25.277961328978225,22.689463247959225,19.58565464635052,0.1108411347189537
2018-01-01,Djibouti,0.36,-0.19,5.881077482323656,1071882.0,8392.0,2913464658.08768,177.721,-0.4251,25548.0,0.0,5.28528705387918,24.75421549479171,22.405072063261287,19.463478137600816,0.1066659987503927
2018-02-01,Djibouti,-0.14,-0.17,0.6970325025680321,1071882.0,8392.0,2913464658.08768,177.721,0.1501,25548.0,0.0,4.484261329217957,25.89597357341222,23.66821634853312,20.82780021031698,0.1040728797092958
2018-03-01,Djibouti,0.23,-5.64,0.5734025462225119,1071882.0,8392.0,2913464658.08768,177.721,1.2706,25548.0,0.0,8.94329668652733,28.66861625179172,26.009295182091705,23.064105688115603,0.102434809059809
2018-04-01,Djibouti,0.2,-1.68,0.8205294320364166,1071882.0,8392.0,2913464658.08768,177.721,0.366,25548.0,0.0,13.258638628919188,31.301715109083432,28.531688155650954,24.94523453182649,0.1049786293906157
2018-05-01,Djibouti,0.05,0.79,4.161549419167947,1071882.0,8392.0,2913464658.08768,177.721,0.2148,25548.0,25000.0,22.38250257263251,33.83356386410293,30.37611309491416,26.792411730366386,0.0973103361000935
2018-06-01,Djibouti,-0.33,-1.37,3.101244727726186,1071882.0,8392.0,2913464658.08768,177.721,0.9548,25548.0,0.0,3.002719529719238,37.36859717898904,33.48197637675315,29.217666731940422,0.076175378866201
2018-07-01,Djibouti,0.49,0.27,0.6174203878570201,1071882.0,8392.0,2913464658.08768,177.721,0.2635,25548.0,0.0,11.200182989236698,36.21047611441668,32.96839316638403,28.096386312669324,0.0864006540398345
2018-08-01,Djibouti,0.23,1.24,1.0866746727301957,1071882.0,8392.0,2913464658.08768,177.721,0.1132,25548.0,0.0,29.84293790569666,36.07669183054281,32.75792721210576,27.59153190530759,0.1034010801553849
2018-09-01,Djibouti,-0.52,1.34,1.333990852742572,1071882.0,8392.0,2913464658.08768,177.721,0.0673,25548.0,0.0,22.430386352830386,34.355285093519456,31.094144870385776,25.98885714213054,0.1149774258090026
2018-10-01,Djibouti,0.16,1.87,1.357366621507103,1071882.0,8392.0,2913464658.08768,177.721,0.0256,25548.0,0.0,13.665401286981597,30.441313680013025,27.84713455183516,24.297919127761705,0.1148958930927766
2018-11-01,Djibouti,0.74,3.27,0.9176579135491714,1071882.0,8392.0,2913464658.08768,177.721,0.3179,25548.0,0.0,7.70807892962663,27.66503658294681,25.51780736791181,22.428990576002377,0.1138956850686939
2018-12-01,Djibouti,0.48,2.88,0.930854884908462,1071882.0,8392.0,2913464658.08768,177.721,-0.0939,25548.0,0.0,3.7732795454358654,25.89878259474233,23.80648149413633,20.866301390945296,0.1113540041483418
2019-01-01,Djibouti,0.6,3.28,0.3517460745296861,1088709.0,8487.0,3088851450.30694,177.721,-1.2702,27607.0,0.0,2.8360646535786573,24.93146103479529,23.054100108541377,20.32535174380069,0.1084715457277593
2019-02-01,Djibouti,0.3,4.66,0.3520415704003257,1088709.0,8487.0,3088851450.30694,177.721,-0.6697,27607.0,0.0,2.640878934719882,26.953905269077893,24.50488796233492,21.62388527279813,0.1027468179577127
2019-03-01,Djibouti,0.29,4.77,0.263446717470266,1088709.0,8487.0,3088851450.30694,177.721,-0.1013,27607.0,0.0,4.741207769980181,29.499704984439347,26.591124311821943,23.676706937564347,0.0987300871847726
2019-04-01,Djibouti,0.42,5.33,0.2143653048048483,1088709.0,8487.0,3088851450.30694,177.721,0.199,27607.0,0.0,3.5169899783111176,31.541500070359973,28.541782162461345,25.456693755255856,0.0992230060481661
2019-05-01,Djibouti,0.35,5.65,3.091682650795555,1088709.0,8487.0,3088851450.30694,177.721,-0.0715,27607.0,0.0,18.742918612808182,32.60182045146985,30.05992962148992,26.73030667458812,0.10150187725272
2019-06-01,Djibouti,0.11,7.23,10.13931310875445,1088709.0,8487.0,3088851450.30694,177.721,0.8128,27607.0,0.0,7.499231829499619,36.591558180915,32.97144168135418,28.596465407477524,0.0992740628573208
2019-07-01,Djibouti,0.32,5.23,0.9500448548577284,1088709.0,8487.0,3088851450.30694,177.721,-0.1642,27607.0,0.0,11.901794368651112,37.34054098642002,33.93212416395596,29.06973915510281,0.0920722164794391
2019-08-01,Djibouti,0.26,5.19,0.5323601493512118,1088709.0,8487.0,3088851450.30694,177.721,0.2996,27607.0,0.0,15.399502498508314,35.36490742673158,31.938227661289943,27.223610383720825,0.1006418166477335
2019-09-01,Djibouti,0.23,6.76,2.21991963400023,1088709.0,8487.0,3088851450.30694,177.721,-0.1873,27607.0,0.0,31.209201301001773,35.77800935109457,32.30972849149015,27.45995379553904,0.1170814409043747
2019-10-01,Djibouti,-0.15,6.24,2.0026561528890734,1088709.0,8487.0,3088851450.30694,177.721,0.4211,27607.0,0.0,19.738239866062244,29.86927863910637,27.305006591465656,23.541250770322733,0.1296953846319941
2019-11-01,Djibouti,0.31,7.03,1.829287272549376,1088709.0,8487.0,3088851450.30694,177.721,1.2393,27607.0,250000.0,16.83232709419377,27.95375681983103,25.783578590883792,22.55753014882407,0.1194025022133292
2019-12-01,Djibouti,0.18,6.82,5.746046280366254,1088709.0,8487.0,3088851450.30694,177.721,-0.0686,27607.0,0.0,25.05173952277537,26.40622047506355,24.130385071522085,21.00366671162272,0.1315684325941057
2020-01-01,Djibouti,0.07,5.82,40.601783496726114,1105188.0,8880.0,3144136196.6228,177.721,0.7189,28702.0,0.0,5.9182223389171495,25.816597936486687,23.5974445078856,20.57217641850957,0.1327247494001241
2020-02-01,Djibouti,0.24,5.72,2.1887661394168263,1105188.0,8880.0,3144136196.6228,177.721,0.2521,28702.0,0.0,11.88339678489798,26.71499760068696,24.457706416149108,21.670965295550506,0.1408354767601387
2020-03-01,Djibouti,0.27,5.82,1.9600695763244973,1105188.0,8880.0,3144136196.6228,177.721,-0.0232,28702.0,0.0,29.26258098670972,28.799694602720194,26.164548781700148,23.250832350536086,0.124843128133589
2020-04-01,Djibouti,0.36,5.55,2.529357410034124,1105188.0,8880.0,3144136196.6228,177.721,0.6066,28702.0,110000.0,37.66752164405085,30.50665904151072,27.85925284775658,24.85732635921903,0.1297737029454134
2020-05-01,Djibouti,-0.6,3.9,1.6019052958819622,1105188.0,8880.0,3144136196.6228,177.721,0.3307,28702.0,0.0,6.7651535085094325,35.23563785758074,31.863267141662504,27.9676213295229,0.1270139949302427
2020-06-01,Djibouti,1.05,6.33,3.979992445904932,1105188.0,8880.0,3144136196.6228,177.721,0.3261,28702.0,0.0,3.192275847715399,37.65320485432943,33.61590309297208,29.506077575683605,0.1081327085224829
2020-07-01,Djibouti,1.55,11.67,2.570766249161414,1105188.0,8880.0,3144136196.6228,177.721,0.1695,28702.0,0.0,32.6111854503827,35.079583124960664,31.932804365329616,27.14493930775632,0.1100470839876314
2020-08-01,Djibouti,-2.05,5.35,0.9700078151575462,1105188.0,8880.0,3144136196.6228,177.721,0.506,28702.0,0.0,24.082751751328548,34.42218295271681,31.3856877814452,26.42248484703805,0.1265892433740599
2020-09-01,Djibouti,-0.96,2.37,1.2581487737574863,1105188.0,8880.0,3144136196.6228,177.721,0.223,28702.0,0.0,21.821977567494173,36.09661676618788,32.385159188444845,27.573000229729587,0.1280550650792096
2020-10-01,Djibouti,0.15,2.97,0.7542614543181148,1105188.0,8880.0,3144136196.6228,177.721,-0.7075,28702.0,0.0,6.398107148998703,31.691963901314693,28.83689177691377,24.773126220703148,0.1246178804222986
2020-11-01,Djibouti,0.14,1.36,1.399043052217625,1105188.0,8880.0,3144136196.6228,177.721,-0.1083,28702.0,0.0,14.585225160688106,27.30295391082768,25.103282365523,21.868163871765148,0.1218154913533253
2020-12-01,Djibouti,0.12,1.16,3.23396028676421,1105188.0,8880.0,3144136196.6228,177.721,1.1006,28702.0,0.0,16.898241595286148,26.07282387107932,23.681747944754363,20.5121483628468,0.1271054872206294
2021-01-01,Djibouti,0.16,1.48,0.2918058045819986,1121248.0,9336.0,3392796953.08939,177.721,-3.1226,31094.0,0.0,2.5528867970816083,24.86241647043539,22.62519509944701,19.82072092692061,0.1307147524117689
2021-02-01,Djibouti,0.19,1.45,0.3539753970068423,1121248.0,9336.0,3392796953.08939,177.721,-0.0061,31094.0,0.0,2.6627157038491944,25.7890887987046,23.636231112225744,20.8817866688683,0.1239262941141808
2021-03-01,Djibouti,0.43,0.8,0.2343126970207777,1121248.0,9336.0,3392796953.08939,177.721,-2.3378,31094.0,0.0,4.269096527238545,28.461887183240663,26.10533739953587,23.24163296197053,0.1167397225332102
2021-04-01,Djibouti,0.17,0.44,0.5942629249492218,1121248.0,9336.0,3392796953.08939,177.721,0.3755,31094.0,0.0,9.523792954269478,30.35334303114149,27.749252435248707,24.661668226454022,0.1128587697262366
2021-05-01,Djibouti,0.47,2.18,5.922685047068734,1121248.0,9336.0,3392796953.08939,177.721,0.4186,31094.0,0.0,28.80639508432987,34.23340039407054,30.64300726756278,26.803316493700947,0.1222464422181909
2021-06-01,Djibouti,0.16,-0.03,0.9644162016930744,1121248.0,9336.0,3392796953.08939,177.721,-1.3546,31094.0,0.0,1.0120386915802653,36.70303520626493,33.033304941669826,29.084298769633,0.1045364464289536
2021-07-01,Djibouti,0.46,-3.22,1.869189207944007,1121248.0,9336.0,3392796953.08939,177.721,0.8239,31094.0,0.0,23.88712841102183,34.802467723559346,31.64381058137235,26.749770100911466,0.1069648735946639
2021-08-01,Djibouti,-0.18,1.62,1.584280672496576,1121248.0,9336.0,3392796953.08939,177.721,-0.693,31094.0,0.0,35.420527507470446,36.24969918035691,32.6692415732598,27.49580868136502,0.1305972525390055
2021-09-01,Djibouti,0.2,4.66,0.8389123584921245,1121248.0,9336.0,3392796953.08939,177.721,-0.3923,31094.0,0.0,14.218316346372772,36.66040439605717,32.85395825733718,28.14162998199464,0.131858427826312
2021-10-01,Djibouti,0.2,4.67,2.6106461442638995,1121248.0,9336.0,3392796953.08939,177.721,-0.2877,31094.0,0.0,21.735542077482155,32.03713797292403,29.236551686868097,24.769607100948235,0.1335890125116975
2021-11-01,Djibouti,0.06,3.72,0.2669843473632529,1121248.0,9336.0,3392796953.08939,177.721,-0.1802,31094.0,0.0,3.439319576193498,28.525221761067712,26.227001088049576,22.664994981553832,0.1375124530722894
2021-12-01,Djibouti,0.21,3.48,0.5648108464763727,1121248.0,9336.0,3392796953.08939,177.721,-0.9427,31094.0,0.0,5.153913812823377,25.98117455923432,23.59108480116293,20.69939165012812,0.1314288169883256
2022-01-01,Djibouti,0.22,3.45,0.4693755310205695,1137096.0,8581.0,3562814908.76149,177.721,-0.7815,26664.0,0.0,3.3354335985792174,26.037664688274447,23.85305901779828,20.959586941298653,0.1176522575490547
2022-02-01,Djibouti,0.33,3.8,0.1960452100744337,1137096.0,8581.0,3562814908.76149,177.721,-1.2904,26664.0,0.0,1.7638918408393691,26.80610446021672,24.46154845163329,21.6254810878209,0.1140811253553934
2022-03-01,Djibouti,1.27,6.85,0.3401158377180406,1137096.0,8581.0,3562814908.76149,177.721,-0.1854,26664.0,0.0,5.989875450859231,28.212642411262777,25.84343144524217,23.019272535590744,0.1087365394090476
2022-04-01,Djibouti,1.74,10.87,1.0716684280776343,1137096.0,8581.0,3562814908.76149,177.721,0.1808,26664.0,0.0,17.149808020069152,31.544088766309983,28.82865181697258,25.66466982099746,0.1068681458081035
2022-05-01,Djibouti,0.58,11.05,0.0847350492100814,1137096.0,8581.0,3562814908.76149,177.721,-3.0852,26664.0,0.0,0.4494180967746451,35.73865593940985,32.38501678116438,28.38941146276335,0.0911491753018415
2022-06-01,Djibouti,6.0,25.7,1.4510215117305156,1137096.0,8581.0,3562814908.76149,177.721,-1.691,26664.0,192168.0,1.4894645540339326,37.25963264041479,33.52466165139208,29.141918881734227,0.0891056419515328
2022-07-01,Djibouti,-5.16,10.88,1.4786639403338262,1137096.0,8581.0,3562814908.76149,177.721,0.1816,26664.0,0.0,16.49163260834796,35.153032762260864,32.322681586847466,27.20350161726759,0.0977855345869161
2022-08-01,Djibouti,0.43,12.56,3.0120388543647016,1137096.0,8581.0,3562814908.76149,177.721,0.2357,26664.0,0.0,66.8419182622789,32.9963761688561,29.942888398812613,25.09329212147702,0.1306702562394593
2022-09-01,Djibouti,0.36,12.72,1.2716613160200332,1137096.0,8581.0,3562814908.76149,177.721,-0.2725,26664.0,0.0,19.79670551193168,36.006112268235995,32.22710949339631,27.1833665000068,0.1442243387789945
2022-10-01,Djibouti,-0.1,12.19,0.5306727924387927,1137096.0,8581.0,3562814908.76149,177.721,-0.5703,26664.0,0.0,4.551698810356168,30.9780078477757,28.45573166259925,24.43066294270181,0.141111003195457
2022-11-01,Djibouti,-1.27,9.86,0.6100303397848106,1137096.0,8581.0,3562814908.76149,177.721,-0.2277,26664.0,0.0,6.629906833967247,27.29983414544,25.277014379007483,21.99411040412059,0.1388353674362774
2022-12-01,Djibouti,-0.53,8.45,0.4002924649779994,1137096.0,8581.0,3562814908.76149,177.721,-0.9668,26664.0,0.0,3.698690270525937,26.028589195333552,23.7519770549352,20.630290829238103,0.1254197530497504
2023-01-01,Djibouti,0.76,9.92,7.344640459417722,1152944.0,8597.0,3917150480.80981,177.721,-0.6607,28091.0,0.0,6.335478960803576,25.340775631320128,22.83415201367262,19.81806530285911,0.1412963056929668
2023-02-01,Djibouti,-0.63,7.8,0.2578922146437215,1152944.0,8597.0,3917150480.80981,177.721,0.004,28091.0,0.0,2.235832145260607,26.33576906749181,24.095108170060257,21.13700081507369,0.148674814627421
2023-03-01,Djibouti,0.07,4.39,2.602596491078903,1152944.0,8597.0,3917150480.80981,177.721,0.5353,28091.0,0.0,37.99279016185853,28.079048821233982,25.872185849214983,23.03012619018557,0.1471998965682348
2023-04-01,Djibouti,0.43,1.28,0.9785128306283792,1152944.0,8597.0,3917150480.80981,177.721,0.6174,28091.0,0.0,15.570186342513852,30.183862643771704,27.88415518576585,24.50684441460504,0.1577979233167965
2023-05-01,Djibouti,0.08,0.91,2.669341811988083,1152944.0,8597.0,3917150480.80981,177.721,-0.3256,28091.0,0.0,13.359909128009164,33.27638448489614,30.265639827988707,25.87290928748348,0.1446973210590586
2023-06-01,Djibouti,0.26,-11.27,3.3373854858307057,1152944.0,8597.0,3917150480.80981,177.721,-2.3104,28091.0,0.0,3.583486643246378,37.619602288140186,33.594278996453454,29.41135847303605,0.1170037514372773
2023-07-01,Djibouti,1.37,2.62,0.8067041206620813,1152944.0,8597.0,3917150480.80981,177.721,-0.6307,28091.0,0.0,11.185174086797137,38.53598242728941,35.00423286091683,30.64186857900313,0.1061075998418982
2023-08-01,Djibouti,-0.69,-0.02,1.5142318754267416,1152944.0,8597.0,3917150480.80981,177.721,-2.4801,28091.0,0.0,36.14104964872259,37.96302539866463,34.24535078033773,29.40792312211892,0.121196474414205
2023-09-01,Djibouti,2.47,1.85,1.2284189606053095,1152944.0,8597.0,3917150480.80981,177.721,-1.4464,28091.0,0.0,20.93165161277268,37.41513875325524,33.61812486927772,28.963036431206604,0.1320640389130841
2023-10-01,Djibouti,0.29,3.81,1.1491205549308527,1152944.0,8597.0,3917150480.80981,177.721,-2.2819,28091.0,0.0,13.274412637995024,31.279760881649565,28.812889728435835,25.118730450702003,0.1292274127247038
2023-11-01,Djibouti,-0.29,5.28,1.413313034843277,1152944.0,8597.0,3917150480.80981,177.721,-0.2635,28091.0,0.0,14.728351401707348,28.381052547031004,26.077307809273748,22.672689374287927,0.1399344828570409
2023-12-01,Djibouti,-0.39,5.84,0.385856694935315,1152944.0,8597.0,3917150480.80981,177.721,-1.1839,28091.0,0.0,3.6170930287571097,26.576034738684257,24.34307625749642,21.231008907031026,0.1329719964316575
2024-01-01,Djibouti,1.16,6.54,0.3415725465370505,1168722.0,,4086402718.86834,177.721,,28608.0,0.0,2.7763670270749468,26.462011776175583,24.341942347216275,21.29631379650488,0.1246661368838183
2024-02-01,Djibouti,-0.67,5.58,0.1982654662329253,1168722.0,,4086402718.86834,177.721,,28608.0,0.0,1.7482948783755712,27.970657559098868,25.486771130093928,22.54256960112474,0.1180958189691225
2024-03-01,Djibouti,0.77,6.12,1.4569557687951158,1168722.0,,4086402718.86834,177.721,,28608.0,0.0,20.8835431730342,29.801506953085664,27.033942691965592,23.935051874960664,0.1108120732974071
2024-04-01,Djibouti,-0.67,5.13,1.7352947812404451,1168722.0,,4086402718.86834,177.721,,28608.0,0.0,25.827026176580333,31.852177662319605,28.99588432816546,25.722921477423824,0.1535688298190361
2024-05-01,Djibouti,-0.67,3.13,0.9275592757045692,1168722.0,,4086402718.86834,177.721,,28608.0,0.0,4.280939624993898,35.04494249487436,32.05638280389343,28.413434703375746,0.1412069907610546
2024-06-01,Djibouti,0.58,3.57,0.7316306444966048,1168722.0,,4086402718.86834,177.721,,28608.0,0.0,0.8838776273058757,38.352323574490015,34.71026412910783,30.56409386528867,0.1080178095403271
2024-07-01,Djibouti,-0.29,0.58,0.880485182731743,1168722.0,,4086402718.86834,177.721,,28608.0,0.0,14.183713172687224,37.56533041102915,34.233403186774865,29.57477051519578,0.1138292400575307
2024-08-01,Djibouti,-0.1,2.64,2.628304142277902,1168722.0,,4086402718.86834,177.721,,28608.0,0.0,63.95830501224447,33.03076658761631,29.64259255409172,25.18176625159481,0.1519804188401878
2024-09-01,Djibouti,0.29,0.38,0.9921093530846388,1168722.0,,4086402718.86834,177.721,,28608.0,0.0,15.89372761951488,36.83976959652375,32.840374035929926,28.66110748714874,0.1566514048433098
2024-10-01,Djibouti,0.77,-0.75,2.533257545176416,1168722.0,,4086402718.86834,177.721,,28608.0,0.0,21.31042861962524,32.34356889212006,29.57101350798189,25.300253619942623,0.1577335089256865
2024-11-01,Djibouti,-1.72,-1.61,0.6818621800930751,1168722.0,,4086402718.86834,177.721,,28608.0,0.0,7.809075769352191,28.40613560146756,26.23819159436493,22.763253657023142,0.1529720859051661
2024-12-01,Djibouti,0.0,-0.86,0.2544628947601734,1168722.0,,4086402718.86834,177.721,,28608.0,0.0,2.55855522272048,26.443011015205,24.15349039477041,20.83046218708,0.1416767629390103
2025-01-01,Djibouti,-0.29,-3.73,91.19933983269586,,,,177.721,,,0.0,4.44906414781896,25.188051231958585,23.102657714722056,20.070527710453177,0.1295523905256356
2025-02-01,Djibouti,-0.29,-2.57,0.92909833613726,,,,177.721,,,0.0,4.7756271681843305,26.717764904385547,24.32609853589753,21.400135044824538,
2025-03-01,Djibouti,0.59,-2.85,0.4167269489351558,,,,177.721,,,0.0,7.147782092179082,29.09581351331485,26.45176557351596,23.399485073294727,
2025-04-01,Djibouti,-0.39,-2.85,0.0523117883535344,,,,177.721,,,0.0,1.025824448495679,31.64144280751549,28.80719378372765,25.65058180491133,0.109985828058642
2025-05-01,Djibouti,0.29,-1.34,1.666789901793393,,,,177.721,,,0.0,6.9261834199767645,36.059921724052856,32.51604944591634,28.89019411148564,0.1035799433818208
2025-06-01,Djibouti,1.56,-0.57,0.7243094837943163,,,,177.721,,,0.0,0.9903819544480872,37.712645742628354,33.81427365496381,30.025465838114428,0.099711803212235
2025-07-01,Djibouti,-1.25,-1.72,0.5697677198331356,,,,177.721,,,0.0,7.769720736283117,38.00247947938982,34.455388667979946,29.76548718688309,0.1032024976813897
2025-08-01,Djibouti,1.46,-0.29,3.23803747496506,,,,177.721,,,0.0,72.56932973016256,32.99748005200462,30.418383817721008,25.309573150962933,0.1314572208142873
2025-09-01,Djibouti,0.38,0.47,1.494492208519673,,,,177.721,,,0.0,23.44806855327433,36.663530349731445,32.701743905550984,27.868320931328697,0.1516132048556538
2025-10-01,Djibouti,0.19,,0.3814099838928349,,,,,,,,3.312002041671584,32.0734866029473,29.30694180416896,25.272810359667744,0.1448917241993318
2025-11-01,Djibouti,0.9,,0.827585818238805,,,,,,,,7.154579312253167,27.5040922164917,25.253888669629987,22.01713203854036,0.1399129567178815
2025-12-01,Djibouti,0.7,,0.9109383777521542,,,,,,,,5.6839043834034015,25.680976609260824,23.698302826246618,20.7691350013979,
2026-01-01,Djibouti,0.2,,,,,,,,,,3.351972023975568,25.014006920271072,22.82309043124775,19.917258978402742,
2026-02-01,Djibouti,1.4,,,,,,,,,,4.589230608504208,26.261342166719032,23.92456627783736,20.93395830790206,
