Year-Month,Country,food_inflation,inflation-rate(heading),precipitation_Ratio,Population,fatalities,gdp,Exchange_rate,SPEI,c_cifvalue,c_fobvalue,w_cifvalue,w_fobvalue,s_cifvalue,s_fobvalue,Net Refugees,Disaster_Affected,Precipitation,max_temp,mean_temp,min_temp,food_inflation.1,NDVI_Ratio
2001-01-01,Guyana,5.74,3.85,0.5654528968663431,764477.0,5830.0,712167450.2,186.25,-1.2708,,,,,,,-414.0,0.0,81.8126248,27.23399538,23.56544004,17.05282991,,0.6701401326494099
2001-02-01,Guyana,5.72,1.71,0.4538828836971681,764477.0,5830.0,712167450.2,186.25,-1.3493,,,,,,,-414.0,0.0,45.50039403,27.89662561,24.05690261,17.38749941,,0.6058412028996738
2001-03-01,Guyana,7.06,3.12,0.5841171435692327,764477.0,5830.0,712167450.2,186.25,-0.0369,,,,,,,-414.0,0.0,73.94715271,28.84519268,25.096447,18.64791131,,0.5849846737741975
2001-04-01,Guyana,8.51,4.06,0.6818049443999853,764477.0,5830.0,712167450.2,186.5,-0.9712,,,,,,,-414.0,0.0,127.1258597,28.77096308,25.02077345,18.94270787,,0.5619746541450854
2001-05-01,Guyana,12.13,4.49,0.967020298670456,764477.0,5830.0,712167450.2,186.75,-0.7473,,,,,,,-414.0,0.0,340.7967705,26.84634558,24.59069011,18.55874267,,0.6340644014341666
2001-06-01,Guyana,11.17,3.49,0.9181473349530392,764477.0,5830.0,712167450.2,186.75,-0.4422,,,,,,,-414.0,0.0,309.2373877,25.55791567,23.48230462,17.61266556,,0.5202514877801198
2001-07-01,Guyana,10.75,2.05,0.91920195928295,764477.0,5830.0,712167450.2,186.75,-0.3437,,,,,,,-414.0,0.0,252.5496726,25.74817213,23.9569252,17.66535596,,0.6764787834680024
2001-08-01,Guyana,10.24,1.41,0.9019538101107456,764477.0,5830.0,712167450.2,186.75,-0.2217,,,,,,,-414.0,0.0,176.6224433,26.52494304,24.45650959,17.99432308,,0.7409046411747098
2001-09-01,Guyana,14.75,1.47,1.2079675691749474,764477.0,5830.0,712167450.2,189.25,0.6396,,,,,,,-414.0,0.0,126.7750587,27.1865899,24.94986901,18.38479682,,0.7601967826813809
2001-10-01,Guyana,15.43,2.09,0.670052138025488,764477.0,5830.0,712167450.2,189.75,-0.6308,,,,,,,-414.0,0.0,54.5624561,29.38075887,25.99217784,19.06585421,,0.7211858666750007
2001-11-01,Guyana,15.52,2.46,0.672777796560491,764477.0,5830.0,712167450.2,189.5,-1.2481,,,,,,,-414.0,0.0,77.03784095,29.32757422,25.79663602,18.92553429,,0.7620595706206084
2001-12-01,Guyana,15.37,1.52,0.7297368850418454,764477.0,5830.0,712167450.2,189.5,-0.0397,,,,,,,-414.0,0.0,128.2512981,28.90340623,25.141589,18.72417289,,0.6625793907476403
2002-01-01,Guyana,13.5,1.77,0.7842416199975963,763652.0,5931.0,726131434.7,189.75,-0.5902,,,,,,,-1124.0,0.0,119.1928689,28.40947115,24.47820104,17.92001383,,0.6693737053668309
2002-02-01,Guyana,9.51,4.96,0.518457727795316,763652.0,5931.0,726131434.7,190.25,-0.9742,,,,,,,-1124.0,0.0,51.68852876,28.15657355,24.39135612,17.85752744,,0.5840342542369831
2002-03-01,Guyana,9.59,4.09,1.352335979426352,763652.0,5931.0,726131434.7,190.5,0.2959,,,,,,,-1124.0,0.0,171.7633796,28.58068001,24.78470168,18.55368016,,0.5078724514517086
2002-04-01,Guyana,9.79,4.69,1.4212354061223018,763652.0,5931.0,726131434.7,190.5,0.8566,,,,,,,-1124.0,0.0,262.0792647,26.57521932,24.50803445,18.51884454,,0.5869687684473821
2002-05-01,Guyana,11.39,5.24,1.0552392072733825,763652.0,5931.0,726131434.7,190.5,0.6049,,,,,,,-1124.0,0.0,349.6425221,26.18996071,24.33465881,18.4369444,,0.5510906222551841
2002-06-01,Guyana,8.32,6.1,1.276908542589326,763652.0,5931.0,726131434.7,190.75,1.2194,,,,,,,-1124.0,0.0,425.3910949,25.42070715,23.58444351,17.76410993,,0.6319193268314364
2002-07-01,Guyana,10.93,6.46,0.6686143305292312,763652.0,5931.0,726131434.7,191.25,-0.9025,,,,,,,-1124.0,0.0,182.4435418,26.15668966,24.44651768,18.18395728,,0.6977681649605848
2002-08-01,Guyana,9.63,5.99,0.8297480831576941,763652.0,5931.0,726131434.7,191.0,0.0493,,,,,,,-1124.0,0.0,165.007559,26.56560642,24.60491203,18.15379369,,0.7676655181842411
2002-09-01,Guyana,8.88,5.92,0.5846627556738395,763652.0,5931.0,726131434.7,191.0,-1.0417,,,,,,,-1124.0,0.0,62.31823726,28.36852116,25.79515256,18.80055784,,0.7921296545143528
2002-10-01,Guyana,7.7,6.57,0.4844503057560922,763652.0,5931.0,726131434.7,190.0,-1.1576,,,,,,,-1124.0,0.0,42.17564689,30.29732038,26.54200148,19.26789488,,0.7011941898148837
2002-11-01,Guyana,7.28,6.17,0.7684535856255513,763652.0,5931.0,726131434.7,191.75,-0.2674,,,,,,,-1124.0,0.0,81.45319052,29.15303885,25.30239499,18.68795639,,0.7215404059406336
2002-12-01,Guyana,7.68,6.04,0.7071187738389456,763652.0,5931.0,726131434.7,191.75,-0.6535,,,,,,,-1124.0,0.0,113.5650113,28.44391861,24.66903645,17.95617289,,0.6651155991464506
2003-01-01,Guyana,5.92,7.17,0.389464923939237,763101.0,5980.0,743063950.3,191.75,-1.9249,,,,,,,-1371.0,0.0,56.23353747,28.57124567,24.93377847,18.24309967,,0.6889628021153593
2003-02-01,Guyana,12.1,4.8,0.4918593582056196,763101.0,5980.0,743063950.3,192.25,-1.3819,,,,,,,-1371.0,0.0,50.53962646,29.0764835,25.30027405,18.68835513,,0.6070956595733512
2003-03-01,Guyana,11.9,6.38,0.3674321256094331,763101.0,5980.0,743063950.3,193.75,-1.1634,,,,,,,-1371.0,0.0,43.63289533,29.32319021,25.80634336,18.7805496,,0.596263400729266
2003-04-01,Guyana,11.57,7.07,0.8585511789370885,763101.0,5980.0,743063950.3,193.75,-0.9039,,,,,,,-1371.0,0.0,167.6935339,28.34887536,25.48585447,19.03736549,,0.5391349185043366
2003-05-01,Guyana,10.59,6.74,1.1691350164488734,763101.0,5980.0,743063950.3,192.5,0.8376,,,,,,,-1371.0,0.0,393.7696196,26.01059527,24.23699284,18.41722854,,0.5681399868628428
2003-06-01,Guyana,11.86,5.75,0.9405701072340028,763101.0,5980.0,743063950.3,193.75,0.4439,,,,,,,-1371.0,0.0,313.525447,25.75911821,23.93734309,18.11115,,0.6608757777834848
2003-07-01,Guyana,9.42,,1.1210726217645344,763101.0,5980.0,743063950.3,,1.0704,,,,,,,-1371.0,0.0,309.8832053,25.88925896,23.79301627,17.7153862,,0.6953152549384617
2003-08-01,Guyana,8.29,5.6,0.9661110603227416,763101.0,5980.0,743063950.3,194.5,0.0818,,,,,,,-1371.0,0.0,190.872089,26.93836381,24.80730742,18.24162847,,0.7705598363306146
2003-09-01,Guyana,6.8,6.16,1.1850697243350703,763101.0,5980.0,743063950.3,195.25,0.8484,,,,,,,-1371.0,0.0,122.7182654,27.42423642,25.16050152,18.6377374,,0.7551098112378354
2003-10-01,Guyana,7.57,5.88,0.8398754449331174,763101.0,5980.0,743063950.3,195.25,-0.6034,,,,,,,-1371.0,0.0,64.57515783,28.69042047,26.08838358,19.22739596,,0.7562807166919602
2003-11-01,Guyana,6.9,5.47,1.2634613637410503,763101.0,5980.0,743063950.3,196.0,-0.0061,,,,,,,-1371.0,0.0,130.2398723,28.34437684,25.50221904,18.90593825,,0.6882453095192703
2003-12-01,Guyana,7.3,5.01,0.6599438029559221,763101.0,5980.0,743063950.3,194.25,-1.0487,,,,,,,-1371.0,0.0,122.6102698,29.11884376,25.2718462,18.5655686,,0.5991999104435105
2004-01-01,Guyana,3.91,5.27,0.8621969858415394,762418.0,6019.0,787814379.2,196.0,-0.8114,,,,,,,-859.0,0.0,133.9965716,28.46235992,24.64603347,18.0256816,,0.6660310078656466
2004-02-01,Guyana,1.95,5.14,0.8540033725663658,762418.0,6019.0,787814379.2,196.0,-0.4723,,,,,,,-859.0,0.0,82.98141848,28.77587896,24.93818855,18.06711628,,0.6545764907706421
2004-03-01,Guyana,4.65,4.48,0.9605367767280812,762418.0,6019.0,787814379.2,197.25,0.1694,,,,,,,-859.0,0.0,110.9396308,28.81323296,25.05858156,18.70750432,,0.5751327640788364
2004-04-01,Guyana,4.54,2.75,1.2909667917682697,762418.0,6019.0,787814379.2,197.25,0.973,,,,,,,-859.0,0.0,239.5777947,27.75168633,25.07462514,19.07769816,,0.627427499522142
2004-05-01,Guyana,5.7,3.9,1.4375170284483805,762418.0,6019.0,787814379.2,198.25,1.3153,,,,,,,-859.0,0.0,482.9815352,25.91678468,24.16146051,18.42340536,,0.5993590162043705
2004-06-01,Guyana,5.39,4.83,0.8411144974013327,762418.0,6019.0,787814379.2,198.75,-0.8113,,,,,,,-859.0,0.0,279.9489925,25.69257452,23.95667225,17.92164353,,0.6802136200677222
2004-07-01,Guyana,5.11,4.42,0.9570063552169574,762418.0,6019.0,787814379.2,196.25,-0.1457,,,,,,,-859.0,0.0,264.4000014,25.74090214,23.84957314,17.70860207,,0.7170723351796338
2004-08-01,Guyana,6.31,5.36,0.7906462551129827,762418.0,6019.0,787814379.2,199.25,-0.6928,,,,,,,-859.0,0.0,155.1818386,26.82607984,24.67103567,18.1777946,,0.744597170456671
2004-09-01,Guyana,7.17,4.77,1.3600567811315112,762418.0,6019.0,787814379.2,200.0,0.9331,,,,,,,-859.0,0.0,147.4620553,27.35659142,25.09834459,18.39470448,,0.7703695526868803
2004-10-01,Guyana,5.63,4.7,1.2084725661301754,762418.0,6019.0,787814379.2,200.0,0.4156,,,,,,,-859.0,0.0,93.65406384,28.74306468,25.76800648,18.96304589,,0.7649542487853421
2004-11-01,Guyana,6.26,4.92,0.4154624419385894,762418.0,6019.0,787814379.2,200.0,-1.4078,,,,,,,-859.0,0.0,47.0828421,29.89637328,26.28246762,19.27482109,,0.7536238423698679
2004-12-01,Guyana,6.2,5.48,0.8681716345699206,762418.0,6019.0,787814379.2,199.75,-0.8825,,,,,,,-859.0,0.0,135.0591688,29.44081188,25.71533751,18.89272143,,0.7260774762204767
2005-01-01,Guyana,9.08,7.66,2.1105448835659018,760914.0,6029.0,824880550.3,199.75,1.3557,,,,,,,-790.0,465100.0,324.3784878,27.72405787,24.72006881,18.60618258,,0.6216193916945283
2005-02-01,Guyana,12.91,-1.24,1.1987575683940546,760914.0,6029.0,824880550.3,199.75,0.9486,,,,,,,-790.0,0.0,119.7800776,28.64211871,24.91488614,18.84773743,,0.668280722954282
2005-03-01,Guyana,9.3,0.22,0.8396418673388123,760914.0,6029.0,824880550.3,199.75,-0.5895,,,,,,,-790.0,0.0,107.876282,29.51912192,25.50649495,19.48824207,,0.6436602176968224
2005-04-01,Guyana,8.89,0.67,1.6484280780443543,760914.0,6029.0,824880550.3,200.0,1.3305,,,,,,,-790.0,0.0,307.7969766,27.10980042,24.71988039,18.93826722,,0.5690120190270672
2005-05-01,Guyana,7.34,0.17,1.0634862538002936,760914.0,6029.0,824880550.3,200.0,0.032,,,,,,,-790.0,0.0,363.0873147,26.83401219,24.86764412,18.65052608,,0.6337884281254279
2005-06-01,Guyana,6.36,0.65,0.764640793603651,760914.0,6029.0,824880550.3,200.25,-1.2259,,,,,,,-790.0,0.0,253.5125946,26.82004907,25.09048347,18.61831025,,0.7261250038672313
2005-07-01,Guyana,5.58,0.58,1.0754119596081402,760914.0,6029.0,824880550.3,199.5,1.3501,,,,,,,-790.0,0.0,296.2041251,26.25874678,24.28828758,17.99370982,,0.7327218092686655
2005-08-01,Guyana,5.49,2.99,1.1041053493399082,760914.0,6029.0,824880550.3,199.5,0.3156,,,,,,,-790.0,0.0,216.8922018,27.0047143,24.90825869,18.37489186,,0.7515155779056639
2005-09-01,Guyana,4.82,0.52,0.6984716971205628,760914.0,6029.0,824880550.3,200.0,-0.8772,,,,,,,-790.0,0.0,72.20688777,28.72092069,26.34706233,19.18214302,,0.8074187420867402
2005-10-01,Guyana,6.15,0.1,0.99140109079802,760914.0,6029.0,824880550.3,199.75,-0.3104,,,,,,,-790.0,0.0,75.05749245,29.56711965,26.77390045,19.35234415,,0.7304036144514595
2005-11-01,Guyana,4.92,0.15,0.9149178425972492,760914.0,6029.0,824880550.3,199.75,0.1261,,,,,,,-790.0,0.0,103.271489,29.05293407,25.76607754,18.74931808,,0.6704610520243977
2005-12-01,Guyana,3.96,0.4,1.4880336917535173,760914.0,6029.0,824880550.3,200.25,1.3396,,,,,,,-790.0,0.0,260.1721461,28.30363223,24.30204551,18.07825893,,0.6565120441698196
2006-01-01,Guyana,4.31,1.57,2.242690577778466,758966.0,5957.0,2379817991.0,200.25,1.5991,,,,,,,-835.0,169000.0,331.0637519,27.23032651,23.81208608,17.73055227,,0.5780468476585678
2006-02-01,Guyana,2.06,1.04,0.651371734555672,758966.0,5957.0,2379817991.0,200.25,0.4298,,,,,,,-835.0,0.0,61.49435655,28.11199827,24.32293966,17.78485564,,0.6215801024781624
2006-03-01,Guyana,4.85,0.48,0.8610923051259464,758966.0,5957.0,2379817991.0,199.75,-0.9533,,,,,,,-835.0,0.0,109.5219461,28.8224408,24.90659282,18.46145132,,0.618052096742081
2006-04-01,Guyana,5.07,-0.58,0.498188253369792,758966.0,5957.0,2379817991.0,200.0,-0.2441,,,,,,,-835.0,0.0,95.31628782,28.78317341,25.40907551,19.04692396,,0.6147979493253173
2006-05-01,Guyana,5.33,-0.12,1.2777562105800202,758966.0,5957.0,2379817991.0,200.0,1.2651,,,,,,,-835.0,0.0,444.9464041,26.24097363,24.12836647,18.23831959,,0.5937113040854446
2006-06-01,Guyana,6.5,0.95,1.2253159121099937,758966.0,5957.0,2379817991.0,200.0,1.1477,,,,,,,-835.0,0.0,407.5857676,25.7687977,23.81095284,17.77381073,,0.6346738025485721
2006-07-01,Guyana,7.05,0.32,1.3726319909674545,758966.0,5957.0,2379817991.0,200.0,0.4373,,,,,,,-835.0,0.0,379.8834044,25.83535288,23.91952741,17.80327595,,0.7048128677355283
2006-08-01,Guyana,6.47,0.62,0.8435459199676442,758966.0,5957.0,2379817991.0,200.0,-0.5888,,,,,,,-835.0,0.0,165.018231,26.89166702,24.82969282,18.37077593,,0.7482680998830724
2006-09-01,Guyana,6.73,-0.5,1.0908187111409544,758966.0,5957.0,2379817991.0,200.0,-0.2489,,,,,,,-835.0,0.0,114.6313287,27.38868262,25.58792026,18.74779449,,0.751289610112073
2006-10-01,Guyana,6.89,-0.69,0.8461397189271248,758966.0,5957.0,2379817991.0,200.75,-0.5524,,,,,,,-835.0,0.0,72.36621072,29.0092859,26.23688761,19.22586752,,0.7105365870059733
2006-11-01,Guyana,5.9,0.57,1.0828740267202197,758966.0,5957.0,2379817991.0,200.75,-0.16,,,,,,,-835.0,0.0,104.5255617,27.97991199,25.06877011,18.66723567,,0.7104406172122378
2006-12-01,Guyana,4.73,0.45,1.055653444689238,758966.0,5957.0,2379817991.0,201.0,-0.6883,,,,,,,-835.0,0.0,207.4144669,27.92878827,24.75580952,18.22982153,,0.6613362369034703
2007-01-01,Guyana,6.03,6.59,0.6679302509373682,756861.0,5825.0,2730971595.0,200.75,-0.8558,,,,,,,-919.0,0.0,100.3058488,28.04812855,24.63602506,18.15880825,,0.6431048470027642
2007-02-01,Guyana,6.18,0.32,0.5186536252933616,756861.0,5825.0,2730971595.0,200.75,-1.606,,,,,,,-919.0,0.0,52.45279086,28.65825545,24.93316028,18.02566965,,0.7232229717249723
2007-03-01,Guyana,3.89,0.16,1.862802896817818,756861.0,5825.0,2730971595.0,201.75,0.7743,,,,,,,-919.0,0.0,221.6077375,28.02435617,24.81123638,18.68312633,,0.5705856741232842
2007-04-01,Guyana,3.01,1.16,1.2645832273225897,756861.0,5825.0,2730971595.0,201.75,0.494,,,,,,,-919.0,0.0,235.7350817,27.28313342,24.88509484,18.7530553,,0.5848325091070143
2007-05-01,Guyana,2.74,2.28,1.215358867849283,756861.0,5825.0,2730971595.0,201.75,1.1053,,,,,,,-919.0,0.0,427.8419262,26.72581286,24.37375879,18.56149834,,0.6080001790301308
2007-06-01,Guyana,2.57,1.3,1.1453954596017972,756861.0,5825.0,2730971595.0,201.75,0.9129,,,,,,,-919.0,0.0,381.3505164,25.70459336,23.72828698,17.76402262,,0.6250925898573616
2007-07-01,Guyana,2.21,0.96,1.0634305246192797,756861.0,5825.0,2730971595.0,203.5,0.0555,,,,,,,-919.0,0.0,294.7126843,26.0796588,24.12728557,17.88502622,,0.7041505691204555
2007-08-01,Guyana,2.04,0.2,1.3193887489594944,756861.0,5825.0,2730971595.0,203.25,1.7457,,,,,,,-919.0,0.0,258.3351909,26.46300669,24.27045724,17.81054744,,0.715883773249411
2007-09-01,Guyana,3.05,0.31,1.1850606449360184,756861.0,5825.0,2730971595.0,203.75,0.6297,,,,,,,-919.0,0.0,124.4197381,26.97512557,24.96665242,18.34755395,,0.7135773937200578
2007-10-01,Guyana,2.62,-0.24,0.9863495440602084,756861.0,5825.0,2730971595.0,203.25,0.829,,,,,,,-919.0,0.0,80.11973267,28.30056236,25.56551407,18.58245553,,0.716836250571927
2007-11-01,Guyana,2.98,0.01,0.476181542492666,756861.0,5825.0,2730971595.0,202.75,-1.0402,,,,,,,-919.0,0.0,53.22984442,29.42759938,25.85145124,18.53214582,,0.7221100028959537
2007-12-01,Guyana,4.64,0.36,2.0924936162173644,756861.0,5825.0,2730971595.0,203.5,1.6956,,,,,,,-919.0,0.0,345.5314395,26.97451039,24.00093875,17.76986016,,0.6217256598200366
2008-01-01,Guyana,5.21,1.36,0.8956233042893875,754606.0,5830.0,3025187433.0,202.75,0.3009,,,,,,,-983.0,0.0,136.5559172,27.50718319,23.87064673,17.42764059,,0.6440930504700486
2008-02-01,Guyana,6.11,1.0,0.9873564288010156,754606.0,5830.0,3025187433.0,202.5,1.6111,,,,,,,-983.0,0.0,97.58835372,27.02603828,23.63832965,17.41454178,,0.5555412292273428
2008-03-01,Guyana,7.28,2.36,0.9883796409158546,754606.0,5830.0,3025187433.0,204.25,0.3218,,,,,,,-983.0,0.0,117.4983322,27.76558733,24.07160809,17.74557043,,0.6447118931166322
2008-04-01,Guyana,7.73,0.46,0.9037976389889216,754606.0,5830.0,3025187433.0,204.0,-0.7201,,,,,,,-983.0,0.0,168.8543349,28.01349809,24.65481026,18.46772444,,0.5388104718055392
2008-05-01,Guyana,8.55,-0.1,0.8887877503399828,754606.0,5830.0,3025187433.0,203.0,0.2039,,,,,,,-983.0,0.0,307.1742489,26.01044974,24.12984063,18.28454615,,0.6010874595449169
2008-06-01,Guyana,9.18,0.56,1.1476905428239148,754606.0,5830.0,3025187433.0,204.0,-0.2664,,,,,,,-983.0,0.0,387.796946,25.67121688,23.68346718,17.74938528,,0.6466325718514603
2008-07-01,Guyana,9.37,0.07,1.3376447487108771,754606.0,5830.0,3025187433.0,204.25,0.6935,,,,,,,-983.0,0.0,374.2078096,25.82458364,23.677185,17.53154926,,0.6954603602657101
2008-08-01,Guyana,9.46,0.97,1.2048259669810035,754606.0,5830.0,3025187433.0,204.25,-0.1419,,,,,,,-983.0,0.0,234.6704178,26.8170515,24.69783171,18.27217162,,0.7581138942198835
2008-09-01,Guyana,8.92,0.87,1.136817631965602,754606.0,5830.0,3025187433.0,204.0,0.1236,,,,,,,-983.0,0.0,115.8396574,27.36444882,25.46836427,18.76957035,,0.7584503065605879
2008-10-01,Guyana,9.14,-0.24,1.1429332834658632,754606.0,5830.0,3025187433.0,204.5,0.8318,,,,,,,-983.0,0.0,94.38985597,27.94363794,25.56242955,18.90786477,,0.7674032205078989
2008-11-01,Guyana,8.94,-1.77,0.8902176574399708,754606.0,5830.0,3025187433.0,203.75,0.2131,,,,,,,-983.0,0.0,91.97801179,29.08348702,25.81300525,18.82224299,,0.6934042261437708
2008-12-01,Guyana,8.08,0.71,2.4352934444217995,754606.0,5830.0,3025187433.0,205.25,1.7561,,,,,,,-983.0,0.0,340.6904642,26.95684163,23.97729595,17.97397085,,0.5403483875206128
2009-01-01,Guyana,5.77,3.09,1.984863658683622,752094.0,5829.0,3165663153.0,204.25,1.7138,,,,,,,-1047.0,0.0,280.6052267,26.66240238,23.90386555,17.8143366,,0.56839141559251
2009-02-01,Guyana,4.04,-2.48,1.2357001898906623,752094.0,5829.0,3165663153.0,204.75,0.1916,,,,,,,-1047.0,0.0,124.2826445,27.19777092,24.08925936,17.8031641,,0.5820698168890832
2009-03-01,Guyana,3.32,-0.11,0.8616055513092359,752094.0,5829.0,3165663153.0,204.25,-0.0484,,,,,,,-1047.0,0.0,109.0168228,28.43035775,24.49474306,18.41348054,,0.5571808321814302
2009-04-01,Guyana,2.81,-0.6,0.5265616816078583,752094.0,5829.0,3165663153.0,204.0,0.4244,,,,,,,-1047.0,0.0,93.89080786,28.3233984,24.98509738,18.59909827,,0.640289743848231
2009-05-01,Guyana,4.95,0.83,0.1957017557394599,752094.0,5829.0,3165663153.0,203.0,-2.751,,,,,,,-1047.0,0.0,66.86040696,29.68483741,25.63565783,19.47785079,,0.606692281668114
2009-06-01,Guyana,5.18,0.67,0.8306463298813823,752094.0,5829.0,3165663153.0,204.5,-0.4386,,,,,,,-1047.0,0.0,281.5508631,26.90223147,24.25292187,18.33127878,,0.655252109646437
2009-07-01,Guyana,5.76,1.0,0.8862564839154208,752094.0,5829.0,3165663153.0,204.5,-0.1697,,,,,,,-1047.0,0.0,244.6415864,26.47746659,24.52455479,18.0393943,,0.7418062448734943
2009-08-01,Guyana,6.52,0.77,0.627354501119682,752094.0,5829.0,3165663153.0,204.0,-1.8942,,,,,,,-1047.0,0.0,124.6568553,27.50447764,25.24331524,18.56603521,,0.7673774864957539
2009-09-01,Guyana,6.3,0.29,0.6687828624507001,752094.0,5829.0,3165663153.0,204.25,-0.6336,,,,,,,-1047.0,0.0,71.35176166,29.99972714,26.37370114,19.32298289,,0.7660889997070084
2009-10-01,Guyana,6.95,-0.87,1.122815845960168,752094.0,5829.0,3165663153.0,203.0,0.2516,,,,,,,-1047.0,0.0,93.46968363,30.36715564,26.40550262,19.17538186,,0.763543059778454
2009-11-01,Guyana,8.54,0.66,0.3757071535425079,752094.0,5829.0,3165663153.0,204.25,-1.0792,,,,,,,-1047.0,0.0,41.1430605,29.06867171,26.11567357,19.05293821,,0.7299277186615442
2009-12-01,Guyana,9.74,0.44,0.8494424075595389,752094.0,5829.0,3165663153.0,203.25,-0.2831,,,,,,,-1047.0,0.0,120.7855598,27.83155506,24.83333097,18.37178313,,0.6862724270708098
2010-01-01,Guyana,10.89,-0.38,0.6430667727775506,749256.0,5879.0,3432912517.0,203.5,-1.3174,,,,,,,-909.0,14700.0,91.73404944,28.01057866,24.58787513,18.16889204,,0.6505760191345682
2010-02-01,Guyana,11.33,1.12,0.6985574487532792,749256.0,5879.0,3432912517.0,204.0,-0.1343,,,,,,,-909.0,0.0,68.46160149,28.38168903,25.28766321,19.12933191,,0.5677941236889988
2010-03-01,Guyana,11.17,-0.26,1.3084224431658935,749256.0,5879.0,3432912517.0,203.0,-0.5806,,,,,,,-909.0,0.0,157.3054175,28.78183979,25.95716783,19.65181784,,0.6192376191943711
2010-04-01,Guyana,12.66,1.51,1.8371637744365608,749256.0,5879.0,3432912517.0,203.25,1.0011,,,,,,,-909.0,0.0,338.6589302,27.53214497,25.44675995,19.41626227,,0.5753730490376838
2010-05-01,Guyana,9.55,0.0,1.346122390188747,749256.0,5879.0,3432912517.0,204.0,0.7913,,,,,,,-909.0,0.0,463.8743844,26.5219998,24.76016866,18.89605211,,0.6035229481811811
2010-06-01,Guyana,8.7,0.0,1.0189982019628627,749256.0,5879.0,3432912517.0,203.75,-1.2004,,,,,,,-909.0,0.0,340.7552172,26.60881568,24.74833511,18.58751577,,0.6768399264101489
2010-07-01,Guyana,9.28,-2.06,1.3533932334609573,749256.0,5879.0,3432912517.0,203.5,1.3588,,,,,,,-909.0,0.0,375.3765236,26.29309263,24.29064803,18.1664309,,0.6990748068804225
2010-08-01,Guyana,8.71,2.6,1.513114361608669,749256.0,5879.0,3432912517.0,204.25,0.9784,,,,,,,-909.0,0.0,294.4965673,26.64493668,24.59273384,18.15071468,,0.7771005270702116
2010-09-01,Guyana,7.92,0.98,1.5260070909317514,749256.0,5879.0,3432912517.0,203.5,0.6802,,,,,,,-909.0,0.0,157.2496985,27.42546563,25.40398811,18.8228479,,0.7562628733587048
2010-10-01,Guyana,7.31,0.58,1.42392528344869,749256.0,5879.0,3432912517.0,204.0,0.025,,,,,,,-909.0,0.0,107.6759392,28.47972692,25.88572577,19.05267509,,0.6968143403278402
2010-11-01,Guyana,6.58,-0.38,2.178652483100043,749256.0,5879.0,3432912517.0,202.5,0.8433,,,,,,,-909.0,0.0,224.3255442,27.00674072,24.89316568,18.57584065,,0.7157620545527175
2010-12-01,Guyana,6.0,0.77,2.062072336651036,749256.0,5879.0,3432912517.0,203.5,0.7287,,,,,,,-909.0,0.0,315.3672046,27.42968757,24.48044804,18.198195,,0.706276292518571
2011-01-01,Guyana,6.37,0.03,0.9863418441536111,746153.0,5890.0,3691384318.0,203.5,-0.3418,,,,,,,-863.0,0.0,136.6849727,27.72457969,24.05128481,17.73241319,,0.7015541320094665
2011-02-01,Guyana,6.85,0.3,1.6321038557711454,746153.0,5890.0,3691384318.0,204.5,1.7103,,,,,,,-863.0,0.0,165.4138702,27.81460896,24.09979604,18.08881958,,0.6132860739675223
2011-03-01,Guyana,7.09,1.69,2.665888581078648,746153.0,5890.0,3691384318.0,204.0,1.7331,,,,,,,-863.0,0.0,320.5832318,26.64037962,24.00672337,17.8549661,,0.5383526446297583
2011-04-01,Guyana,6.75,0.69,0.4875103901846454,746153.0,5890.0,3691384318.0,204.5,-1.4651,,,,,,,-863.0,0.0,96.74617126,28.35626662,25.21310453,18.75989889,,0.6337005722644935
2011-05-01,Guyana,6.99,-0.21,1.371108604418346,746153.0,5890.0,3691384318.0,204.0,0.9312,,,,,,,-863.0,0.0,477.7925201,26.73048824,24.45900615,18.46208844,,0.5925546956632781
2011-06-01,Guyana,7.55,0.61,0.9925375873627784,746153.0,5890.0,3691384318.0,204.0,-0.7625,,,,,,,-863.0,0.0,331.9419191,26.28374271,24.46274864,18.35284807,,0.7165877263081719
2011-07-01,Guyana,7.37,-0.26,0.8270434103287588,746153.0,5890.0,3691384318.0,203.75,-0.9647,,,,,,,-863.0,0.0,229.7730034,26.26825986,24.32577686,17.97653806,,0.7557856749467189
2011-08-01,Guyana,7.15,0.09,0.7984126795380951,746153.0,5890.0,3691384318.0,204.25,-0.3781,,,,,,,-863.0,0.0,156.6666709,27.26255174,25.08972636,18.50079623,,0.756847249579983
2011-09-01,Guyana,7.09,0.76,0.8699024914676006,746153.0,5890.0,3691384318.0,204.0,-0.7569,,,,,,,-863.0,0.0,88.55680249,27.62806784,25.60965185,19.12662741,,0.7367134858219098
2011-10-01,Guyana,7.41,-0.08,1.7271995580154722,746153.0,5890.0,3691384318.0,204.0,0.7961,,,,,,,-863.0,0.0,139.2701784,27.9650857,25.10205075,18.58857886,,0.6818436604576588
2011-11-01,Guyana,7.37,-0.18,1.6424692920346775,746153.0,5890.0,3691384318.0,204.5,0.7547,,,,,,,-863.0,0.0,165.4777701,28.00695864,25.14688385,18.55963605,,0.7082037291617214
2011-12-01,Guyana,7.11,-0.23,0.6375056134899106,746153.0,5890.0,3691384318.0,203.75,-0.9572,,,,,,,-863.0,0.0,118.6755359,28.65393213,24.9790218,18.34314111,,0.6793457457185879
2012-01-01,Guyana,6.67,0.03,1.176538268071426,746288.0,6024.0,4063088536.0,204.5,1.0854,914078.356,,3912108.601,,542.823,,-866.0,0.0,182.2288154,27.80837507,23.91822315,17.69724908,,0.5826372921181815
2012-02-01,Guyana,5.82,0.28,1.4670469595685631,746288.0,6024.0,4063088536.0,204.5,1.1589,1410723.074,0.0,40.266,0.0,,,-866.0,0.0,143.5264937,26.05664518,23.56582383,17.34530919,,0.6118392122370038
2012-03-01,Guyana,5.21,-0.28,1.2410058251653702,746288.0,6024.0,4063088536.0,204.0,0.0755,624265.417,0.0,,,,,-866.0,0.0,153.2791787,27.07956737,24.31677457,18.00158676,,0.5224071716287957
2012-04-01,Guyana,4.82,0.46,1.5117067405921856,746288.0,6024.0,4063088536.0,205.0,0.618,987669.345,0.0,3852422.619,0.0,,,-866.0,0.0,289.0833342,26.60884512,24.4541618,18.36180464,,0.5681567210350509
2012-05-01,Guyana,4.25,0.92,1.1971726555970357,746288.0,6024.0,4063088536.0,203.5,0.0598,1305981.994,0.0,,,,,-866.0,0.0,389.9380923,26.10385994,24.52430239,18.23737861,,0.6415546654514497
2012-06-01,Guyana,3.96,0.37,0.66841099393607,746288.0,6024.0,4063088536.0,204.25,-1.9885,1231.646,0.0,3750418.448,0.0,,,-866.0,0.0,220.8990694,25.83959003,24.2759145,18.05058178,,0.6923168998359049
2012-07-01,Guyana,2.8,-0.09,1.1456056480162682,746288.0,6024.0,4063088536.0,204.5,-0.4192,1315924.581,0.0,3861579.95,0.0,60.527,0.0,-866.0,0.0,320.2914168,25.96689239,23.91143666,17.78624671,,0.6518080839846836
2012-08-01,Guyana,2.73,0.64,1.120683164845346,746288.0,6024.0,4063088536.0,204.5,0.1437,1359511.252,0.0,,,,,-866.0,0.0,219.6071946,26.58076492,24.31171558,18.00389475,,0.7490834039234516
2012-09-01,Guyana,2.74,0.43,0.6351011010591896,746288.0,6024.0,4063088536.0,204.5,-1.3698,1655477.858,0.0,,,,,-866.0,0.0,65.58568265,27.66000084,25.78453611,18.85771948,,0.7537015170112822
2012-10-01,Guyana,2.77,0.38,0.6538804257328671,746288.0,6024.0,4063088536.0,204.25,-1.3796,235840.961,0.0,4290181.095,0.0,39859.892,0.0,-866.0,0.0,54.05172157,29.4107301,26.82049905,19.34538442,,0.7723883639532676
2012-11-01,Guyana,2.86,0.0,0.8869651679054298,746288.0,6024.0,4063088536.0,204.25,-1.0209,2443647.519,0.0,,,20.003,0.0,-866.0,0.0,95.44597028,29.7202315,26.48775266,19.51832449,,0.7775947669472784
2012-12-01,Guyana,2.96,0.27,1.069228961006483,746288.0,6024.0,4063088536.0,204.25,-0.1873,1891479.212,0.0,3391504.457,0.0,,,-866.0,0.0,182.0622116,27.60833944,24.76687988,18.24573023,,0.7126453842042488
2013-01-01,Guyana,2.85,0.06,0.4629670524626402,750021.0,6037.0,4167800929.0,204.75,-1.5215,1904802.675,0.0,3094068.599,0.0,41552.171,0.0,-924.0,0.0,67.96319293,28.51496121,24.74431296,18.10148937,,0.6493771235559932
2013-02-01,Guyana,2.83,-0.38,1.8679944733103024,750021.0,6037.0,4167800929.0,204.75,1.378,39263.451,0.0,,,41460.149,0.0,-924.0,0.0,193.9018211,26.7745113,23.97905898,17.92264071,,0.5502628736821786
2013-03-01,Guyana,2.93,-0.22,1.103417295708465,750021.0,6037.0,4167800929.0,204.5,-0.5032,1875066.664,0.0,,,544835.518,0.0,-924.0,0.0,132.4240195,28.02760027,25.25205346,19.19831494,,0.5714825159753626
2013-04-01,Guyana,2.83,-0.36,1.307055924709639,750021.0,6037.0,4167800929.0,205.0,0.2943,541.228,0.0,5127696.299,0.0,76672.224,0.0,-924.0,0.0,221.4031688,27.78781342,24.9760467,19.0319649,,0.5240407293277677
2013-05-01,Guyana,2.84,0.72,1.111908359074689,750021.0,6037.0,4167800929.0,205.75,0.4459,1323651.961,0.0,3289077.859,0.0,804994.443,0.0,-924.0,0.0,378.1879458,26.10071267,24.23348565,18.36502509,,0.5869280375228731
2013-06-01,Guyana,2.59,0.37,0.7853608222951485,750021.0,6037.0,4167800929.0,206.0,-1.0339,88582.02,0.0,,,,,-924.0,0.0,257.5284307,25.97165574,24.38799678,18.17255635,,0.687586753115262
2013-07-01,Guyana,4.86,-0.01,0.9736390856960376,750021.0,6037.0,4167800929.0,205.0,-0.2192,1468360.519,0.0,2999137.557,0.0,80583.743,0.0,-924.0,0.0,270.7655594,25.87439029,24.02367197,17.89197104,,0.6804479114948994
2013-08-01,Guyana,6.43,0.45,1.4295067994955344,750021.0,6037.0,4167800929.0,205.5,0.8966,125775.067,0.0,,,,,-924.0,0.0,280.8394351,26.55248458,24.34628697,18.00099454,,0.7261249477718706
2013-09-01,Guyana,6.79,0.53,0.8474681048613911,750021.0,6037.0,4167800929.0,205.5,-0.031,82990.951,0.0,3746994.737,0.0,,,-924.0,0.0,88.61840771,27.56088077,25.30652479,18.74151228,,0.7788774094479836
2013-10-01,Guyana,6.84,-0.53,0.8085454332269907,750021.0,6037.0,4167800929.0,205.5,-0.0643,60474.595,0.0,0.0,18699.308,21822.574,0.0,-924.0,0.0,64.84681613,28.52616584,25.59175548,18.83572302,,0.7374138000781072
2013-11-01,Guyana,6.81,-0.09,1.0601611502687271,750021.0,6037.0,4167800929.0,206.25,1.1127,3165337.248,0.0,3089611.191,0.0,446385.405,0.0,-924.0,0.0,104.3446885,28.32027836,25.11564152,18.34283424,,0.6977234969661199
2013-12-01,Guyana,6.72,0.36,1.1973310837252928,750021.0,6037.0,4167800929.0,,0.6592,,,,,,,-924.0,0.0,214.9293015,27.85265101,24.4324348,17.92009683,,0.6447318679559348
2014-01-01,Guyana,6.7,-0.07,0.6701130889953152,754229.0,5902.0,4127660152.0,206.5,-1.1219,1456462.635,0.0,4070418.141,0.0,1246397.579,0.0,-836.0,0.0,102.8601094,27.43005745,24.14705197,17.59677662,,0.6870851973652218
2014-02-01,Guyana,6.83,-0.07,0.976467538630155,754229.0,5902.0,4127660152.0,206.0,-0.1945,287.342,0.0,0.0,24995.585,482019.402,0.0,-836.0,0.0,97.42081527,27.67306117,24.04231075,17.91452497,,0.5643698839157404
2014-03-01,Guyana,6.84,-0.07,0.4710046610273222,754229.0,5902.0,4127660152.0,206.5,-0.9032,1390950.615,0.0,2578471.223,0.0,242502.728,0.0,-836.0,0.0,59.49246344,28.62120939,24.87030124,18.43094771,,0.5688178352720001
2014-04-01,Guyana,5.52,-0.07,0.8324389500708679,754229.0,5902.0,4127660152.0,206.5,-0.9591,70617.78,0.0,3817896.846,0.0,359281.94,0.0,-836.0,0.0,156.8771905,27.99981931,24.82965117,18.53591686,,0.5005255668628895
2014-05-01,Guyana,6.0,-0.07,0.4284284944311009,754229.0,5902.0,4127660152.0,206.5,-1.7657,1410531.712,0.0,0.0,10300.819,585597.753,0.0,-836.0,0.0,146.6062156,27.49664802,24.89666012,18.70927088,,0.577488426652624
2014-06-01,Guyana,6.2,-0.08,0.890304959860552,754229.0,5902.0,4127660152.0,206.5,-0.693,3008.549,0.0,3150425.789,0.0,253262.64,0.0,-836.0,0.0,302.3246336,25.95081772,24.13027368,18.10548895,,0.5914890889516362
2014-07-01,Guyana,3.02,0.36,0.6209007947345502,754229.0,5902.0,4127660152.0,206.5,-1.1927,1950000.703,0.0,2476.577,0.0,481818.99,0.0,-836.0,0.0,172.0905632,26.21782127,24.39262108,17.93906518,,0.7157175044426092
2014-08-01,Guyana,2.84,0.44,0.920040867397127,754229.0,5902.0,4127660152.0,206.5,-0.4205,94517.864,0.0,3206007.227,0.0,38130.931,0.0,-836.0,0.0,181.8583415,26.70940435,24.53737632,17.89209242,,0.7604717252448374
2014-09-01,Guyana,2.75,0.18,0.4817571766501163,754229.0,5902.0,4127660152.0,206.5,-1.338,278487.479,0.0,0.0,5150.409,703852.905,0.0,-836.0,0.0,52.16882229,27.81190571,25.60094472,18.71046528,,0.7460088374288929
2014-10-01,Guyana,2.24,0.18,1.072857896571649,754229.0,5902.0,4127660152.0,206.5,0.5243,118038.603,0.0,3930459.197,0.0,635965.522,0.0,-836.0,0.0,87.1252101,28.33973871,25.82880207,18.71725362,,0.7409304764721101
2014-11-01,Guyana,2.22,0.0,1.4024691558157782,754229.0,5902.0,4127660152.0,206.5,1.1647,1971876.477,0.0,0.0,10400.827,810505.779,0.0,-836.0,0.0,141.0136366,28.61685719,25.23701185,18.56662661,,0.678730423126783
2014-12-01,Guyana,2.16,0.44,0.7709059964188938,754229.0,5902.0,4127660152.0,206.5,-0.8125,2024030.247,0.0,3878763.337,0.0,224533.411,0.0,-836.0,0.0,127.5293936,28.46141166,24.98411035,18.40323269,,0.6793805576331107
2015-01-01,Guyana,0.66,-2.81,0.7794077304448287,758781.0,5879.0,4279840194.0,206.5,-0.9713,332705.956,0.0,0.0,4400.35,599966.264,0.0,-719.0,0.0,118.324239,27.96624059,24.29139232,17.85838294,,0.674396385836399
2015-02-01,Guyana,0.83,0.18,0.883750306448996,758781.0,5879.0,4279840194.0,206.5,-0.4159,1815871.944,0.0,3810027.423,0.0,655927.93,0.0,-719.0,0.0,80.74157274,28.53343054,24.66393008,18.37575929,,0.5752060429018326
2015-03-01,Guyana,0.33,0.09,0.598501048594654,758781.0,5879.0,4279840194.0,206.5,-0.5651,1729842.059,0.0,0.0,20801.654,890086.712,0.0,-719.0,0.0,70.69329739,28.425206,24.55629955,18.4244342,,0.5624150836742863
2015-04-01,Guyana,2.6,0.18,0.6758795803404013,758781.0,5879.0,4279840194.0,206.5,-0.6593,243872.832,0.0,2882786.743,0.0,1180141.109,0.0,-719.0,0.0,126.5454952,27.87292355,24.886468,18.80813135,,0.5014953339952999
2015-05-01,Guyana,2.35,0.54,0.923499344164454,758781.0,5879.0,4279840194.0,206.5,-0.2623,70023.535,0.0,980.238,0.0,130210.351,0.0,-719.0,0.0,311.5253848,26.29450856,24.183608,18.39146127,,0.5435920367007616
2015-06-01,Guyana,2.41,0.09,0.763925721022624,758781.0,5879.0,4279840194.0,206.5,-0.6215,1392635.116,0.0,3783821.48,0.0,791089.242,0.0,-719.0,0.0,255.7796966,25.82780751,24.2834942,18.19711903,,0.659446716848223
2015-07-01,Guyana,2.3,0.27,0.8731983049915664,758781.0,5879.0,4279840194.0,206.5,-0.2773,828503.479,0.0,0.0,25952.063,264682.195,0.0,-719.0,0.0,241.0506613,26.16145303,24.29319997,18.10088515,,0.6861503790010951
2015-08-01,Guyana,1.74,0.27,0.747272768455003,758781.0,5879.0,4279840194.0,206.5,0.4769,184668.433,0.0,3647032.516,0.0,901435.433,0.0,-719.0,0.0,146.8896804,27.1303316,25.11455013,18.55098852,,0.7588248466150476
2015-09-01,Guyana,1.32,-0.36,0.368355067785454,758781.0,5879.0,4279840194.0,206.5,-0.9755,714972.83,0.0,0.0,25952.063,18109.44,0.0,-719.0,0.0,39.66786342,29.62709245,26.53472966,19.44810753,,0.7829138796475374
2015-10-01,Guyana,1.07,-0.27,0.3751943656479065,758781.0,5879.0,4279840194.0,206.5,-1.5389,664832.208,0.0,327344.282,0.0,877165.976,0.0,-719.0,0.0,30.54469062,31.42919652,27.7411001,20.10258362,,0.7981269967363457
2015-11-01,Guyana,1.08,-0.09,0.6164694632446731,758781.0,5879.0,4279840194.0,206.5,-1.1449,818503.406,0.0,0.0,10300.819,729607.149,0.0,-719.0,0.0,72.26153271,30.04321401,26.34538854,19.02729333,,0.7120041262397799
2015-12-01,Guyana,1.03,0.18,0.5324525511106342,758781.0,5879.0,4279840194.0,206.5,-1.1655,761721.061,0.0,3442684.742,0.0,1542072.854,0.0,-719.0,0.0,88.23166255,28.32947203,25.27673363,18.2955181,,0.661248056156414
2016-01-01,Guyana,-1.44,-0.18,0.3032822615232857,763548.0,5888.0,4482697337.0,206.5,-1.0385,862198.596,0.0,0.0,5150.409,243738.952,0.0,-553.0,0.0,43.2158063,28.92042181,25.20784356,18.67421518,,0.7221516781313089
2016-02-01,Guyana,-2.05,-0.45,0.837087571360035,763548.0,5888.0,4482697337.0,206.5,-0.1471,1382110.924,0.0,0.0,10300.819,1369946.823,0.0,-553.0,0.0,79.33659203,28.10749752,25.01515473,19.0325688,,0.4901769288628325
2016-03-01,Guyana,-3.2,0.45,0.4874618954537421,763548.0,5888.0,4482697337.0,206.5,-1.1387,82134.609,0.0,3584486.824,0.0,363692.761,0.0,-553.0,0.0,56.89098186,29.33608025,25.85932936,19.85995353,,0.504829874404387
2016-04-01,Guyana,-4.8,0.0,1.5184946567751751,763548.0,5888.0,4482697337.0,206.5,0.5566,2358945.47,0.0,0.0,15451.233,106478.629,0.0,-553.0,0.0,266.103648,27.99591476,25.39589242,19.29724397,,0.5021406358543384
2016-05-01,Guyana,-5.4,0.98,0.8810336384176474,763548.0,5888.0,4482697337.0,206.5,0.4307,645480.114,0.0,3213827.189,0.0,37.573,0.0,-553.0,0.0,291.0760936,26.4487677,24.78770801,18.86821442,,0.6298606986468973
2016-06-01,Guyana,-5.82,0.18,0.9807774911278276,763548.0,5888.0,4482697337.0,206.5,-0.4207,367018.426,0.0,0.0,5150.409,2097.55,0.0,-553.0,0.0,327.1829201,26.00236556,24.24417518,18.11534841,,0.6508632932834639
2016-07-01,Guyana,-4.54,-0.18,0.9635891103284042,763548.0,5888.0,4482697337.0,206.5,-0.9446,52147.238,0.0,6372942.769,0.0,72.556,0.0,-553.0,0.0,264.2160295,26.26915678,24.33145112,18.06281333,,0.7035260578049661
2016-08-01,Guyana,-5.15,0.27,0.9156987254757152,763548.0,5888.0,4482697337.0,206.5,-0.5659,1333288.882,0.0,0.0,149811.909,840.287,0.0,-553.0,0.0,179.880675,27.0745919,25.022031,18.7035244,,0.7437518980239288
2016-09-01,Guyana,-4.34,0.0,1.0703559078699114,763548.0,5888.0,4482697337.0,206.5,0.4357,122075.574,0.0,0.0,15451.228,65.495,0.0,-553.0,0.0,112.2136756,27.43052921,25.49514354,19.01095727,,0.7641783482020053
2016-10-01,Guyana,-3.52,0.0,0.7558298438135812,763548.0,5888.0,4482697337.0,206.5,-0.5714,1109104.392,0.0,3724852.772,0.0,544412.387,0.0,-553.0,0.0,60.01027803,30.0291688,26.74925063,19.80935036,,0.7759760197970884
2016-11-01,Guyana,-4.96,0.09,0.8240886786944468,763548.0,5888.0,4482697337.0,206.5,-0.6828,1156448.284,0.0,0.0,16201.288,542293.109,0.0,-553.0,0.0,78.38917599,29.35782096,26.25659075,19.42740375,,0.7079470359436493
2016-12-01,Guyana,-3.4,0.27,1.0515506801940755,763548.0,5888.0,4482697337.0,206.5,1.2299,120935.084,0.0,3913286.082,0.0,558864.086,0.0,-553.0,0.0,187.8646284,28.37745661,24.82531205,18.36144834,,0.6254168844414771
2017-01-01,Guyana,-0.21,0.7,1.5963177831162687,768479.0,5836.0,4748174334.0,206.5,-0.1983,1166097.321,0.0,0.0,5150.005,43.687,0.0,-725.0,0.0,219.328161,28.00590668,24.21325866,17.92841959,,0.5988249698785832
2017-02-01,Guyana,0.85,0.26,1.716905583423918,768479.0,5836.0,4748174334.0,206.5,0.0616,1435900.064,0.0,0.0,65360.067,,,-725.0,0.0,162.4565115,26.96945025,24.12303484,17.98879549,,0.5962659373033721
2017-03-01,Guyana,2.55,-0.44,1.6099613806021622,768479.0,5836.0,4748174334.0,206.5,1.1208,1008584.979,0.0,4197988.634,0.0,,,-725.0,0.0,198.1059648,27.31655048,24.65128401,18.40648873,,0.5818112610271508
2017-04-01,Guyana,2.53,-0.09,0.686296160724935,768479.0,5836.0,4748174334.0,206.5,-0.3251,328850.33,0.0,0.0,20275.021,,,-725.0,0.0,127.1279312,28.37621839,25.12032293,19.13182549,,0.5512757794870049
2017-05-01,Guyana,3.11,0.18,0.955360786058788,768479.0,5836.0,4748174334.0,206.5,-0.0202,1228894.38,0.0,3532256.737,0.0,233.335,0.0,-725.0,0.0,321.5581201,26.32657741,24.7450626,18.85015142,,0.6536473958034499
2017-06-01,Guyana,3.18,0.44,1.030593633934167,768479.0,5836.0,4748174334.0,206.5,-0.2766,765.252,0.0,0.0,14925.015,30.06,0.0,-725.0,0.0,344.5494967,26.13111333,24.4925768,18.39772845,,0.6556041210300068
2017-07-01,Guyana,2.4,0.26,1.0853651756069451,768479.0,5836.0,4748174334.0,206.5,-0.0538,924793.758,0.0,0.0,26375.027,,,-725.0,0.0,301.8432161,26.31449877,24.25877153,17.92205452,,0.7210497344005224
2017-08-01,Guyana,1.72,0.09,0.8030984681709036,768479.0,5836.0,4748174334.0,206.5,-1.5444,619671.698,0.0,3485112.03,0.0,,,-725.0,0.0,158.2895171,27.486612,25.70333894,18.6405151,,0.7819981140134747
2017-09-01,Guyana,1.15,0.1,1.240662942109661,768479.0,5836.0,4748174334.0,206.5,0.35,906683.043,0.0,39309.47,0.0,0.0,2.0,-725.0,0.0,128.9596259,27.93128196,25.91090769,18.84504606,,0.7219232222811052
2017-10-01,Guyana,0.35,-0.03,1.0297925357926203,768479.0,5836.0,4748174334.0,206.5,-0.8907,636084.644,0.0,69524.882,0.0,,,-725.0,0.0,87.54045217,29.31758194,26.16595726,18.87611269,,0.7339009330489564
2017-11-01,Guyana,1.65,-0.16,0.8782855986802331,768479.0,5836.0,4748174334.0,206.5,-0.7944,921756.366,0.0,0.0,23125.024,0.0,89.0,-725.0,0.0,97.25974157,29.8294598,26.00437151,18.98925798,,0.7082969220908808
2017-12-01,Guyana,-0.01,0.17,0.8199499935129062,768479.0,5836.0,4748174334.0,206.5,-0.6588,702316.553,0.0,3821376.816,0.0,,,-725.0,0.0,148.0281448,28.45526518,24.98055264,18.39207738,,0.6461395464871034
2018-01-01,Guyana,-0.37,0.89,0.6619025106701857,791556.0,5862.0,4787636998.0,206.5,-0.1592,1208596.544,0.0,78059.736,0.0,0.0,16.0,-797.0,0.0,99.96551719,27.92829826,24.39839112,17.90959919,,0.6655108187286283
2018-02-01,Guyana,-1.36,-0.7,0.923812640040979,791556.0,5862.0,4787636998.0,206.5,-0.8429,1069221.804,0.0,,,1285.986,0.0,-797.0,0.0,85.23256573,28.23004514,24.2326124,17.67185829,,0.6505530832851341
2018-03-01,Guyana,-2.12,-0.53,0.7297748484752468,791556.0,5862.0,4787636998.0,206.5,-0.3377,1034564.427,0.0,0.0,4624.995,171.41,0.0,-797.0,0.0,82.53499919,29.02724308,25.20502312,18.52194286,,0.627610170576065
2018-04-01,Guyana,-1.3,-0.02,1.026924570589323,791556.0,5862.0,4787636998.0,208.5,0.352,572616.948,0.0,3634249.632,0.0,,,-797.0,0.0,190.1976541,26.86707427,24.46588375,18.39403553,,0.5034340000152071
2018-05-01,Guyana,-0.99,0.52,0.9396312005569734,791556.0,5862.0,4787636998.0,208.5,0.3272,1337948.406,0.0,0.0,13944.33,57.56,0.0,-797.0,0.0,326.5011085,25.92053306,23.87972494,18.11423633,,0.562566558174511
2018-06-01,Guyana,-0.95,0.69,0.9474544716421516,791556.0,5862.0,4787636998.0,208.5,0.1706,1797793.191,0.0,4628043.525,0.0,0.0,82.0,-797.0,0.0,316.2427105,25.68492747,23.78135997,17.80766239,,0.662331813931102
2018-07-01,Guyana,1.92,-0.17,1.1118640457698228,791556.0,5862.0,4787636998.0,208.5,0.7146,1757.236,0.0,2885825.333,0.0,,,-797.0,0.0,309.0863944,25.9192111,23.95769956,17.75682346,,0.7016558241625479
2018-08-01,Guyana,1.66,0.69,0.7067963160569145,791556.0,5862.0,4787636998.0,208.5,-1.218,1393379.598,0.0,0.0,9249.992,,,-797.0,0.0,140.3982713,26.89531635,25.00891083,18.24446107,,0.7299247405905194
2018-09-01,Guyana,2.29,0.09,1.3593215490332864,791556.0,5862.0,4787636998.0,208.5,1.4923,1190218.909,0.0,88603.713,0.0,,,-797.0,0.0,138.540897,27.70889295,25.38955874,18.753039,,0.7743420053832202
2018-10-01,Guyana,2.73,0.34,0.5285070483166082,791556.0,5862.0,4787636998.0,208.5,-1.3619,1217194.66,0.0,44.545,0.0,,,-797.0,0.0,43.35075197,30.19250288,26.8954592,19.41907588,,0.7415228269990951
2018-11-01,Guyana,3.0,0.0,0.8974486337838384,791556.0,5862.0,4787636998.0,208.5,-0.434,1169181.087,0.0,3515108.161,0.0,,,-797.0,0.0,94.55915033,28.5908531,25.58563218,18.85885169,,0.6891238483603711
2018-12-01,Guyana,2.97,-0.17,0.593997266157775,791556.0,5862.0,4787636998.0,208.5,-1.3815,1313624.01,0.0,0.0,23624.985,0.0,21.0,-797.0,0.0,93.12318364,26.63858644,23.91427785,17.51208747,,0.6637482362774993
2019-01-01,Guyana,2.14,-0.09,0.4650678161725331,807665.0,6058.0,5173760192.0,208.5,-1.0757,1003365.849,0.0,2629724.347,0.0,0.0,233.0,-889.0,0.0,69.2744798,27.87428488,24.32623707,18.00427007,,0.6350170636790605
2019-02-01,Guyana,3.33,0.0,0.6194840687981157,807665.0,6058.0,5173760192.0,208.5,-0.3019,607039.007,0.0,0.0,9205.63,0.0,58.981,-889.0,0.0,55.80987986,28.19241903,24.60184963,18.06807008,,0.6124916736679855
2019-03-01,Guyana,3.2,0.09,0.2854158691881363,807665.0,6058.0,5173760192.0,208.5,-1.6117,8427.688,0.0,0.0,17963.216,0.0,128.0,-889.0,0.0,30.86034082,29.64471139,26.02197916,19.37475749,,0.5888284222857425
2019-04-01,Guyana,0.79,0.7,0.4738925348469735,807665.0,6058.0,5173760192.0,208.5,-1.2382,1854373.787,0.0,0.0,11124.993,78.312,0.0,-889.0,0.0,81.99155628,29.76399085,26.13668815,19.44765241,,0.5387330148233084
2019-05-01,Guyana,0.58,0.42,1.134428416419121,807665.0,6058.0,5173760192.0,208.5,0.6917,1055348.974,0.0,0.0,6499.996,0.0,518.369,-889.0,0.0,392.283084,26.89495721,24.58229383,18.64371551,,0.5817824630407347
2019-06-01,Guyana,0.09,0.43,1.0525669372294495,807665.0,6058.0,5173760192.0,208.5,0.1931,938406.306,0.0,0.0,6499.996,0.0,364.0,-889.0,0.0,353.3770185,26.19266224,24.39251473,18.32747127,,0.651563143657462
2019-07-01,Guyana,-3.13,0.25,0.960314289979332,807665.0,6058.0,5173760192.0,208.5,0.7938,3022.391,0.0,0.0,12999.992,14.609,0.0,-889.0,0.0,264.9330826,26.30728011,24.33966504,18.05157037,,0.6738524630905995
2019-08-01,Guyana,-1.47,0.1,1.1834690509268628,807665.0,6058.0,5173760192.0,208.5,0.9653,1796408.869,0.0,0.0,3249.998,,,-889.0,0.0,233.6471796,26.74552004,24.75923818,18.21937861,,0.7307102976549676
2019-09-01,Guyana,-2.58,0.2,1.091511769819777,807665.0,6058.0,5173760192.0,208.5,0.791,1036117.692,0.0,,,0.0,981.999,-889.0,0.0,115.1022716,27.86804028,25.97959704,19.13804624,,0.7316772922538777
2019-10-01,Guyana,1.23,0.2,0.9950322135019416,807665.0,6058.0,5173760192.0,208.5,0.2584,19460.036,0.0,,,14.499,0.0,-889.0,0.0,79.25905438,28.34375938,25.51984334,18.80556581,,0.7399914414128084
2019-11-01,Guyana,2.21,-0.28,1.2665371299382522,807665.0,6058.0,5173760192.0,208.5,1.2591,1203411.081,0.0,,,0.0,52.0,-889.0,0.0,121.7138841,28.39903406,25.50845925,18.97449521,,0.6933431181341008
2019-12-01,Guyana,3.32,0.01,0.8645581349495123,807665.0,6058.0,5173760192.0,208.5,0.1982,1431504.249,0.0,,,,,-889.0,0.0,137.49205,27.39888313,24.6304208,18.43910333,,0.6167988830102671
2020-01-01,Guyana,4.23,-0.46,0.6442483427134553,807481.0,6854.0,5471256595.0,208.5,-1.0902,1092549.205,1091500.491,3967338.286,3967338.286,86.014,81.918,-880.0,0.0,86.09582843,28.28176983,24.7511583,18.23564038,,0.7317902174294579
2020-02-01,Guyana,3.45,-0.32,0.4817143188168733,807481.0,6854.0,5471256595.0,208.5,-1.2687,1174663.234,1174224.049,5392975.877,5392975.877,0.0,300.0,-880.0,0.0,45.56950383,28.78232148,25.03111593,18.74347506,,0.6748117540460201
2020-03-01,Guyana,4.49,0.34,0.8683162212622009,807481.0,6854.0,5471256595.0,208.5,-1.1072,1124153.679,1124153.679,,,18.082,17.218,-880.0,0.0,94.74174585,29.54301092,25.84846557,19.10140779,,0.5611903159488822
2020-04-01,Guyana,6.54,0.14,0.7889491926912867,807481.0,6854.0,5471256595.0,208.5,1.0032,1361046.649,1360547.978,1293799.172,1293799.172,0.0,82.005,-880.0,0.0,147.4583273,29.28917586,25.68413543,19.17073239,,0.6021029138896565
2020-05-01,Guyana,7.76,0.18,0.8990892852302165,807481.0,6854.0,5471256595.0,208.5,1.0632,960792.387,960792.387,2936570.586,2936570.586,13.818,13.161,-880.0,0.0,311.1268698,26.97388498,24.86829789,18.81980337,,0.6075506204034844
2020-06-01,Guyana,8.81,0.17,1.0677678911058173,807481.0,6854.0,5471256595.0,208.5,-0.0587,978128.563,977628.664,3089687.423,3089687.423,232.115,221.06,-880.0,0.0,359.938111,26.24917382,24.33427098,18.19974077,,0.6769558491249432
2020-07-01,Guyana,8.44,0.11,0.9321800094926982,807481.0,6854.0,5471256595.0,208.5,0.1579,881599.09,881166.673,,,,,-880.0,0.0,257.3471157,26.50911574,24.64373734,18.10374255,,0.7394006784982232
2020-08-01,Guyana,6.77,0.47,1.0507104504086624,807481.0,6854.0,5471256595.0,208.5,0.2157,1172056.089,1171544.953,2356686.674,2356686.674,18.067,17.209,-880.0,0.0,206.0575752,27.12109718,25.07065284,18.49639645,,0.7868500807027917
2020-09-01,Guyana,6.83,0.28,0.6858614684768048,807481.0,6854.0,5471256595.0,208.5,-0.048,487.103,487.103,48714.185,48714.185,236.072,224.83,-880.0,0.0,73.34463805,27.84588706,26.00911366,18.8121197,,0.7829539476478177
2020-10-01,Guyana,1.22,0.18,0.9455011853634194,807481.0,6854.0,5471256595.0,208.5,-0.0097,2047923.898,2047462.253,,,18.552,17.669,-880.0,0.0,75.26221661,29.33699393,26.60367428,19.0794072,,0.7286188571313561
2020-11-01,Guyana,0.12,0.06,1.535384312908796,807481.0,6854.0,5471256595.0,208.5,1.9317,74448.19,74448.19,,,154.499,154.499,-880.0,0.0,151.7042306,27.33840584,25.04009793,18.46383716,,0.6570366496945339
2020-12-01,Guyana,-1.98,-0.2,1.1757784740271329,807481.0,6854.0,5471256595.0,208.5,0.5847,589269.009,588070.338,4017689.213,4017689.213,10.072,9.592,-880.0,0.0,194.4649088,27.55773703,24.41333745,18.16076437,,0.591114602483061
2021-01-01,Guyana,-1.43,1.03,2.334761318888068,815482.0,8966.0,8041362110.0,208.5,0.3089,2373565.08,1016.22,2007498.715,,38.748,1.847,-1007.0,0.0,326.6445875,26.56950022,23.80973315,17.53415759,,0.6190611401950882
2021-02-01,Guyana,-3.14,0.0,0.8515877109781339,815482.0,8966.0,8041362110.0,208.5,-0.1074,995689.181,995549.358,,,0.0,76.067,-1007.0,0.0,79.94734195,27.43161751,24.27125093,17.7628989,,0.5764775648874436
2021-03-01,Guyana,-3.62,0.04,2.823419920047526,815482.0,8966.0,8041362110.0,208.5,1.4508,2085565.481,2085101.495,3886440.889,3886440.889,0.0,1034.004,-1007.0,0.0,336.0126404,27.48941207,24.31241566,17.90377121,,0.6135336375244209
2021-04-01,Guyana,-3.05,0.0,2.2218912329072413,815482.0,8966.0,8041362110.0,208.5,1.6573,291061.684,290477.382,,,,,-1007.0,0.0,397.6778197,26.35901252,24.45388992,18.15495978,,0.5583436337097001
2021-05-01,Guyana,-3.24,4.44,1.5465996826232848,815482.0,8966.0,8041362110.0,208.5,0.6807,1618626.695,1618053.223,,,65.396,65.396,-1007.0,0.0,511.0390194,26.04218841,24.11937875,18.18630751,,0.5058025620312483
2021-06-01,Guyana,-4.35,0.0,1.0003184833407732,815482.0,8966.0,8041362110.0,208.5,0.5348,1669281.09,1668654.678,2238734.088,2238734.088,38.998,37.141,-1007.0,0.0,333.6437039,26.07000841,24.36221805,18.18898356,,0.6890950869637453
2021-07-01,Guyana,-1.73,1.25,1.3084094581678398,815482.0,8966.0,8041362110.0,208.5,1.1154,2567084.976,2566872.99,3671972.767,3671972.767,1223.683,1165.414,-1007.0,0.0,362.2696194,26.19865808,24.06821113,17.78366102,,0.6871935126523581
2021-08-01,Guyana,-1.0,0.0,1.5625460957351922,815482.0,8966.0,8041362110.0,208.5,0.4393,77981.283,77696.104,2369054.004,2369054.004,161.563,153.87,-1007.0,0.0,309.5458282,26.73416081,24.7469031,18.17918717,,0.7376413861965145
2021-09-01,Guyana,-0.43,-1.11,1.1022039824434924,815482.0,8966.0,8041362110.0,208.5,-0.1701,5578061.552,5577554.881,,,39.309,37.439,-1007.0,0.0,116.531185,27.86901442,25.63559256,18.81190722,,0.7486101316730736
2021-10-01,Guyana,1.99,0.0,1.5930046296630136,815482.0,8966.0,8041362110.0,208.5,1.4903,8074.834,6509.185,,,688.705,686.839,-1007.0,0.0,128.4094893,29.30769566,26.13908692,19.19035853,,0.726408845686613
2021-11-01,Guyana,2.19,-0.3,1.239989894665888,815482.0,8966.0,8041362110.0,208.5,0.3387,1134318.847,1132891.731,3732694.47,3732694.47,34.278,32.647,-1007.0,0.0,132.841584,28.77250366,25.21561128,18.60738322,,0.694095831378225
2021-12-01,Guyana,3.45,0.28,1.4760906953172024,815482.0,8966.0,8041362110.0,208.5,1.1047,3912021.928,3912021.928,4686433.001,4686433.001,,,-1007.0,0.0,219.7681356,27.34129248,24.37954064,18.28287724,,0.5879117675810344
2022-01-01,Guyana,3.22,1.52,0.7177660898868168,821637.0,6005.0,14718388489.0,208.5,-1.0894,90136.163,90136.163,1970164.768,1970164.768,,,-1004.0,0.0,110.0920193,27.91819329,24.13228545,17.41338923,,0.7028073459110826
2022-02-01,Guyana,4.69,-0.43,2.239128990031629,821637.0,6005.0,14718388489.0,208.5,1.4917,1950636.377,1950399.155,,,35.247,33.568,-1004.0,0.0,215.8537584,27.92500385,24.21567403,17.88892335,,0.5235997770001717
2022-03-01,Guyana,5.82,0.59,2.4469842620440856,821637.0,6005.0,14718388489.0,208.5,1.5261,2351910.337,2350858.414,,,,,-1004.0,0.0,299.30813,26.95587735,24.25048899,18.09218395,,0.4974979407249571
2022-04-01,Guyana,4.94,1.09,1.3107381442933472,821637.0,6005.0,14718388489.0,208.5,0.3465,2071012.31,2070520.565,3978883.952,3978883.952,0.0,6.005,-1004.0,0.0,240.3522669,26.73945823,24.50318318,18.27759571,,0.4866227390764204
2022-05-01,Guyana,6.73,0.4,1.128872070145622,821637.0,6005.0,14718388489.0,208.5,0.6966,0.0,124.0,,,38.043,36.23,-1004.0,0.0,385.5807362,26.06625853,24.33735368,18.27525341,,0.4944212585422118
2022-06-01,Guyana,7.8,1.66,1.1509717447608272,821637.0,6005.0,14718388489.0,208.5,0.1208,3863618.419,3862783.072,4782849.85,4782849.85,,,-1004.0,0.0,382.0621002,25.67015239,23.80707342,17.7307291,,0.6617934766246831
2022-07-01,Guyana,5.8,1.49,1.098347169578871,821637.0,6005.0,14718388489.0,208.5,1.1009,3293595.839,3293134.147,5139728.591,5139728.591,74982.954,74982.954,-1004.0,0.0,304.8211686,26.25727818,24.21247672,17.87971077,,0.6755647192515295
2022-08-01,Guyana,7.01,1.03,1.2611880400214657,821637.0,6005.0,14718388489.0,208.5,0.2932,2227187.625,2226848.258,,,34.964,33.3,-1004.0,0.0,245.1321088,26.87035498,24.8662524,18.16263856,,0.7315721542525278
2022-09-01,Guyana,6.25,-0.36,1.7278539849022918,821637.0,6005.0,14718388489.0,208.5,0.8055,10212.181,9728.469,3668279.902,3668279.902,,,-1004.0,0.0,180.3533775,27.73969245,25.84670385,18.70514927,,0.7673620982304117
2022-10-01,Guyana,5.18,-0.63,1.8046880844548407,821637.0,6005.0,14718388489.0,208.5,1.2884,2662984.502,2662984.502,2059676.341,2059676.341,1404.32,1404.32,-1004.0,0.0,144.1350571,28.44708862,25.59722086,18.70890713,,0.4623337781811465
2022-11-01,Guyana,4.5,0.12,2.516394171090079,821637.0,6005.0,14718388489.0,208.5,2.0566,700772.218,698605.006,4427618.644,4427618.644,22299.362,22295.736,-1004.0,0.0,241.6652826,26.48295589,24.55078334,18.11428185,,0.6425497513783096
2022-12-01,Guyana,4.96,0.57,1.5000054857777252,821637.0,6005.0,14718388489.0,208.5,1.117,2263865.338,2262114.327,,,,,-1004.0,0.0,246.2929894,25.93385476,23.8354601,17.39744368,,0.6007404154851639
2023-01-01,Guyana,4.47,0.69,2.441014161209301,826353.0,6047.0,16918503597.0,208.5,1.3704,2289729.513,,2597728.64,,722.532,,-1431.0,0.0,361.2194685,25.94803475,23.41462455,17.02628575,,0.574218005694027
2023-02-01,Guyana,4.28,-0.22,1.346241757862905,826353.0,6047.0,16918503597.0,208.5,0.8057,2706607.951,1713.001,2462413.426,,722.076,,-1431.0,0.0,135.5093269,26.66245829,23.63236909,17.16947152,,0.5004086676806363
2023-03-01,Guyana,4.11,-1.04,0.4080564611105303,826353.0,6047.0,16918503597.0,208.5,-0.913,680750.37,2515.998,3653787.901,,404.302,37.002,-1431.0,0.0,47.68857609,28.20679475,24.76203042,17.89023886,,0.5889488454987895
2023-04-01,Guyana,4.0,-0.38,1.8399098519992287,826353.0,6047.0,16918503597.0,208.5,1.1304,2620269.474,,66.388,,,,-1431.0,0.0,323.8578538,27.79763218,25.18026266,18.68180372,,0.6023483117654054
2023-05-01,Guyana,0.51,0.06,1.162170644344826,826353.0,6047.0,16918503597.0,208.5,0.5919,1258520.389,,2635923.315,,0.0,331.002,-1431.0,0.0,388.9512413,26.59598819,24.91339564,18.67252496,,0.5658011311673625
2023-06-01,Guyana,-1.21,0.57,1.0167898274191318,826353.0,6047.0,16918503597.0,208.5,0.002,2740250.217,,2683174.921,,660.566,,-1431.0,0.0,337.1956511,26.59557071,24.91339332,18.43845808,,0.6745554925604011
2023-07-01,Guyana,1.91,0.78,0.9585885480895684,826353.0,6047.0,16918503597.0,208.5,-0.0795,928135.67,5.002,,,182879.925,10.0,-1431.0,0.0,265.4869322,27.10161425,25.11023663,18.47062624,,0.7585804530604858
2023-08-01,Guyana,1.26,0.19,0.4094344925465082,826353.0,6047.0,16918503597.0,208.5,-2.0841,2317688.734,,4358199.937,,,,-1431.0,0.0,80.70355906,27.9833652,26.31652112,19.3861421,,0.796235141737655
2023-09-01,Guyana,2.53,0.34,0.3523005642812638,826353.0,6047.0,16918503597.0,208.5,-1.8322,4730.153,,,,,,-1431.0,0.0,37.14158291,30.16318292,27.93493057,20.45258179,,0.8193083066064298
2023-10-01,Guyana,2.97,0.13,0.6591111704612516,826353.0,6047.0,16918503597.0,208.5,-0.781,3450396.046,25.439,,,1500.441,426.499,-1431.0,0.0,51.8767502,30.97062897,28.43977637,20.61804791,,0.8104170672056675
2023-11-01,Guyana,3.11,0.33,0.3316974750321231,826353.0,6047.0,16918503597.0,208.5,-0.1456,2796809.106,427.995,3082812.454,,13000.0,,-1431.0,0.0,35.67436966,30.58267744,27.21420362,19.58180396,,0.7065336014882131
2023-12-01,Guyana,3.03,0.53,0.6798719088894064,826353.0,6047.0,16918503597.0,208.5,-1.2366,2109207.485,,1562464.73,,438.384,594.0,-1431.0,0.0,109.0686787,29.6995804,26.22729015,19.43601615,,0.6396135767343454
2024-01-01,Guyana,2.71,-0.41,0.4075320974238726,831087.0,,24835899826.0,208.5,,1726825.956,127.002,2251482.716,,,,-1825.0,0.0,60.70276504,29.45037178,25.68376813,18.72926176,,0.6940419954684218
2024-02-01,Guyana,3.41,0.06,0.4623292805526002,831087.0,,24835899826.0,208.5,,2129091.581,1247.002,2255317.483,,,,-1825.0,0.0,42.11128975,30.46093964,26.77328055,19.7480883,,0.6397665687599401
2024-03-01,Guyana,2.19,0.12,0.4955871249631293,831087.0,,24835899826.0,208.5,,2194287.21,29537.002,3355268.052,,457.564,,-1825.0,0.0,57.56421136,31.27868374,27.68434929,20.64737546,,0.6246440754531877
2024-04-01,Guyana,4.61,0.21,1.2577712627820707,831087.0,,24835899826.0,208.5,,680.892,81387.958,,,150361.204,,-1825.0,0.0,231.59762,30.16428161,26.85980244,19.96708109,,0.5710533357363525
2024-05-01,Guyana,5.58,0.71,1.286206045578969,831087.0,,24835899826.0,208.5,,5477730.768,,,,,,-1825.0,0.0,446.8721372,27.3403894,25.30665863,19.15779847,,0.5418027920259691
2024-06-01,Guyana,6.95,0.94,1.1057484474058914,831087.0,,24835899826.0,208.5,,2664.77,474.0,5951169.381,,366.335,,-1825.0,0.0,362.8468907,26.69521908,25.04240743,18.34763336,,0.6855249574336482
2024-07-01,Guyana,4.19,0.19,0.8385795044532868,831087.0,,24835899826.0,208.5,,3569.801,,,,,,-1825.0,0.0,230.2422494,27.06462687,25.09928133,18.47462561,,0.6899356839521782
2024-08-01,Guyana,3.73,0.13,0.8826876554583569,831087.0,,24835899826.0,208.5,,2271211.362,10.0,2517632.648,,,,-1825.0,0.0,174.7550592,28.04818458,26.00299573,18.92535559,,0.7862666912264428
2024-09-01,Guyana,3.21,0.46,0.7338461559105054,831087.0,,24835899826.0,208.5,,2801606.682,13.002,2113277.161,,12241.282,,-1825.0,0.0,76.57300036,29.88633264,27.39149032,19.89752513,,0.7609107645722823
2024-10-01,Guyana,2.21,0.39,0.7115362152712215,831087.0,,24835899826.0,208.5,,1602473.512,37566.998,,,25378.502,,-1825.0,0.0,60.30751675,30.04416323,27.26904255,19.59028743,,0.7493126045392551
2024-11-01,Guyana,4.67,-0.21,0.7359991965363483,831087.0,,24835899826.0,208.5,,858056.223,18923.988,3763183.774,,50281.229,,-1825.0,0.0,73.44481835,30.17212681,27.1693323,19.48847338,,0.7249111977522859
2024-12-01,Guyana,3.79,0.31,0.97965118781455,831087.0,,24835899826.0,208.5,,2511897.414,48566.271,3195971.715,,102519.934,21.002,-1825.0,0.0,176.0363749,28.68404082,25.5454963,18.58587003,,0.6195597843989726
2025-01-01,Guyana,2.14,-0.27,0.9972741731028296,,,,208.5,,,,,,,,,0.0,140.7071629,28.21842443,24.88947523,17.99282799,,0.7320187325927128
2025-02-01,Guyana,2.08,0.03,1.1492130270092795,,,,208.5,,,,,,,,,0.0,109.6288917,27.60400409,24.45260138,17.99237079,,
2025-03-01,Guyana,4.91,0.07,1.693012961925808,,,,208.5,,,,,,,,,0.0,208.8430283,28.01540462,25.08933443,18.61784655,,
2025-04-01,Guyana,0.97,0.09,1.1326094164177505,,,,208.5,,,,,,,,,0.0,200.4954712,27.2109198,24.93901196,18.79385709,,0.506391217153568
2025-05-01,Guyana,1.08,0.76,0.9875028758450638,,,,208.5,,,,,,,,,0.0,331.3369784,26.19546965,24.52122076,18.3669745,,0.518058401413464
2025-06-01,Guyana,1.08,2.16,1.0506519238585408,,,,208.5,,,,,,,,,0.0,345.3608661,25.99882467,24.40346571,17.99226,,0.6469711701111962
2025-07-01,Guyana,0.66,-3.69,0.8719852074957612,,,,,,,,,,,,,0.0,240.5153024,26.5540299,24.55861021,17.96318596,,0.7454959456451298
2025-08-01,Guyana,1.32,4.11,0.6578659858455694,,,,,,,,,,,,,0.0,128.7625009,27.09276315,25.18611508,18.26637864,,0.7932147636869373
2025-09-01,Guyana,0.6,0.14,0.7088009564542755,,,,,,,,,,,,,0.0,79.36869279,29.68853035,27.12408429,19.46347067,,0.7882099735258408
2025-10-01,Guyana,,-0.07,0.9496636894220228,,,,,,,,,,,,,,78.09251466,29.30860715,27.13401128,19.03250511,,0.7605900040402086
2025-11-01,Guyana,,-0.34,0.8757060179833019,,,,,,,,,,,,,,101.4878213,29.05313464,25.84143806,18.70094552,,0.6124236130948776
2025-12-01,Guyana,,-0.37,0.6342016198681026,,,,,,,,,,,,,,118.0835271,28.1444894,24.81184366,18.13109579,,
2026-01-01,Guyana,,-0.4,,,,,,,,,,,,,,,89.4395304,28.46790109,24.7441655,18.10656247,,
2026-02-01,Guyana,,0.7,,,,,,,,,,,,,,,32.71809195,28.9820482,25.21663636,18.27277899,,
