Year-Month,Country,inflation-rate(heading),food_inflation,precipitation_Ratio,NDVI_Ratio,Population,fatalities,gdp,Exchange_rate,SPEI,c_cifvalue,c_fobvalue,w_cifvalue,w_fobvalue,s_cifvalue,s_fobvalue,Net Refugees,Disaster_Affected,Precipitation,max_temp,mean_temp,min_temp
2001-1-1,Japan,0,1.46,1.6889116445742125,0.2864994382069762,127149000,1001554,4370000000000.0,117.09526,1.1333,,,,,,,3491,300,156.4922227,19.48584613,-3.112121005,-16.72775329
2001-2-1,Japan,-0.3,1.44,0.9137823435941452,0.3354722732705056,127149000,1001554,4370000000000.0,116.03737,-0.0742,,,,,,,3491,0,75.43037171,19.89168467,-1.997065668,-17.50989468
2001-3-1,Japan,-0.2,-0.2,1.080720713713962,0.4277396883698198,127149000,1001554,4370000000000.0,121.12429,-0.1911,,,,,,,3491,11261,114.096415,20.1677182,1.973321136,-9.948692252
2001-4-1,Japan,0.2,-0.65,0.5475322623176834,0.6519777841394663,127149000,1001554,4370000000000.0,123.8275,-1.8678,,,,,,,3491,0,62.11400041,23.08957473,8.3928268,-1.628513379
2001-5-1,Japan,0.1,-0.16,0.9282993373062152,0.7587002930629514,127149000,1001554,4370000000000.0,121.93,-0.3909,,,,,,,3491,0,134.1494538,25.49663382,13.85477831,2.047785224
2001-6-1,Japan,-0.3,-0.87,1.1305216990132745,0.7711831854358762,127149000,1001554,4370000000000.0,122.15333,-0.1286,,,,,,,3491,1471,211.0931807,27.70521113,17.69743315,5.264819421
2001-7-1,Japan,-0.3,-0.91,0.7914390822976741,0.7311169213762034,127149000,1001554,4370000000000.0,124.64909,0.0942,,,,,,,3491,0,152.9801171,28.59011602,22.12815551,9.062373241
2001-8-1,Japan,0.41,-0.02,0.974399868882266,0.7424617839099497,127149000,1001554,4370000000000.0,121.60739,-0.4117,,,,,,,3491,7040,177.0698383,28.64702648,21.5673725,11.11725445
2001-9-1,Japan,-0.2,-0.88,1.1419743671981413,0.650355393982573,127149000,1001554,4370000000000.0,118.97526,-0.7411,,,,,,,3491,1215,240.5848175,27.12082113,18.00807958,9.08787028
2001-10-1,Japan,0,-1.17,1.312575997026978,0.5218388960908239,127149000,1001554,4370000000000.0,121.28136,0.5228,,,,,,,3491,0,179.6569034,25.4605981,13.07197438,3.288536716
2001-11-1,Japan,-0.51,-2.44,0.9231714867253492,0.4269715716652316,127149000,1001554,4370000000000.0,122.3081,-1.2389,,,,,,,3491,0,97.75145741,22.39841841,6.385605787,-5.626996634
2001-12-1,Japan,-0.1,-3.22,0.9587534856225464,0.2872749690666671,127149000,1001554,4370000000000.0,127.35842,-0.8142,,,,,,,3491,0,87.92650276,20.22798726,-0.449587609,-15.52448565
2002-1-1,Japan,-0.2,-3.51,1.763456675534938,0.2995688472590946,127445000,1014397,4180000000000.0,132.66474,1.2412,,,,,,,2936,0,168.3592223,18.30804778,-0.693625637,-13.36038825
2002-2-1,Japan,-0.51,-4.52,0.7691452819914205,0.3471991743102312,127445000,1014397,4180000000000.0,133.51842,-1.5588,,,,,,,2936,0,61.26773284,18.78616863,0.184287367,-10.75397798
2002-3-1,Japan,0.21,-3.33,1.0564712939510632,0.4721477818749052,127445000,1014397,4180000000000.0,131.1955,-0.6748,,,,,,,2936,222,119.2424778,21.67113018,4.019801539,-8.386618268
2002-4-1,Japan,0.31,-1.98,0.8244916298215638,0.6779753531177022,127445000,1014397,4180000000000.0,131.07238,0.2019,,,,,,,2936,0,90.9637748,24.04936754,9.649734785,-0.016352399
2002-5-1,Japan,0.31,-0.89,0.8716040111331985,0.6590180251330382,127445000,1014397,4180000000000.0,126.48429,-0.881,,,,,,,2936,0,128.9988377,25.80474093,13.53790698,3.199794593
2002-6-1,Japan,-0.1,-0.38,0.7508077686063686,0.7678668099733058,127445000,1014397,4180000000000.0,123.5975,-0.4233,,,,,,,2936,0,133.5563179,27.38991559,16.99479369,5.281150945
2002-7-1,Japan,-0.41,-0.21,0.9672472198682128,0.7631525233789551,127445000,1014397,4180000000000.0,118.06565,0.4539,,,,,,,2936,100597,196.5235749,27.81481666,21.96087914,8.468879892
2002-8-1,Japan,0.31,-0.78,0.9890566847391092,0.7395890440787182,127445000,1014397,4180000000000.0,119.0059,0.3604,,,,,,,2936,0,170.120943,28.05647084,21.81409952,9.327065281
2002-9-1,Japan,0,-0.32,0.6997353361503402,0.6734372703069346,127445000,1014397,4180000000000.0,120.36667,-1.4091,,,,,,,2936,0,148.6841315,26.96093924,18.44517911,9.497652562
2002-10-1,Japan,-0.2,-0.65,1.25335561863808,0.5908556736788461,127445000,1014397,4180000000000.0,123.86318,0.8707,,,,,,,2936,0,173.9474433,25.33230862,12.71056009,2.61928149
2002-11-1,Japan,0,1.79,1.0437349168122558,0.3800850373975942,127445000,1014397,4180000000000.0,122.55,-0.344,,,,,,,2936,0,118.7532453,22.27519868,4.192207618,-8.181005202
2002-12-1,Japan,0,1.77,1.3231142187685785,0.3262144278119072,127445000,1014397,4180000000000.0,122.272,0.004,,,,,,,2936,228,109.3706575,20.83002832,-0.130737012,-15.66324075
2003-1-1,Japan,-0.31,0.77,1.3593699561605914,0.338317426579872,127718000,1049519,4520000000000.0,118.65474,0.7205,,,,,,,2646,0,124.9504748,17.38901176,-2.163401694,-14.96249036
2003-2-1,Japan,-0.31,1.66,0.6613463362222889,0.3862419510834579,127718000,1049519,4520000000000.0,119.27211,-0.7189,,,,,,,2646,0,55.88508509,19.42577608,-1.017675865,-14.36439668
2003-3-1,Japan,0.31,1.51,1.011670060143728,0.5297333568838284,127718000,1049519,4520000000000.0,118.5365,-0.2719,,,,,,,2646,0,117.1539397,20.0196499,1.599205784,-9.748844405
2003-4-1,Japan,0.31,1.11,1.196018934256548,0.7101469489943166,127718000,1049519,4520000000000.0,119.78952,0.2079,,,,,,,2646,0,134.3622203,23.56060768,8.619712241,-1.188852501
2003-5-1,Japan,0.21,-0.08,0.7919168136102379,0.7104633845833096,127718000,1049519,4520000000000.0,117.26476,-0.7272,,,,,,,2646,2303,123.7259788,25.06427208,13.78701364,2.214562947
2003-6-1,Japan,-0.31,-0.43,0.9251774110031072,0.7796771287316984,127718000,1049519,4520000000000.0,118.26429,-0.1958,,,,,,,2646,0,171.9721411,26.5892316,17.77739408,6.331370269
2003-7-1,Japan,-0.21,-0.69,1.0850748392522935,0.7778910284102001,127718000,1049519,4520000000000.0,118.69182,0.5259,,,,,,,2646,19005,240.656246,28.94614372,18.82655919,7.623468571
2003-8-1,Japan,0.21,-1.3,1.5245250767178329,0.7411279780517228,127718000,1049519,4520000000000.0,118.82667,0.4674,,,,,,,2646,2180,278.1923913,28.48035075,21.38275711,10.0689948
2003-9-1,Japan,0.1,-0.65,0.7757196899123808,0.6784018213730779,127718000,1049519,4520000000000.0,115.19,-0.4693,,,,,,,2646,996,163.5775488,27.62082659,18.72964252,9.553435644
2003-10-1,Japan,0,-0.49,0.7065059080883987,0.4937997489759845,127718000,1049519,4520000000000.0,109.57955,-0.0506,,,,,,,2646,0,98.98362338,25.0541795,12.20480213,2.646065628
2003-11-1,Japan,-0.51,-2.1,1.5818403478916163,0.3950355706552819,127718000,1049519,4520000000000.0,109.19611,0.8798,,,,,,,2646,0,165.4887012,24.00938335,8.70454608,-4.05585645
2003-12-1,Japan,0.1,-1.11,0.896256375211547,0.3196173830692185,127718000,1049519,4520000000000.0,107.9355,-1.0238,,,,,,,2646,0,84.79106867,19.68469873,1.65091752,-11.24152355
2004-1-1,Japan,-0.21,-0.14,0.8384709324876418,0.3331593491845862,127761000,1063955,4890000000000.0,106.512,-0.7278,,,,,,,2352,0,80.22182864,18.32390856,-1.66703925,-13.47799889
2004-2-1,Japan,0,1.05,1.058178875416825,0.3381432704827145,127761000,1063955,4890000000000.0,106.54842,0.6269,,,,,,,2352,0,79.28059652,19.23063999,0.416037988,-12.18348425
2004-3-1,Japan,0.21,0.83,0.7649320860443317,0.4881133231250872,127761000,1063955,4890000000000.0,108.62304,-0.4076,,,,,,,2352,0,88.53099622,20.52293663,2.775097054,-9.546879709
2004-4-1,Japan,0,-0.36,0.8413683037532756,0.6874864312568736,127761000,1063955,4890000000000.0,107.25429,-1.0101,,,,,,,2352,0,93.97112046,22.6778582,8.592543146,-3.737207985
2004-5-1,Japan,0.1,-0.28,1.4271352221693354,0.6698462561446707,127761000,1063955,4890000000000.0,112.52176,1.0456,,,,,,,2352,0,200.8251961,25.96281963,14.43579438,2.801839078
2004-6-1,Japan,0.21,1.15,0.8462770446835327,0.6828096599472199,127761000,1063955,4890000000000.0,109.46682,-0.9743,,,,,,,2352,756,150.8332718,26.73518249,18.52707974,6.804713737
2004-7-1,Japan,-0.31,0.93,0.6688211482674162,0.7595963492942044,127761000,1063955,4890000000000.0,109.36381,-0.1296,,,,,,,2352,26107,132.8343834,28.04819118,22.37236148,10.28286808
2004-8-1,Japan,0.1,0.43,1.114926088539982,0.753694152239941,127761000,1063955,4890000000000.0,110.355,-0.4453,,,,,,,2352,188554,208.3180055,28.16000646,21.98560547,13.10722483
2004-9-1,Japan,0.31,0.6,1.1767610181368608,0.6765756454414937,127761000,1063955,4890000000000.0,110.0085,0.1877,,,,,,,2352,50989,250.2672232,26.88239979,19.43349103,10.86217952
2004-10-1,Japan,0.51,3.06,1.8516968546763248,0.6011361580528813,127761000,1063955,4890000000000.0,108.924,-0.6982,,,,,,,2352,152923,276.6162485,24.63797921,13.07421171,3.610638083
2004-11-1,Japan,-0.2,4.75,0.9665617223063192,0.4274931778023587,127761000,1063955,4890000000000.0,104.897,0.4423,,,,,,,2352,2290,104.8512018,23.29081773,8.70871892,-2.971348614
2004-12-1,Japan,-0.51,1.61,1.470397338308271,0.3517834808727125,127761000,1063955,4890000000000.0,103.83619,1.3411,,,,,,,2352,0,123.638792,21.0641134,2.50611587,-12.48953453
2005-1-1,Japan,-0.21,0.42,1.0051883265833848,0.3210750177960708,127773000,1122518,4830000000000.0,103.944,-0.0023,,,,,,,2399,0,100.9152545,18.32816941,-1.417792382,-14.58491653
2005-2-1,Japan,-0.31,-0.46,1.157448684305346,0.369670912655706,127773000,1122518,4830000000000.0,104.88105,0.4213,,,,,,,2399,0,97.86205861,19.7924047,-1.65196638,-15.17783049
2005-3-1,Japan,0.31,0.08,0.9755549292022176,0.5066421865247627,127773000,1122518,4830000000000.0,105.31273,-0.4566,,,,,,,2399,3535,108.4591969,18.63797902,1.741790675,-10.18932692
2005-4-1,Japan,0.1,0.04,0.7042092782625821,0.6810652522771051,127773000,1122518,4830000000000.0,107.3595,-0.1427,,,,,,,2399,895,70.27915679,22.8527963,8.372672368,-2.854045063
2005-5-1,Japan,0.1,0.04,0.7176613485583638,0.769992929099744,127773000,1122518,4830000000000.0,106.91263,0.1749,,,,,,,2399,0,97.52383686,25.89333049,12.18472856,1.606234241
2005-6-1,Japan,-0.41,-2.2,0.6740868266123047,0.7873325950119789,127773000,1122518,4830000000000.0,108.63182,-0.3624,,,,,,,2399,900,113.6808489,27.17436223,18.74414121,5.869566218
2005-7-1,Japan,-0.1,-0.93,1.1542424866225929,0.7676077812832698,127773000,1122518,4830000000000.0,111.935,0.4399,,,,,,,2399,0,249.8860535,28.14387205,20.82946785,8.844550397
2005-8-1,Japan,0.1,-1.08,0.968615837481608,0.7202014883878889,127773000,1122518,4830000000000.0,110.72174,0.1388,,,,,,,2399,94,167.3828022,28.12363178,22.86168923,13.09014251
2005-9-1,Japan,0.31,-1.11,0.8067889607735375,0.6515344768362105,127773000,1122518,4830000000000.0,111.0575,-0.7247,,,,,,,2399,270140,170.839258,27.34419,19.60713952,10.38309246
2005-10-1,Japan,0,-3.61,0.8113602848001499,0.5953278878440219,127773000,1122518,4830000000000.0,114.817,-0.7713,,,,,,,2399,0,114.9946371,25.91117679,14.00106,4.410011218
2005-11-1,Japan,-0.41,-4.69,0.8333931693118464,0.4528746981112088,127773000,1122518,4830000000000.0,118.407,-0.5871,,,,,,,2399,0,91.38466702,23.67636344,6.965718551,-5.021081225
2005-12-1,Japan,0.1,-2.06,1.0287616817438148,0.3120390201198502,127773000,1122518,4830000000000.0,118.63857,-0.1795,,,,,,,2399,2810,106.2757887,18.48957813,-1.380795232,-14.68090553
2006-1-1,Japan,0.1,-0.05,0.8915275317697736,0.291460781834682,127854000,1127231,4600000000000.0,115.45211,0.2709,,,,,,,2858,246,81.4929557,19.56048339,-1.928284236,-15.78800242
2006-2-1,Japan,-0.31,-1.25,1.229624830765083,0.3395785568069139,127854000,1127231,4600000000000.0,117.8855,0.7119,,,,,,,2858,0,99.17142247,19.89028661,-0.134603076,-13.42111185
2006-3-1,Japan,0.21,-2.07,1.065530830019719,0.4538505287519454,127854000,1127231,4600000000000.0,117.31182,-0.3816,,,,,,,2858,0,116.7602773,20.33196754,2.428787611,-8.872212781
2006-4-1,Japan,0.21,-0.81,1.249184048819319,0.6495837766737659,127854000,1127231,4600000000000.0,117.1055,0.9273,,,,,,,2858,0,141.3874948,23.47120238,6.909233668,-3.612361526
2006-5-1,Japan,0.31,-0.1,1.171624469289534,0.6779250099207159,127854000,1127231,4600000000000.0,111.60762,0.1277,,,,,,,2858,0,166.3830214,25.64987768,13.43316227,2.406569233
2006-6-1,Japan,0,1.67,1.0560303280295786,0.7800854152352462,127854000,1127231,4600000000000.0,114.53364,0.5595,,,,,,,2858,6232,189.6051689,27.13382863,17.44304858,4.952757666
2006-7-1,Japan,-0.31,0.71,1.365966842437128,0.7644329344727521,127854000,1127231,4600000000000.0,115.672,0.3416,,,,,,,2858,4300,318.7077896,28.76103437,20.75120641,8.242944336
2006-8-1,Japan,0.72,3.27,0.7921703958313231,0.7409924461761239,127854000,1127231,4600000000000.0,115.88043,-0.5385,,,,,,,2858,0,144.9266467,28.29641804,23.38404283,13.56375728
2006-9-1,Japan,0,2.12,0.8583588827458966,0.7036501601079902,127854000,1127231,4600000000000.0,117.0085,-0.9924,,,,,,,2858,12448,181.5561346,26.8255587,18.52434542,10.42083865
2006-10-1,Japan,-0.2,1.45,1.084740801279301,0.5782524520513358,127854000,1127231,4600000000000.0,118.65762,0.0102,,,,,,,2858,0,154.1285249,25.80055617,13.57451165,2.691231049
2006-11-1,Japan,-0.51,0.82,1.3396963310546173,0.3359316745695861,127854000,1127231,4600000000000.0,117.347,0.1431,,,,,,,2858,207,142.3372391,23.60175444,7.878553094,-3.3956007
2006-12-1,Japan,0.1,0.94,1.6239584565529483,0.303577694271684,127854000,1127231,4600000000000.0,117.13,-0.0462,,,,,,,2858,0,138.1608872,20.89247957,2.137147112,-12.2359384
2007-1-1,Japan,-0.21,-0.28,0.884908993335612,0.3205028895195578,128001000,1149567,4580000000000.0,120.57842,-0.0973,,,,,,,2756,0,81.92705059,19.42764121,0.059613576,-13.5279567
2007-2-1,Japan,-0.52,0.02,0.9163661599358568,0.3502831036468993,128001000,1149567,4580000000000.0,120.44632,-0.2553,,,,,,,2756,0,74.28002987,20.44867525,1.144796791,-12.26990908
2007-3-1,Japan,0.31,1.02,0.8432057796017008,0.4234580384773712,128001000,1149567,4580000000000.0,117.27571,0.6592,,,,,,,2756,41027,94.9086329,21.36718474,2.897042999,-9.446055558
2007-4-1,Japan,0.31,0.84,0.7682359625421761,0.6547961240932871,128001000,1149567,4580000000000.0,118.87,-0.5774,,,,,,,2756,201,85.64794856,22.21657797,7.322183337,-4.002852906
2007-5-1,Japan,0.31,0.44,1.0770075330377644,0.6715209255068737,128001000,1149567,4580000000000.0,120.72952,0.4399,,,,,,,2756,0,146.4767294,24.89159484,13.06974844,2.51372816
2007-6-1,Japan,-0.21,-0.34,0.8211242093426917,0.7510575872855705,128001000,1149567,4580000000000.0,122.6181,-1.3573,,,,,,,2756,0,141.377958,27.19367485,18.22253717,6.802756882
2007-7-1,Japan,-0.1,0.44,1.2029233706989395,0.7620375191526529,128001000,1149567,4580000000000.0,121.58857,-0.1558,,,,,,,2756,64012,279.7909213,29.03882957,20.02988815,8.744713617
2007-8-1,Japan,0.52,-0.75,0.8431359754993998,0.7518616894193091,128001000,1149567,4580000000000.0,116.72435,-0.389,,,,,,,2756,3982,145.6790865,28.95506556,23.23561384,12.67466874
2007-9-1,Japan,0,0.06,0.973351425054134,0.67994181626198,128001000,1149567,4580000000000.0,115.015,0.4326,,,,,,,2756,0,197.3429838,27.44421465,20.38210495,11.01087047
2007-10-1,Japan,0.31,1.17,0.8626431039435076,0.5989334010697378,128001000,1149567,4580000000000.0,115.74136,-0.3826,,,,,,,2756,0,119.697771,25.95713526,13.51214499,2.424115897
2007-11-1,Japan,-0.2,1.16,0.6489249369103668,0.4349038082512197,128001000,1149567,4580000000000.0,111.21,-1.3647,,,,,,,2756,0,72.69799391,23.05387162,6.652286566,-6.907556873
2007-12-1,Japan,0.2,1.18,1.3278757613583094,0.3814309349686756,128001000,1149567,4580000000000.0,112.245,0.2407,,,,,,,2756,0,115.6865121,20.88773283,2.109354614,-12.45422155
2008-1-1,Japan,-0.2,0.52,0.8744056085734574,0.376266489903748,128063000,1182485,5110000000000.0,107.65684,-0.8021,,,,,,,4099,0,80.25041455,19.77879882,-1.523273449,-16.74794377
2008-2-1,Japan,-0.2,1.38,0.7971301693222046,0.3655984491375418,128063000,1182485,5110000000000.0,107.164,-1.1479,,,,,,,4099,0,63.88995629,17.69823319,-1.827925028,-13.88028187
2008-3-1,Japan,0.51,1.84,0.8912492629722947,0.485132142037495,128063000,1182485,5110000000000.0,100.79,-0.1879,,,,,,,4099,0,107.1444193,20.12784477,4.086611207,-5.399596114
2008-4-1,Japan,-0.1,2.21,1.005161954031726,0.6738630283579191,128063000,1182485,5110000000000.0,102.4890476,-0.684,,,,,,,4099,0,118.9165695,22.89411062,9.145662586,-0.192374844
2008-5-1,Japan,0.82,2.53,1.2022800012575017,0.7099900733685521,128063000,1182485,5110000000000.0,104.1385,0.8568,,,,,,,4099,0,174.5610135,24.83780294,13.36112457,2.991254507
2008-6-1,Japan,0.41,4.09,1.0049898724713704,0.7963564918706232,128063000,1182485,5110000000000.0,106.90476,-0.2578,,,,,,,4099,448,204.1851527,27.28655976,17.0663914,5.981584718
2008-7-1,Japan,0.2,4.08,0.6351586251212219,0.7948363995107388,128063000,1182485,5110000000000.0,106.8118,-0.2548,,,,,,,4099,50473,121.8897589,28.27310672,22.11883086,10.57858964
2008-8-1,Japan,0.3,3.42,1.297095605151248,0.7548210544622835,128063000,1182485,5110000000000.0,109.27952,-0.0516,,,,,,,4099,0,236.040929,27.99110276,21.9336609,12.99674687
2008-9-1,Japan,0,3.34,0.799795140191934,0.7004383702827418,128063000,1182485,5110000000000.0,106.748,-1.012,,,,,,,4099,0,180.5733292,27.32634932,19.17338956,10.95430885
2008-10-1,Japan,-0.1,3.54,0.8963957858554912,0.5960434087227487,128063000,1182485,5110000000000.0,100.33364,-0.6599,,,,,,,4099,0,127.5339098,26.07850857,13.81235572,3.687789064
2008-11-1,Japan,-0.8,4.26,0.940349700282596,0.4192217416127378,128063000,1182485,5110000000000.0,96.67632,-0.7051,,,,,,,4099,0,102.3304987,23.1735288,6.652338016,-5.802019162
2008-12-1,Japan,-0.41,4.06,1.1296384068683003,0.3465734247379317,128063000,1182485,5110000000000.0,91.3215,-0.2265,,,,,,,4099,0,101.1838665,20.4016816,2.648209438,-10.16426525
2009-1-1,Japan,-0.61,3.73,1.352729781912979,0.3122675928963391,128047000,1181429,5290000000000.0,90.48222,0.5064,,,,,,,5086,0,123.6495368,18.01248691,-0.3111712,-12.19045696
2009-2-1,Japan,-0.31,2.77,1.3246957257070713,0.3904244859445857,128047000,1181429,5290000000000.0,92.50211,0.9807,,,,,,,5086,0,105.1692596,21.27670972,0.822465805,-13.40895632
2009-3-1,Japan,0.31,2.44,1.0346236911373212,0.5262501943554855,128047000,1181429,5290000000000.0,98.164,0.21,,,,,,,5086,0,118.6695668,21.09711367,3.296249026,-8.228845568
2009-4-1,Japan,0.1,1.79,0.9752728509783376,0.6826100389420581,128047000,1181429,5290000000000.0,99.00333333,-0.0255,,,,,,,5086,0,105.1702461,21.79387366,8.637547174,-2.263835759
2009-5-1,Japan,-0.2,1.13,0.7152332480913297,0.725757998931177,128047000,1181429,5290000000000.0,96.30444444,-1.2046,,,,,,,5086,0,97.50241581,24.30838044,14.27523167,3.736093816
2009-6-1,Japan,-0.21,-0.35,1.0541041005463685,0.7593568332686611,128047000,1181429,5290000000000.0,96.51727273,0.4751,,,,,,,5086,0,169.1164718,27.15256784,17.88345437,6.430839327
2009-7-1,Japan,-0.31,-1.06,1.466099793141745,0.7570298875836547,128047000,1181429,5290000000000.0,94.49590909,0.7716,,,,,,,5086,400,292.5629704,28.43743278,20.88898462,9.786265105
2009-8-1,Japan,0.31,-0.19,0.8778704685431833,0.7386652457660542,128047000,1181429,5290000000000.0,94.83809524,-0.6441,,,,,,,5086,27319,155.6911981,28.80041808,21.75454336,12.61948363
2009-9-1,Japan,0,-0.73,0.5260875515836817,0.6567956318710448,128047000,1181429,5290000000000.0,91.49315789,-1.3606,,,,,,,5086,0,105.8022948,27.92611332,18.17434532,9.138854747
2009-10-1,Japan,-0.41,-2.6,1.266400410905983,0.5095102002452041,128047000,1181429,5290000000000.0,90.28904762,0.4639,,,,,,,5086,5119,177.3812123,25.71395083,13.00132723,2.506399799
2009-11-1,Japan,-0.21,-2.74,1.479159684008451,0.4764623492350105,128047000,1181429,5290000000000.0,89.19052632,0.7029,,,,,,,5086,0,155.8013736,23.26389741,7.195285331,-5.469370821
2009-12-1,Japan,-0.21,-3.3,1.1591362593456944,0.3379185135576475,128047000,1181429,5290000000000.0,89.56095238,0.6683,,,,,,,5086,0,103.7305314,19.50709217,1.462221636,-12.84833196
2010-1-1,Japan,0.11,-1.85,0.8012930609802822,0.343722276042596,128070000,1235563,5760000000000.0,91.1589,-0.0951,318758482.3,,136131864,,145831527,25209.06,5447,0,79.15092906,19.11840218,-0.697461545,-13.15106606
2010-2-1,Japan,0,-0.85,1.379227743953361,0.3811559699581928,128070000,1235563,5760000000000.0,90.2837,1.1471,291692956.5,,146846376.6,,146421914.5,39985.082,5447,0,115.8641107,20.55636293,0.057411029,-14.17300428
2010-3-1,Japan,0.21,-1.18,1.3698270069480163,0.5130292355464838,128070000,1235563,5760000000000.0,90.5177,1.4866,346624117.4,,143626831.6,,139782686.6,20504.346,5447,0,159.3587321,21.48865578,2.735924816,-10.11782891
2010-4-1,Japan,0,-0.09,1.4648158563545737,0.6848771764576165,128070000,1235563,5760000000000.0,93.3771,1.3137,347937382,,67591832.62,,190387879.2,,5447,0,171.069617,22.55677876,6.760723598,-4.031347868
2010-5-1,Japan,0,-0.71,1.127518303466348,0.7068460713240217,128070000,1235563,5760000000000.0,91.7653,0.9296,328513619.8,,184158333.7,,154175303.7,3007.682,5447,0,156.0879212,25.14171796,12.71825843,2.05382996
2010-6-1,Japan,-0.21,-0.42,1.1423200711875974,0.6775216367249668,128070000,1235563,5760000000000.0,90.9214,-0.6602,305672126.8,,162260221.6,,156161729.3,,5447,0,215.0311401,26.77231937,18.77334459,6.861560906
2010-7-1,Japan,-0.53,-0.75,1.3095238397296505,0.7792479999840489,128070000,1235563,5760000000000.0,87.707,0.5745,341004993,,153481053.6,,181371932.5,3374.874,5447,15000,267.7760327,28.31774296,22.44275259,11.48798248
2010-8-1,Japan,0.11,-1.51,0.7699622300673659,0.7488537470827468,128070000,1235563,5760000000000.0,85.4736,-0.0508,312543648.7,,180489976.5,,127047935.8,3310.958,5447,0,129.5982854,29.19092438,24.41506856,15.00052357
2010-9-1,Japan,0.21,-0.05,1.012833292354952,0.6718968907642772,128070000,1235563,5760000000000.0,84.3853,-0.2722,291557820.5,,81549795.59,,144226324.2,2666.34,5447,0,209.2343364,27.48351955,20.11632928,10.86832044
2010-10-1,Japan,0.32,1.52,1.1044846605194931,0.5761957349921489,128070000,1235563,5760000000000.0,81.867,0.1802,315051366.9,,107599722.7,,150485638,21156.207,5447,0,157.8532093,25.57456112,13.91070215,3.730062944
2010-11-1,Japan,-0.32,1.96,0.9061187229755606,0.4344727653300675,128070000,1235563,5760000000000.0,82.476,0.2355,347312698.4,0,158558945.5,0,120178050.1,0,5447,0,99.4660188,22.63414143,7.121658552,-3.965769047
2010-12-1,Japan,-0.21,1.04,2.023909621025313,0.3357255302966412,128070000,1235563,5760000000000.0,83.4255,1.3044,405887076,0,140469852,0,169456476,0,5447,0,177.7940244,19.60619074,2.273764528,-10.30580313
2011-1-1,Japan,-0.11,0.21,0.5306963110769957,0.3252430967779137,127833000,1292910,6230000000000.0,82.6111,-0.7175,399721710.7,0,165085702.2,0,160624380.2,0,6113,0,57.50912146,16.99612969,-3.290563679,-15.55886758
2011-2-1,Japan,0,0.41,0.9788285989397856,0.3660192783382733,127833000,1292910,6230000000000.0,82.4978,-0.0142,374464556.8,0,232262877.9,0,130133864.2,0,6113,0,76.45781925,19.15569086,0.417140843,-11.4986438
2011-3-1,Japan,0.21,-0.05,0.6010678493955172,0.4574347403979979,127833000,1292910,6230000000000.0,81.7936,-1.4804,408237375.7,0,147229881.1,0,156844847.7,0,6113,368820,65.52497011,18.48771822,1.160342275,-10.56096814
2011-4-1,Japan,0.11,-1.02,0.9492380258776908,0.6659926748438935,127833000,1292910,6230000000000.0,83.347,-0.2853,427609559.9,0,232366525.8,0,130787606.4,0,6113,132,93.06162311,21.7730445,7.452340402,-2.535188463
2011-5-1,Japan,0,-1.43,1.473183585450426,0.7144118834883083,127833000,1292910,6230000000000.0,81.2572,0.8988,493197671.5,0,239608342.8,0,183935511.5,0,6113,0,214.1521524,24.85615241,12.965458,1.665964237
2011-6-1,Japan,-0.11,-0.81,1.1063773220213735,0.7568221171239142,127833000,1292910,6230000000000.0,80.5118,0.2744,437079973,0,276780919,0,169409149.5,0,6113,0,219.8725188,27.45037683,18.21865911,6.795879216
2011-7-1,Japan,0,0.59,0.9728134695350698,0.791303391068843,127833000,1292910,6230000000000.0,79.39736842,-0.3158,489792433,0,296211300.8,0,172199709.1,0,6113,24055,206.8061266,28.07273472,22.11318119,10.66883424
2011-8-1,Japan,0.11,-0.19,0.9644891086003092,0.7559423080539618,127833000,1292910,6230000000000.0,77.22086957,-0.2561,479180031.1,0,275178927.1,0,155295467.6,0,6113,0,173.6414305,28.27729205,22.86797481,14.17655386
2011-9-1,Japan,0,-1.06,1.6120823722423716,0.6747978038490534,127833000,1292910,6230000000000.0,76.8375,-0.0804,453565190,0,264618458,0,101306790,0,6113,1608,339.0286038,27.418918,19.62617647,11.69986146
2011-10-1,Japan,0.11,-0.15,1.1256336341631,0.6141837990561678,127833000,1292910,6230000000000.0,76.772,-0.5742,411305107.3,,237848846.2,,196668059,,6113,0,153.9795351,25.59029834,13.37882184,3.558591564
2011-11-1,Japan,-0.63,-1.35,0.9951132729810664,0.431654040235094,127833000,1292910,6230000000000.0,77.5794,0.5637,475023917,,196027485,,107536474.9,18664.72,6113,0,105.6224444,24.25807084,8.542442155,-3.778278987
2011-12-1,Japan,0.11,0.02,0.9038591836156612,0.3060856783672679,127833000,1292910,6230000000000.0,77.8586,-0.6512,505177523.6,,143880992.6,,142553449.6,,6113,0,83.79197165,19.93953203,0.379435444,-13.66415685
2012-1-1,Japan,0.21,1.33,0.7470770735304494,0.3295397431314925,127629000,1296809,6270000000000.0,76.9783,-0.7305,446293692.8,,213024434.5,,125887508.5,183233.823,7064,7766,71.23640938,18.9671216,-2.435849371,-16.04909668
2012-2-1,Japan,0.21,1.57,1.3331798398564951,0.3639234076850739,127629000,1296809,6270000000000.0,78.392,0.1561,362872687.5,0,159368677.4,0,129442520.2,0,7064,0,110.509114,19.28292986,-2.255347267,-16.07557241
2012-3-1,Japan,0.42,2.06,1.156932263086974,0.4642933843641542,127629000,1296809,6270000000000.0,82.4347619,0.7544,480415308.2,0,167513477.2,0,137589316.8,0,7064,0,134.0883532,21.30858441,2.256434755,-10.00779559
2012-4-1,Japan,0.11,1.02,1.0314863380398458,0.6516792984805493,127629000,1296809,6270000000000.0,81.4895,0.595,422452793.2,0,157863852.5,0,130698126.2,0,7064,372,117.3715218,23.21912886,8.21253361,-1.647366905
2012-5-1,Japan,-0.32,1.48,0.9311579052443548,0.7157449210636992,127629000,1296809,6270000000000.0,79.7155,-0.6998,482223920.3,0,178713470.1,0,191816580.8,0,7064,2540,119.7468837,25.27660125,13.47346941,3.474339401
2012-6-1,Japan,-0.53,0.25,1.0402906567690902,0.7833679399918283,127629000,1296809,6270000000000.0,79.32142857,0.3041,378336510.7,0,161292867.7,0,173212200,0,7064,0,224.2285723,27.23944626,17.207623,5.604284583
2012-7-1,Japan,-0.32,-0.53,0.9876778148855172,0.7657841179349427,127629000,1296809,6270000000000.0,78.983,0.1949,387137739.3,0,182424929.7,0,146524790.8,0,7064,48135,219.260538,28.22471277,21.79310097,10.7440025
2012-8-1,Japan,0.21,-0.68,0.8147350028031682,0.751956054444601,127629000,1296809,6270000000000.0,78.66478261,0.1187,381448947.1,0,202439446,0,172220741.4,0,7064,0,146.0741625,28.25017489,23.47522327,14.30755056
2012-9-1,Japan,0.11,-1.12,0.9124457119136404,0.6982396223195196,127629000,1296809,6270000000000.0,78.16777778,0.5777,379967055,0,175794318.7,0,97367075.25,0,7064,43475,192.8352422,27.03837812,20.87712377,12.35263593
2012-10-1,Japan,0,-2,1.0399363175683891,0.601565236351706,127629000,1296809,6270000000000.0,78.96863636,0.3783,425598557.6,0,304047656.5,0,156224143.6,0,7064,0,142.8127528,24.73784966,13.48463528,3.806584438
2012-11-1,Japan,-0.32,-0.66,1.4294191961768252,0.3944392460539437,127629000,1296809,6270000000000.0,80.792,1.4847,481921403.4,0,136906772.5,0,200295378.5,0,7064,0,155.3716691,22.44748302,6.445164772,-4.787098143
2012-12-1,Japan,0,-0.18,1.7323791731550398,0.3233218782622709,127629000,1296809,6270000000000.0,83.57777778,1.4583,489302072.9,0,122401345.8,0,147862629,0,7064,0,149.1839546,19.82905569,-0.129644143,-13.4032848
2013-1-1,Japan,0.11,-0.81,0.8873825079490549,0.3031010254837289,127445000,1307459,5210000000000.0,89.16,0.2706,420611754.4,0,215086035.4,0,171762373.6,0,9114,1569,84.58839378,18.72378545,-2.435783545,-16.03272497
2013-2-1,Japan,-0.21,-2.41,1.051893543461357,0.3278059765870823,127445000,1307459,5210000000000.0,93.16611111,0.9438,406172123.4,0,260832378.7,0,123109394.5,0,9114,1152,88.79051611,20.68106647,-1.337637549,-14.75144899
2013-3-1,Japan,0.21,-3.16,0.7706568802982587,0.4619771948487997,127445000,1307459,5210000000000.0,94.78842105,-0.1735,464385827.7,0,285541109.4,0,139398247.2,0,9114,0,84.50896946,21.32446214,3.560903572,-9.984273369
2013-4-1,Japan,0.32,-2.16,1.1992447598668194,0.6908242392395223,127445000,1307459,5210000000000.0,97.6995,0.7666,361242033.4,0,160604426.6,0,161006527.4,0,9114,8438,129.6759472,22.10201427,7.496204621,-3.289953507
2013-5-1,Japan,0.11,-1.98,0.611912913246543,0.6921601829312092,127445000,1307459,5210000000000.0,101.082,-0.4099,461196909.5,0,217184264,0,210150924.7,0,9114,54000,79.94402349,25.1832532,13.21960998,1.932838428
2013-6-1,Japan,0,-1.25,0.8204185548594033,0.7688357491909401,127445000,1307459,5210000000000.0,97.33111111,-0.5071,362044386.7,0,133336865.8,0,133194858.6,0,9114,0,165.5485854,28.07203551,18.41791584,6.867662684
2013-7-1,Japan,0.21,0.1,0.9000450616077033,0.771468717834588,127445000,1307459,5210000000000.0,99.75052632,0.4843,399677131.1,0,152778193,0,193116296.8,0,9114,3633,187.4802593,28.56826158,22.29226369,11.94057078
2013-8-1,Japan,0.32,0.57,1.1641922131986309,0.7697246045329287,127445000,1307459,5210000000000.0,97.87,0.1398,411682075.6,0,173127691.9,0,181711281.9,0,9114,0,194.8493339,28.9793474,23.39343553,13.63186179
2013-9-1,Japan,0.32,2.1,1.1717592744186998,0.6673259189082512,127445000,1307459,5210000000000.0,99.27888889,-0.0593,396573496.3,0,183980151.9,0,156004761.5,0,9114,38555,242.9668606,27.76589108,19.36768723,10.81630883
2013-10-1,Japan,0.1,1.76,1.7186942308405675,0.5256120837225654,127445000,1307459,5210000000000.0,97.82142857,1.0081,387974637.1,0,206987002.9,0,151514847.9,0,9114,23681,235.9755846,25.29598323,14.37791251,3.871577568
2013-11-1,Japan,0,2.51,0.9437451719775364,0.4035162076838934,127445000,1307459,5210000000000.0,99.78833333,0.7998,338598887.6,0,215267253.9,0,148467678.8,0,9114,0,105.6481509,22.3064166,6.779356076,-3.978641997
2013-12-1,Japan,0.1,2.73,1.1937836217850353,0.344410586791634,127445000,1307459,5210000000000.0,103.4115789,0.2099,344185808.9,0,85494500.7,0,112282576.5,0,9114,0,106.8986503,19.12400413,1.324741855,-10.46433278
2014-1-1,Japan,-0.1,1.59,0.7117883596392026,0.3309445532225757,127276000,1313096,4900000000000.0,103.935,-0.3358,335332460.2,0,183080510.5,0,182326984.1,0,11528,0,67.77432384,18.26609208,-1.581377198,-16.01947632
2014-2-1,Japan,0,2.52,1.231204341231496,0.3762038026296846,127276000,1313096,4900000000000.0,102.1561111,0.3343,330531439.4,0,145271573.1,0,118024269.4,0,11528,4400,96.75587226,18.87359654,-1.233153717,-13.58473389
2014-3-1,Japan,0.21,3.03,1.1498295707119155,0.4696185578176345,127276000,1313096,4900000000000.0,102.2725,-0.0208,367167879.6,0,158599531.6,0,182255065.6,0,11528,0,132.3447852,19.67349223,2.679676858,-9.59884007
2014-4-1,Japan,2.09,5.62,0.6743643981758092,0.6559017460716017,127276000,1313096,4900000000000.0,102.5638095,-1.3856,306366771.8,0,170290565.3,0,186064037.3,0,11528,0,76.19498993,22.40658472,7.977907051,-2.563223224
2014-5-1,Japan,0.41,6.06,0.9311194928572252,0.7273792541977634,127276000,1313096,4900000000000.0,101.79,0.1667,377655819.1,0,215524128.5,0,240893233.2,0,11528,0,126.2543039,25.29437357,13.96529925,2.445378486
2014-6-1,Japan,-0.1,5.91,1.026989015718361,0.7621643886140235,127276000,1313096,4900000000000.0,102.052381,-0.2841,347099668.5,0,178695553.7,0,161252549.8,0,11528,0,178.4753271,27.6742281,18.32554996,7.908030722
2014-7-1,Japan,0.1,5.11,0.902791717253378,0.7709033025547695,127276000,1313096,4900000000000.0,102.78,-0.3476,329046172.4,0,190917019.9,0,166272224,0,11528,17666,190.1254456,28.92028998,21.88643069,11.02641502
2014-8-1,Japan,0.2,5.68,1.85675915358422,0.7643596620696009,127276000,1313096,4900000000000.0,102.9571429,0.2784,330476656.4,0,189906817.9,0,198554408.7,0,11528,26218,326.5636182,28.33902202,22.08201563,14.4617145
2014-9-1,Japan,0.2,5.89,0.6135334438875268,0.7046419222559477,127276000,1313096,4900000000000.0,107.2442105,-0.5859,311403777.8,0,175061227.7,0,106535066.4,0,11528,69,127.4845567,28.45270704,17.91134314,9.346532991
2014-10-1,Japan,-0.3,4.06,1.319135333259984,0.6068306468700014,127276000,1313096,4900000000000.0,108.0613636,0.2623,300228577,0,141018476.4,0,129864482.1,0,11528,9964,188.8163133,25.42014236,13.00326901,2.334275736
2014-11-1,Japan,-0.31,2.83,0.8798376184821506,0.4236870128910582,127276000,1313096,4900000000000.0,116.2122222,-0.367,274111629.6,0,141515678.8,0,70679568.3,0,11528,2657,93.18926001,23.4173509,7.814692932,-3.554092789
2014-12-1,Japan,0,3.13,1.4604096780815206,0.3604220143010587,127276000,1313096,4900000000000.0,119.3126316,0.881,288959187.7,0,104257092.2,0,117476016,0,11528,101,135.2431128,19.04523327,-0.367778552,-13.0676752
2015-1-1,Japan,-0.1,4.37,1.2685531839353426,0.3010219946422406,127141000,1328710,4440000000000.0,118.3077778,0.4332,285068887.5,0,143256862.5,0,134019542.4,0,16094,0,114.6260992,18.02720487,-0.614080624,-12.42383312
2015-2-1,Japan,-0.2,4.22,0.9051308739321312,0.3637634844473857,127141000,1328710,4440000000000.0,118.5633333,0.2705,247141788.8,0,159044694.8,0,135671424.1,0,16094,0,68.06453839,18.50673492,-0.059950592,-11.03573392
2015-3-1,Japan,0.31,4.35,1.2408913882690311,0.4901005768672112,127141000,1328710,4440000000000.0,120.3868182,0.1262,326732701.7,0,185648516,0,208857285.5,0,16094,0,135.9489233,20.54837101,3.961096738,-5.844789907
2015-4-1,Japan,0.51,3.03,1.211068152472362,0.678502609974013,127141000,1328710,4440000000000.0,119.5495238,0.1375,289667954.6,0,148419517.4,0,139034221.7,0,16094,0,137.2995839,22.97211789,9.467610102,-0.860062557
2015-5-1,Japan,0.3,3.74,0.7074637589821547,0.7118616177471305,127141000,1328710,4440000000000.0,120.6894118,-0.7498,249588273.6,0,137971586.3,0,145492573.1,0,16094,525,99.4855708,26.11106182,15.0027928,3.373489368
2015-6-1,Japan,-0.3,3.37,1.1293318500042635,0.770471764665601,127141000,1328710,4440000000000.0,123.7504545,0.0415,278358998.7,0,142200807.5,0,158375615.9,0,16094,0,219.4711803,28.60527604,17.32373859,5.9702066
2015-7-1,Japan,-0.1,3.27,1.056082445766679,0.7368863101558256,127141000,1328710,4440000000000.0,123.2433333,-0.3073,263001589.2,0,114039981.9,0,168184687.6,0,16094,4072,230.819936,28.59740418,21.68786648,10.88543761
2015-8-1,Japan,0.1,3.24,1.0168126102253925,0.749892941046143,127141000,1328710,4440000000000.0,123.2338095,0.0917,247323589.8,0,126876734.7,0,120165142.8,0,16094,11257,189.1670886,28.15135657,22.20565014,13.03910964
2015-9-1,Japan,0.1,2.64,1.1589015014889466,0.6961214095066296,127141000,1328710,4440000000000.0,120.285,-0.4206,266703434.2,0,113001851.1,0,118697290.3,0,16094,105092,248.7846582,27.13614464,18.01859804,10.21605729
2015-10-1,Japan,0,4.43,0.678068118806132,0.6093565653377563,127141000,1328710,4440000000000.0,120.0619048,-0.1404,301433831.2,0,164435149.2,0,144922134.6,0,16094,0,87.37985296,25.61057463,12.29903606,1.085388766
2015-11-1,Japan,-0.41,3.45,1.568914814566543,0.3750934627048281,127141000,1328710,4440000000000.0,122.5329412,1.0806,220666250.2,0,115270860.6,0,115952704,0,16094,0,162.6535767,24.48335073,8.518081843,-4.165962961
2015-12-1,Japan,0,2.56,1.36349736260902,0.3313294943863273,127141000,1328710,4440000000000.0,121.924,0.88,261562321.3,0,103925909.8,0,114305590,0,16094,0,115.1081348,21.6797902,2.949885372,-10.19152144
2016-1-1,Japan,-0.41,1.89,1.0806221880457054,0.324039956750436,127076000,1349578,5000000000000.0,118.3061111,0.3751,261145468.9,0,101853155.6,0,109343671.6,0,21177,610,100.3332056,19.56740497,-1.035927163,-15.47773217
2016-2-1,Japan,0.1,3.22,1.133750568643716,0.3769972904139332,127076000,1349578,5000000000000.0,115.0931579,0.6631,274449224.7,0,155328682.6,0,103041964.7,0,21177,0,90.13419183,18.29292373,-0.300377836,-13.50969839
2016-3-1,Japan,0.1,3.08,0.6799457337085336,0.5214978494330342,127076000,1349578,5000000000000.0,113.0704545,-0.6019,284127968.8,0,115067232.2,0,154764870.5,0,21177,0,82.90768338,19.9692314,3.74129098,-8.352333307
2016-4-1,Japan,0.2,1.46,1.3543813047812834,0.7201168516714136,127076000,1349578,5000000000000.0,109.9652381,0.6264,258222102,0,112202244.9,0,132374401.1,0,21177,419232,157.8797681,24.31662602,9.453452683,-2.495722071
2016-5-1,Japan,0.1,0.75,0.9817160933540372,0.7207608433164296,127076000,1349578,5000000000000.0,109.0622222,0.099,228650818.9,0,116046605,0,146690567.4,0,21177,0,144.3251305,26.47908839,15.13644742,3.696281667
2016-6-1,Japan,-0.1,1.22,1.3014756908912395,0.7960259631195368,127076000,1349578,5000000000000.0,105.4918182,0.6553,249684348.4,0,109880084.6,0,177136679.7,0,21177,6000,228.6493618,28.61331391,17.66971842,5.708672523
2016-7-1,Japan,-0.2,1.2,0.8553513934773416,0.7305070459364991,127076000,1349578,5000000000000.0,103.9710526,-0.1508,224490362.1,0,121678049,0,133183244.8,0,21177,0,175.4871975,29.0374752,21.5193581,10.39364225
2016-8-1,Japan,0,0.62,1.242754336712152,0.7652516803880878,127076000,1349578,5000000000000.0,101.2690909,-0.1643,270307624.5,0,132592454.5,0,88219665.38,0,21177,4193,201.6720625,29.31503629,23.39599275,15.14352356
2016-9-1,Japan,0.1,0.66,1.3032610002827911,0.6846853201520161,127076000,1349578,5000000000000.0,101.9442105,0.3368,266129264,0,95082697.93,0,127574255.1,0,21177,6000,289.1603364,27.75996715,19.98925479,11.3643454
2016-10-1,Japan,0.61,2.93,0.9073884076158244,0.6100112382781637,127076000,1349578,5000000000000.0,103.8175,0.3261,244466555.6,0,98743468.99,0,140291284,0,21177,493,119.408476,27.10781096,13.48962766,-0.094964891
2016-11-1,Japan,0,4.84,0.9523324768019296,0.4944712850322589,127076000,1349578,5000000000000.0,107.6244444,0.3749,254028504,0,116838788.9,0,98547367.04,0,21177,0,101.2325039,24.44123567,6.134597611,-8.849451722
2016-12-1,Japan,-0.2,3.27,1.387720996820774,0.3513512637190207,127076000,1349578,5000000000000.0,115.8995,1.0295,245918612.3,0,85317451.69,0,116952427.8,0,21177,0,116.4545472,22.03035427,2.178988009,-11.69441524
2017-1-1,Japan,-0.2,2.23,0.8424483639796718,0.3565494301199642,126972000,1383635,4930000000000.0,114.75,-0.5286,213781172.9,0,143566237.6,0,101543573.7,0,33250,0,84.154374,20.24709924,-1.346478326,-14.71879195
2017-2-1,Japan,-0.1,0.94,0.7830885830083105,0.4168256381313507,126972000,1383635,4930000000000.0,113.0715789,-0.2512,199113541.8,0,86991405.86,0,156652542.7,0,33250,0,66.17560089,19.07280602,-0.424627262,-12.34427336
2017-3-1,Japan,0,0.51,0.6667218881006876,0.5274162710171948,126972000,1383635,4930000000000.0,113.0145455,-1.1007,311179960.8,0,144337800,0,149840621.4,0,33250,0,77.50222117,20.09433788,2.247995806,-9.053894855
2017-4-1,Japan,0.41,1.13,1.040818959649538,0.7176898908282059,126972000,1383635,4930000000000.0,110.062,-0.6598,265642948,0,131743474.6,0,152462225.9,0,33250,0,123.2327856,22.59383721,8.65211755,-1.880397818
2017-5-1,Japan,0.1,1.02,0.7341584259544,0.7412691576031671,126972000,1383635,4930000000000.0,112.2573684,-1.1438,290404033.6,0,155774017.8,0,151056724.1,0,33250,0,103.6559654,25.24002562,14.68955453,2.963164902
2017-6-1,Japan,-0.1,0.75,1.0438007994592189,0.7921120068273442,126972000,1383635,4930000000000.0,110.9059091,-0.584,280874266.9,0,130920930.3,0,136184308.8,0,33250,0,162.8199935,27.78345979,16.84243991,5.46286246
2017-7-1,Japan,-0.2,0.5,0.9939995950771742,0.7858338368233139,126972000,1383635,4930000000000.0,112.3936842,-0.2258,242632594.9,0,117991793.9,0,136377963.6,0,33250,2944,205.244204,28.86229783,22.88583581,10.4556383
2017-8-1,Japan,0.2,0.82,0.9243323566165684,0.6917353144514597,126972000,1383635,4930000000000.0,109.9145455,0.1821,241301518.9,0,125433348.5,0,115820551.6,0,33250,1389,165.3508181,29.52754624,22.23254165,12.43150185
2017-9-1,Japan,0.3,1.06,0.986959687213372,0.6491997548721564,126972000,1383635,4930000000000.0,110.7231579,-0.6594,258531700.8,0,131588317.3,0,88207711.19,0,33250,21656,210.8405832,28.40819711,18.27362686,9.203892093
2017-10-1,Japan,0,-1.95,2.0691924856167563,0.539287811064523,126972000,1383635,4930000000000.0,112.9566667,0.2748,250092623.9,0,129431129.4,0,134792511.3,0,33250,18810,290.5375896,26.7141792,12.90229597,1.618061299
2017-11-1,Japan,0.3,-0.6,0.7946803851745321,0.4705627931897287,126972000,1383635,4930000000000.0,112.9947368,-0.4887,257611272.2,0,151986083.7,0,135585106.9,0,33250,0,89.53316039,24.08527035,6.280782565,-6.658232795
2017-12-1,Japan,0.3,1.96,0.681348448322754,0.3829594948921737,126972000,1383635,4930000000000.0,112.9495,-0.4594,272882460.3,0,79021003.06,0,88676118.71,0,33250,0,63.56343482,19.76647359,0.065058462,-12.91300127
2018-1-1,Japan,0.1,3.75,1.021662966743777,0.3582344960579477,126811000,1410417,5040000000000.0,110.7744444,0.1622,264099962.9,0,153000204,0,115661937.9,0,30777,0,96.72022228,19.13332388,-1.611527421,-13.4828188
2018-2-1,Japan,0,3.63,0.7716363054965085,0.38297634884231,126811000,1410417,5040000000000.0,107.9005556,-0.2955,239994408.1,0,148806527.8,0,111165426.5,0,30777,0,61.63861851,18.44449943,-1.935857216,-15.18615359
2018-3-1,Japan,-0.3,2.27,1.4350603000032334,0.5203116698113802,126811000,1410417,5040000000000.0,106.0004762,0.615,283446484.9,0,147078567.5,0,151340586.1,0,30777,0,162.1044753,20.72397317,4.524470301,-6.590926234
2018-4-1,Japan,-0.1,0.6,0.8914918069364652,0.7169757058976369,126811000,1410417,5040000000000.0,107.5214286,-0.67,254501948.7,0,111673031.2,0,147527356.8,0,30777,0,102.2607553,22.2564433,9.882181441,-1.291722933
2018-5-1,Japan,0.2,0.56,1.265000922261263,0.7467254216533372,126811000,1410417,5040000000000.0,109.7015,0.5916,287767537.1,0,125687501.7,0,167604787.8,0,30777,0,177.5750729,26.24763949,14.17372834,2.526755228
2018-6-1,Japan,-0.1,0.43,1.1434805094234055,0.7518913645891747,126811000,1410417,5040000000000.0,110.0252381,-0.0211,281728225.8,0,143312586.5,0,142369312.4,0,30777,1520817,185.6326867,27.56456343,17.89267541,5.863144705
2018-7-1,Japan,0,1.65,1.2594801399022502,0.7632406553659731,126811000,1410417,5040000000000.0,111.4185,-0.0893,290017109.5,0,135014837.6,0,156886806.3,0,30777,49000,260.6247754,28.20543579,23.01385211,8.632805268
2018-8-1,Japan,0.6,2.71,1.0896148569787416,0.7535651808161554,126811000,1410417,5040000000000.0,111.0582609,0.4822,303481360.6,0,124785634.3,0,135985869.1,0,30777,0,185.6139071,29.56822304,22.82784688,10.91115399
2018-9-1,Japan,0.1,2.17,1.480388987683921,0.6857165202051934,126811000,1410417,5040000000000.0,111.9464706,0.1571,260359457.8,0,123201970.5,0,80349993.58,0,30777,28380,339.3443099,27.80932698,18.9868114,10.36542507
2018-10-1,Japan,0.3,2.98,0.8318269077492014,0.5577370689871565,126811000,1410417,5040000000000.0,112.775,0.1617,313478830.7,0,157242385.7,0,128002725.2,0,30777,4200,111.4210149,24.41709125,13.59148804,4.14154312
2018-11-1,Japan,-0.2,0.46,0.608423352406456,0.4111887588792396,126811000,1410417,5040000000000.0,113.3835,-0.5268,291834267.1,0,137209192,0,102701361.6,0,30777,0,65.67159576,23.74082055,8.144595448,-3.740071381
2018-12-1,Japan,-0.3,-1.53,1.034247064757721,0.3417640301974914,126811000,1410417,5040000000000.0,112.5727778,0.0877,297147944.1,0,132899493.8,0,103665826.3,0,30777,0,90.0167306,21.97635368,1.878144404,-12.356662
2019-1-1,Japan,0,-2.2,0.5173408819820562,0.3321342114885783,126633000,1432118,5120000000000.0,108.9211111,-1.7471,270677624.6,0,116979377.4,0,106437810.6,0,30436,0,50.23270505,20.19237123,-0.837558883,-14.7124218
2019-2-1,Japan,0,-2.17,0.8554626004591867,0.399434817122982,126633000,1432118,5120000000000.0,110.3477778,-0.8888,278494551.2,0,159979941,0,99511724.46,0,30436,0,71.83267929,21.8010093,0.337271298,-14.17561424
2019-3-1,Japan,0,-0.76,0.8829727396361402,0.5441537292426462,126633000,1432118,5120000000000.0,111.206,-0.894,291307780.1,0,143333750.1,0,149365177.9,0,30436,0,104.0496739,21.47292565,3.767211112,-8.080273384
2019-4-1,Japan,0.3,0.76,0.8044588855286507,0.7213506385488048,126633000,1432118,5120000000000.0,111.6638095,-1.2192,315175868.4,0,107255224.5,0,117040182.1,0,30436,0,95.15543675,24.1005387,8.044658107,-2.390021197
2019-5-1,Japan,0,0.88,0.814045993169089,0.7298305288493068,126633000,1432118,5120000000000.0,109.8533333,-0.8885,282879343.9,0,114635256.3,0,184122329.1,0,30436,0,112.4279555,25.19002347,14.89036529,4.043854117
2019-6-1,Japan,-0.2,1.73,1.034709056472567,0.8029518195896304,126633000,1432118,5120000000000.0,108.057,0.0546,307778552.2,0,146365181.8,0,133866155.6,0,30436,1060,183.0555783,27.61677248,17.59122644,6.614889887
2019-7-1,Japan,0,1.04,1.0554801094221995,0.755027358987022,126633000,1432118,5120000000000.0,108.2404762,-0.0937,269059842.2,0,106399604.8,0,148394468.2,0,30436,23947,249.9057431,28.6145744,21.18020889,10.690405
2019-8-1,Japan,0.2,-0.16,1.456245622254266,0.7567140725680254,126633000,1432118,5120000000000.0,106.2728571,0.7902,301374475.2,0,98546259.2,0,118739438.9,0,30436,302,256.2836917,28.3351459,23.12197309,12.30196115
2019-9-1,Japan,0.1,0.35,0.5844991674721465,0.6993986893464781,126633000,1432118,5120000000000.0,107.4822222,-0.8598,307080319,0,117872463.1,0,108369882,0,30436,2021,120.7155272,27.66255525,20.21965912,10.98842059
2019-10-1,Japan,0.3,0.3,1.7541919963638013,0.6027571942996235,126633000,1432118,5120000000000.0,108.1233333,0.1785,296950917.6,0,100792630.6,0,138203461.4,0,30436,510890,256.8991882,25.61783742,14.72749357,5.079675354
2019-11-1,Japan,0.1,1.08,0.6174876427702857,0.4479615810330571,126633000,1432118,5120000000000.0,108.7933333,-0.2507,304446422.1,0,145450808.7,0,131180942,0,30436,0,67.1298523,23.39753395,7.159714021,-7.238929812
2019-12-1,Japan,0,1.52,1.0690003528022796,0.3816644658573304,126633000,1432118,5120000000000.0,109.1547368,0.4418,298540959.6,0,114435639.7,0,99187965.94,0,30436,0,89.15877106,21.32079488,2.582256775,-12.32881082
2020-1-1,Japan,0,1.18,1.228351607551503,0.3806614217454338,126261000,1423308,5050000000000.0,109.2847368,0.3778,290956019.1,0,129032297.6,0,127938925.5,0,24736,0,108.7594739,19.85251286,1.022608946,-13.43798036
2020-2-1,Japan,-0.2,1.05,0.8777418934398675,0.4105102863284626,126261000,1423308,5050000000000.0,109.9735294,0.5028,274642861.9,0,115982781.2,0,78028205.39,0,24736,0,73.49118118,20.15862637,0.940674808,-12.80647836
2020-3-1,Japan,0,1.37,1.1108673827876263,0.5360500291285031,126261000,1423308,5050000000000.0,107.2928571,-0.2245,333660142.9,0,164094676.5,0,146114449,0,24736,0,125.7020306,21.45062864,4.761212199,-6.536925441
2020-4-1,Japan,-0.1,2.43,1.0555071321064269,0.7171913867074677,126261000,1423308,5050000000000.0,107.93,-0.5288,285746900.2,0,132257231.8,0,170465839.1,0,24736,0,113.3644291,21.65885359,7.089016078,-3.337725724
2020-5-1,Japan,-0.1,2.35,0.8571728656976692,0.7179200892812301,126261000,1423308,5050000000000.0,107.2917647,-0.0259,292270414.7,0,140662485.3,0,136316811.5,0,24736,0,126.0397781,25.98967537,14.34180743,3.10574717
2020-6-1,Japan,-0.2,1.54,1.0604688892727616,0.7260431831029588,126261000,1423308,5050000000000.0,107.555,0.3567,250484457.6,0,123094060.1,0,159338636,0,24736,250114,195.9813854,28.43197547,18.81870831,6.643102858
2020-7-1,Japan,0.1,1.85,1.841479756674386,0.7676686241004979,126261000,1423308,5050000000000.0,106.6973684,0.1199,260782616.7,0,98475590.24,0,137256311.9,0,24736,0,434.2758262,28.98613239,20.7286927,10.16893334
2020-8-1,Japan,0.1,2.65,0.690995579596453,0.7718166699588613,126261000,1423308,5050000000000.0,106.0415,0.1721,239280294.9,0,161173517.9,0,117232693.8,0,24736,0,115.0707106,29.24849921,23.97993523,12.75632746
2020-9-1,Japan,-0.2,0.74,1.102060265111916,0.7002052288591605,126261000,1423308,5050000000000.0,105.6905556,0.7943,250474884,0,112568599.3,0,81026463.8,0,24736,60,238.4740522,27.54936199,19.99007841,12.10565539
2020-10-1,Japan,-0.1,0.78,1.0607391883124213,0.6121553126610499,126261000,1423308,5050000000000.0,105.222381,-0.4938,243898547,0,132247926.8,0,120234743.1,0,24736,0,151.2985702,25.77968127,13.14935771,3.252836297
2020-11-1,Japan,-0.3,-0.23,0.6538621449893663,0.4909663436444108,126261000,1423308,5050000000000.0,104.4264706,-0.0274,239650148.8,0,120093210.3,0,103916191.9,0,24736,0,72.38962715,24.02668438,8.202609733,-4.178491402
2020-12-1,Japan,-0.2,-0.77,0.5542829320587869,0.4265626735209326,126261000,1423308,5050000000000.0,103.8888235,-1.4425,330072771.9,0,93784885.7,0,111801810.5,0,24736,0,53.2234382,21.05189866,1.119384909,-14.0309464
2021-1-1,Japan,0.5,-0.15,1.0264980651530142,0.4013547932026995,125681593,1485403,5040000000000.0,103.6961111,0.5564,256699175.2,0,129359678.2,0,105110078.7,0,18044,394,94.04545854,18.11244272,-1.496296548,-15.56497138
2021-2-1,Japan,0,-0.01,1.1550300492239942,0.4571179637342748,125681593,1485403,5040000000000.0,105.3741176,0.1239,305339707,0,117325818.7,0,155099319.4,0,18044,7892,92.51731274,20.32121654,0.815593404,-12.63167304
2021-3-1,Japan,0.1,-0.38,1.2167388536470367,0.534507004836719,125681593,1485403,5040000000000.0,108.6495652,0.5729,384740801.9,0,171896527.9,0,148474498.4,0,18044,611,135.9919397,21.75413401,5.634695518,-5.429260225
2021-4-1,Japan,-0.8,-1.7,1.1411910379728951,0.7049335459242929,125681593,1485403,5040000000000.0,109.1342857,-0.3684,447404316.9,0,111306521,0,199609261.9,0,18044,0,119.3323392,22.97321608,8.776851373,-1.839663696
2021-5-1,Japan,0.3,-1.33,1.3543653693594684,0.7136264899054471,125681593,1485403,5040000000000.0,109.11,0.7166,366338363.8,0,145572149,0,184999513.1,0,18044,0,204.950198,26.93072377,13.97148581,2.725674525
2021-6-1,Japan,0.1,-0.07,0.7751984185707169,0.7136946786524523,125681593,1485403,5040000000000.0,110.1059091,-0.2307,428057240.9,0,137312187.1,0,212089697.3,0,18044,0,141.9263359,28.16892605,18.40616194,5.939699703
2021-7-1,Japan,0.2,-0.9,0.9506197464171896,0.7994554322293895,125681593,1485403,5040000000000.0,110.1661111,-0.8898,423115995.6,0,126891231.8,0,212400607.1,0,18044,1200,215.0166379,28.67590575,22.55537485,11.80167755
2021-8-1,Japan,0,-1.57,1.9450594731228208,0.7383054043116264,125681593,1485403,5040000000000.0,109.8357143,0.7781,409012460.8,0,147629431.1,0,146117519.6,0,18044,30000,362.4502946,27.97269145,22.51364656,13.32521476
2021-9-1,Japan,0.4,1,0.8678746534853639,0.6651511083389656,125681593,1485403,5040000000000.0,110.2188235,-0.0003,480969746.6,0,234196601.1,0,143834726.1,0,18044,0,191.0362122,28.20710036,18.98265235,10.41126974
2021-10-1,Japan,-0.2,0.37,0.8643700959724112,0.5607128988939685,125681593,1485403,5040000000000.0,113.127,0.1157,368878350.3,0,153858041.3,0,159747429.3,0,18044,0,117.8250449,26.22217031,13.89767719,3.534449801
2021-11-1,Japan,0.2,1.67,1.2235727119613415,0.4485617964845924,125681593,1485403,5040000000000.0,114.0177778,0.884,386104977.1,0,164950719.7,0,195074988.5,0,18044,0,132.5216203,23.12782593,8.091121738,-2.682745361
2021-12-1,Japan,0,2.63,1.0636227478550446,0.3553918479765963,125681593,1485403,5040000000000.0,113.6164706,-0.2476,468680332.7,0,140903862.7,0,205861613.1,0,18044,0,99.0053036,20.49756873,1.787513046,-11.19840268
2022-1-1,Japan,0.2,2.34,0.7290811518294448,0.3795228528158273,125124989,1615301,4260000000000.0,114.8538889,-0.9861,361199962.7,0,157635872.6,0,115534323.9,0,27708,0,69.10689254,19.6190344,-1.47846159,-14.19813053
2022-2-1,Japan,0.4,3.39,0.7048328822840301,0.4329218322531797,125124989,1615301,4260000000000.0,115.21,-0.7128,375201002.9,0,223185572.2,0,141581573.2,0,27708,0,56.60003213,19.43853331,-1.339983605,-13.12127242
2022-3-1,Japan,0.4,4.14,1.0324912969493447,0.5641127390523669,125124989,1615301,4260000000000.0,118.5095455,0.5511,555117401.9,0,325763147.1,0,174946922.4,0,27708,741,117.0865503,21.81731574,4.287081829,-7.224757832
2022-4-1,Japan,0.4,4.68,1.0127815316402182,0.7009062241222962,125124989,1615301,4260000000000.0,126.2247619,-1.3263,435823049.7,0,165986406.5,0,215967577.2,0,27708,0,125.8092727,23.31723601,9.952480229,-0.689651468
2022-5-1,Japan,0.3,4.82,0.9203182307123768,0.7138511628844671,125124989,1615301,4260000000000.0,128.8783333,-0.75,489490338.7,0,154197503.5,0,227320838.5,0,27708,0,129.7159466,25.12533006,14.28401456,4.075373114
2022-6-1,Japan,0,4.2,1.0586359060248924,0.8093992742672134,125124989,1615301,4260000000000.0,133.7957143,0.8579,521299089.9,0,248357766.4,0,248570157.3,0,27708,14300,164.4532287,27.95297574,18.15275297,5.970315149
2022-7-1,Japan,0.49,5.08,1.0432291796618072,0.7589184829197975,125124989,1615301,4260000000000.0,136.7163158,0.3334,505817000.7,0,144620880.2,0,227222556.3,0,27708,392,233.8106177,29.13905374,22.66376156,10.34142007
2022-8-1,Japan,0.39,5.1,1.5154642278865398,0.766830110266233,125124989,1615301,4260000000000.0,135.2422727,0.6003,541094654.8,0,241882747.6,0,243868921.9,0,27708,11108,251.647692,29.18020093,23.01536023,12.70887039
2022-9-1,Japan,0.39,4.27,1.0920409676011067,0.6962719654710411,125124989,1615301,4260000000000.0,143.29,0.0725,491004061.3,0,237210015.8,0,268591454.7,0,27708,14663,243.3255483,27.63836324,20.30285514,12.5843295
2022-10-1,Japan,0.58,6.59,0.7539194508505952,0.6116852119429643,125124989,1615301,4260000000000.0,147.0145,-0.0328,450145201,0,261361465.8,0,247774595.4,0,27708,0,102.0278538,25.97623323,13.23022922,3.421083705
2022-11-1,Japan,0.19,7.37,0.9392967861137584,0.4888794681604829,125124989,1615301,4260000000000.0,142.82,0.3715,519573344,0,156962305.6,0,192586550.5,0,27708,0,102.4727501,24.80128814,8.952124984,-3.266412057
2022-12-1,Japan,0.19,7.29,0.8666794613066285,0.3621979620589457,125124989,1615301,4260000000000.0,135.4223529,-0.2138,538504020.7,0,191663479.3,0,240006903.7,0,27708,130,79.63273012,20.36163376,0.906439858,-12.72262363
2023-1-1,Japan,0.58,7.47,0.6904246776886322,0.3445681062123483,124516650,1524431,4210000000000.0,130.3444444,-0.0686,423455074.2,,178831291.4,,194148414.8,14691.842,46059,0,65.63836787,18.97704285,-1.294448176,-16.09942829
2023-2-1,Japan,-0.67,7.49,0.828614562191756,0.3893882883115122,124516650,1524431,4210000000000.0,132.5861111,-0.814,368629737.5,4102.989,158945051.7,,174654116.1,9133.677,46059,0,67.51812732,20.06840893,-0.040029048,-13.94675686
2023-3-1,Japan,0.38,7.71,0.9581044815013688,0.5548558742026599,124516650,1524431,4210000000000.0,133.8504545,-1.2131,509447994.6,,250447088.6,,269004048.9,14568.489,46059,0,110.7208169,21.17037054,6.115144241,-4.403974217
2023-4-1,Japan,0.67,8.46,1.2705866162115245,0.7223202847072723,124516650,1524431,4210000000000.0,133.334,-0.0121,398813343,24097.371,175620188.4,,183013311.4,42562.273,46059,0,141.0333979,23.13724806,9.885266948,-0.663690525
2023-5-1,Japan,0,8.5,1.105039079443585,0.763623759558642,124516650,1524431,4210000000000.0,137.1942105,-0.0728,492227937.3,2004.456,159766093.1,,267741597.9,160611.573,46059,2254,165.5994979,24.98578101,14.05763298,3.703081919
2023-6-1,Japan,0.1,8.31,1.4129267461463302,0.7512134044895491,124516650,1524431,4210000000000.0,141.1585714,0.4902,413873524.9,4958.961,144984179.3,,174851640.1,8579.003,46059,35,252.8424277,27.07958764,18.69451813,7.161518521
2023-7-1,Japan,0.48,8.7,0.885471367053848,0.7739288648914411,124516650,1524431,4210000000000.0,140.8416667,0.2138,421405200.1,5516.832,169402672,,197222011.4,,46059,4218,188.6951536,28.74703806,23.22461699,11.84973988
2023-8-1,Japan,0.19,8.67,1.026947913514256,0.7576390224192935,124516650,1524431,4210000000000.0,144.7722727,0.4224,380926594.4,2320.886,117008482.5,1402.202,174726337,38059.774,46059,707,198.6670944,29.88823699,24.87637731,15.01276971
2023-9-1,Japan,0.28,8.91,0.9914420900746826,0.680979876895848,124516650,1524431,4210000000000.0,147.7515789,-0.7443,422078865.6,2389.143,113436190.2,,96361223.31,22734.081,46059,3600,196.8500029,28.18255412,21.8557077,13.71104804
2023-10-1,Japan,0.85,8.53,0.7486537614332704,0.6250855092127996,124516650,1524431,4210000000000.0,149.5266667,-1.2064,308606344.1,2287.217,173806829.4,,184057167.8,6734.584,46059,0,102.7935352,26.47327514,13.58231154,4.333789464
2023-11-1,Japan,-0.19,7.24,1.052616053305293,0.4322198562510985,124516650,1524431,4210000000000.0,149.8394737,0.5343,378593542.1,,178633186.5,,195179498.8,15396.457,46059,0,117.221956,23.63340172,8.392253459,-3.362323104
2023-12-1,Japan,-0.09,6.74,0.9045499232059894,0.3817201899044241,124516650,1524431,4210000000000.0,144.69375,0.1153,399375781.9,2847.39,118181938.4,,106095570.9,37430.734,46059,0,83.59979972,21.42677819,2.336043574,-12.28068359
2024-1-1,Japan,0.09,5.67,0.8693290762730775,0.3700686544267321,123975371,4030000000000.0,4027597523550.583,146.6511111,,269454329.5,,147544473.8,,138988159,11435.295,60141,492555,85.39137801,19.35544833,0.456868857,-12.65567976
2024-2-1,Japan,0,4.84,1.2867800891648555,0.4482514147528024,123975371,4030000000000.0,4027597523550.583,149.3866667,,339174497.7,,108965520.8,,165636382.1,32399.105,60141,240,107.5147195,20.63449837,1.295074162,-12.52663164
2024-3-1,Japan,0.28,4.82,1.263690347810013,0.5780240530986317,123975371,4030000000000.0,4027597523550.583,149.625,,381661904,2553.047,159015283.7,,200143613.2,28290.705,60141,0,153.1862092,20.88670416,2.867267599,-9.834938779
2024-4-1,Japan,0.47,4.38,1.068839082191602,0.7190385768934906,123975371,4030000000000.0,4027597523550.583,153.4333333,,329892632.5,9150.542,179503743.3,1609.818,191266719.3,52348.399,60141,37000,130.1947136,25.52998799,11.45099598,1.107063187
2024-5-1,Japan,0.37,4.11,1.2406220658254177,0.7774198332734644,123975371,4030000000000.0,4027597523550.583,156.103,,371121430,12414.867,153945392,,176194671.8,12004.881,60141,0,185.196733,25.82768359,14.3451957,3.976640874
2024-6-1,Japan,0.09,3.64,1.1268346650827046,0.7892866339938179,123975371,4030000000000.0,4027597523550.583,157.8210526,,299402343.4,,123712875.1,,179040744.8,2635.897,60141,0,223.7048471,28.33138987,18.78426003,6.750950962
2024-7-1,Japan,0.37,2.98,1.151283077837857,0.7823593173920643,123975371,4030000000000.0,4027597523550.583,157.7425,,351578052,2377.29,124904198.6,,163850592.6,23411.552,60141,13,235.3376964,29.54647908,23.49096999,11.40987846
2024-8-1,Japan,0.46,3.6,1.3963645290173472,0.7533583149763783,123975371,4030000000000.0,4027597523550.583,146.2328571,,310307424,2017.328,134416650.4,,146096323,33603.898,60141,6727,258.9489006,30.34007438,24.60796974,15.05395995
2024-9-1,Japan,-0.18,3.47,0.7151284675212282,0.7004403020999592,123975371,4030000000000.0,4027597523550.583,143.2205556,,338549131.6,,117136627.5,,101823878,16652.619,60141,612,149.327174,28.51281918,21.58980238,11.72242205
2024-10-1,Japan,0.55,3.59,1.2787974150101054,0.6034126131593698,123975371,4030000000000.0,4027597523550.583,149.6263636,,286679432.9,1971.576,159247772,,147534342.3,57162.35,60141,0,174.0267527,27.45608359,15.75771244,5.657391977
2024-11-1,Japan,0.46,4.91,1.3600671360867125,0.4759529941756982,123975371,4030000000000.0,4027597523550.583,154.0355556,,319079287.6,5979.132,125502181.9,,145050626.2,15223.74,60141,0,144.8938326,24.542971,8.34585471,-3.912400097
2024-12-1,Japan,0.64,6.32,0.4684968769448406,0.4052058157854507,123975371,4030000000000.0,4027597523550.583,152.5175,,339336569.9,,160919367.3,1619.485,139077410.5,25911.762,60141,0,47.5881348,20.45413385,0.799556696,-14.58149755
2025-1-1,Japan,0.45,7.75,0.5691854854359206,0.3988349768861076,,,,156.4088235,,,,,,,,,0,55.71641601,18.33528378,-0.310085067,-12.09307801
2025-2-1,Japan,-0.36,7.62,0.7725456704883262,0.4158629674231183,,,,151.9658824,,,,,,,,,252,62.87849773,18.22996903,-0.908712048,-11.77512595
2025-3-1,Japan,0.27,7.29,1.197466475511442,0.5755292926823263,,,,149.175,,,,,,,,,2802,135.4918308,20.62354054,3.844183224,-8.264427792
2025-4-1,Japan,0.36,6.48,1.1993351974331858,0.7365302451927673,,,,144.3871429,,,,,,,,,0,121.6236528,22.68221972,9.29836391,-0.501629024
2025-5-1,Japan,0.27,6.53,1.3562140045997553,0.7574908538787786,,,,144.8789474,,,,,,,,,0,205.8939992,25.42449456,14.24808629,3.508618066
2025-6-1,Japan,-0.09,7.18,0.9525533081112012,0.770330679028477,,,,144.458,,,,,,,,,0,171.9310111,28.29436504,20.06269866,7.875541793
2025-7-1,Japan,0.18,7.47,0.6379241756508689,0.7927842350037515,,,,146.8109524,,,,,,,,,11,129.584169,29.29485757,24.40194176,12.88679358
2025-8-1,Japan,0.18,7.25,1.5855980345620926,0.7715968234547947,,,,147.6695,,,,,,,,,2108,274.2853499,29.72253046,24.35974867,15.57970031
2025-9-1,Japan,-0.09,6.71,1.5594373652143558,0.691340081601038,,,,,,,,,,,,,,320.6467739,28.78779522,21.26311609,12.13176223
2025-10-1,Japan,0.71,,1.4310745413942196,0.6341267562223454,,,,,,,,,,,,,,197.3332702,27.67769265,14.35472603,2.23000437
2025-11-1,Japan,0.35,,0.9221478229130522,0.4495223657847035,,,,,,,,,,,,,,100.9172495,24.35182171,7.390549631,-5.139489598
2025-12-1,Japan,-0.18,,1.4243254039244084,0.3848136932029689,,,,,,,,,,,,,,127.0016073,21.40931635,2.410480946,-10.75401373
2026-1-1,Japan,-0.2,,,0.5946229971579615,,,,,,,,,,,,,,81.13093752,18.69320876,-1.643013029,-15.37236793
2026-2-1,Japan,-0.2,,,0.7068109103122695,,,,,,,,,,,,,,101.4570304,20.0613038,1.469021633,-10.73672505
,,,,,0.7849365016968717,,,,,,,,,,,,,,,,,
,,,,,0.7999069514431308,,,,,,,,,,,,,,,,,
,,,,,0.7996029494796447,,,,,,,,,,,,,,,,,
,,,,,0.7598978559010585,,,,,,,,,,,,,,,,,
,,,,,0.6828286937701847,,,,,,,,,,,,,,,,,
,,,,,0.6442758878544849,,,,,,,,,,,,,,,,,
