Year-Month,Country,inflation-rate(heading),food_inflation,precipitation_Ratio,Population,fatalities,gdp,Exchange_rate,c_cifvalue,c_fobvalue,w_cifvalue,w_fobvalue,s_cifvalue,s_fobvalue,Net Refugees,Disaster_Affected,Precipitation,max_temp,mean_temp,min_temp,NDVI_Ratio
2001-1-1,Maldives,-1.78,-2.37,1.002620727075648,1204.0,870031676.8,870031676.8,11.77,,,,,,,,0.0,122.8136897,28.31,26.96,25.02,0.3854989085806924
2001-2-1,Maldives,2.19,5.37,1.2934374056903877,1204.0,870031676.8,870031676.8,11.77,,,,,,,,0.0,44.18288347,28.54,26.73,25.61,0.4847344111922791
2001-3-1,Maldives,-0.67,2.58,0.4062422159532143,1204.0,870031676.8,870031676.8,11.77,,,,,,,,0.0,3.337477035,28.97,28.16,27.04,0.3651964223570886
2001-4-1,Maldives,2.12,-7.61,2.4825396203021874,1204.0,870031676.8,870031676.8,11.77,,,,,,,,0.0,47.3632182,29.16,27.94,26.52,0.3987491983399884
2001-5-1,Maldives,2.75,-7.86,0.9579749061272096,1204.0,870031676.8,870031676.8,11.77,,,,,,,,0.0,289.7533896,29.3,28.23,27.14,0.4181106414819873
2001-6-1,Maldives,3.51,-4.44,0.9371488393198238,1204.0,870031676.8,870031676.8,11.77,,,,,,,,0.0,254.3916423,29.22,28.12,26.98,0.425754728118545
2001-7-1,Maldives,-5.7,-3.59,1.2680592396122212,1204.0,870031676.8,870031676.8,12.285,,,,,,,,0.0,32.43157255,28.94,27.51,25.78,0.3580911081065384
2001-8-1,Maldives,0.06,-3.49,1.1488233481477488,1204.0,870031676.8,870031676.8,12.8,,,,,,,,0.0,35.87997935,28.74,27.59,26.44,0.4856688182634671
2001-9-1,Maldives,2.38,8.29,1.4912783390447557,1204.0,870031676.8,870031676.8,12.8,,,,,,,,0.0,134.973435,28.78,27.05,25.6,0.4211658123420366
2001-10-1,Maldives,-0.08,6.02,1.0795147467093578,1204.0,870031676.8,870031676.8,12.8,,,,,,,,0.0,112.0902372,28.67,27.33,26.04,0.470969901506373
2001-11-1,Maldives,0.47,20.89,0.615516590946229,1204.0,870031676.8,870031676.8,12.8,,,,,,,,0.0,72.24401445,28.12,27.1,25.71,0.4657284653104971
2001-12-1,Maldives,1.79,18.07,1.1572512772995969,1204.0,870031676.8,870031676.8,12.8,,,,,,,,0.0,29.48356699,28.21,27.16,25.53,0.4985264268345146
2002-1-1,Maldives,2.21,29.57,0.9495382994133484,1187.0,897031250.0,897031250.0,12.8,,,,,,,,0.0,41.51381972,28.62,27.5,26.33,0.4464932252340317
2002-2-1,Maldives,-0.59,19.09,1.8164427393620888,1187.0,897031250.0,897031250.0,12.8,,,,,,,,0.0,44.07896027,28.56,27.74,26.57,0.438295456449102
2002-3-1,Maldives,-0.79,15.62,1.2331777982746297,1187.0,897031250.0,897031250.0,12.8,,,,,,,,0.0,11.01201154,29.39,27.88,26.32,0.3935488802212826
2002-4-1,Maldives,-2.23,5.88,0.6002170403181952,1187.0,897031250.0,897031250.0,12.8,,,,,,,,0.0,15.06512925,29.08,27.9,26.69,0.3938958109665994
2002-5-1,Maldives,2.83,1.6,0.4841102623876434,1187.0,897031250.0,897031250.0,12.8,,,,,,,,0.0,127.0960217,29.53,28.48,26.72,0.4066602925902137
2002-6-1,Maldives,0.16,-6.29,1.473932578245701,1187.0,897031250.0,897031250.0,12.8,,,,,,,,0.0,336.3012418,29.79,28.51,27.23,0.3762354780625565
2002-7-1,Maldives,-0.11,1.96,0.9083754515436998,1187.0,897031250.0,897031250.0,12.8,,,,,,,,0.0,7.079932942,29.4,28.01,26.96,0.3558174185743459
2002-8-1,Maldives,-0.77,1.76,0.7310112632502141,1187.0,897031250.0,897031250.0,12.8,,,,,,,,0.0,48.98520065,28.75,27.77,26.26,0.4680646929572221
2002-9-1,Maldives,-1.98,-8.26,0.5065099730986047,1187.0,897031250.0,897031250.0,12.8,,,,,,,,0.0,26.62552021,28.59,27.64,26.05,0.3829334170455537
2002-10-1,Maldives,1.55,-3.21,1.1361526897834378,1187.0,897031250.0,897031250.0,12.8,,,,,,,,0.0,97.79898982,28.37,27.29,26.13,0.4181280053280054
2002-11-1,Maldives,-0.13,3.33,0.942238372848738,1187.0,897031250.0,897031250.0,12.8,,,,,,,,0.0,113.8446429,28.41,27.02,24.99,0.3307039557799519
2002-12-1,Maldives,0.04,-10.07,0.5969637230981689,1187.0,897031250.0,897031250.0,12.8,,,,,,,,0.0,40.63415165,28.57,27.44,26.19,0.4546266056201182
2003-1-1,Maldives,-0.59,-14.75,0.8087027382865886,1151.0,1052121055.0,1052121055.0,12.8,,,,,,,,0.0,38.44579886,28.13,27.38,26.16,0.45791301358442
2003-2-1,Maldives,-0.74,-17.53,1.69490218031655,1151.0,1052121055.0,1052121055.0,12.8,,,,,,,,0.0,79.95300199,28.63,27.75,26.51,0.4141791709400546
2003-3-1,Maldives,0.49,-10.04,1.7819190354831955,1151.0,1052121055.0,1052121055.0,12.8,,,,,,,,0.0,17.31485496,29.32,28.01,27.07,0.4160941419358345
2003-4-1,Maldives,-0.83,-6.7,1.843628716182871,1151.0,1052121055.0,1052121055.0,12.8,,,,,,,,0.0,34.73885696,29.48,28.56,27.42,0.4087090506219037
2003-5-1,Maldives,2.05,-4.21,0.6374834719328535,1151.0,1052121055.0,1052121055.0,12.8,,,,,,,,0.0,137.4351031,29.91,28.82,27.45,0.4124760429923007
2003-6-1,Maldives,-0.33,-4.33,0.7519214666915897,1151.0,1052121055.0,1052121055.0,12.8,,,,,,,,0.0,253.7553853,29.04,27.9,26.68,0.3994923918740768
2003-7-1,Maldives,0.29,0.68,0.5454477074329923,1151.0,1052121055.0,1052121055.0,12.8,,,,,,,,0.0,17.85097204,28.79,27.65,26.2,0.426175205595513
2003-8-1,Maldives,-0.31,-0.84,0.3496607704109282,1151.0,1052121055.0,1052121055.0,12.8,,,,,,,,0.0,15.66779133,28.95,27.7,26.56,0.4608006942807208
2003-9-1,Maldives,-0.91,-0.72,0.9210043418887678,1151.0,1052121055.0,1052121055.0,12.8,,,,,,,,0.0,72.97469074,28.51,27.45,26.22,0.4429572851743094
2003-10-1,Maldives,1.56,3.87,0.5611139714817899,1151.0,1052121055.0,1052121055.0,12.8,,,,,,,,0.0,83.99161981,28.7,27.79,26.03,0.4978854300581574
2003-11-1,Maldives,-2.97,-10.99,1.8293680783977564,1151.0,1052121055.0,1052121055.0,12.8,,,,,,,,0.0,230.1879622,28.77,26.74,25.55,0.4614430325690472
2003-12-1,Maldives,-0.52,-3.79,0.9784533736758736,1151.0,1052121055.0,1052121055.0,12.8,,,,,,,,0.0,7.098840213,28.44,27.56,26.69,0.4998347704049758
2004-1-1,Maldives,-0.03,2.97,0.65283963786996,1234.0,1226829563.0,1226829563.0,12.8,,,,,,,-5.0,0.0,27.6655213,28.24,27.53,26.81,0.4204587386019214
2004-2-1,Maldives,-0.15,8.12,0.6297441319089495,1234.0,1226829563.0,1226829563.0,12.8,,,,,,,-5.0,0.0,18.0892517,28.62,27.63,25.88,0.4550582424739128
2004-3-1,Maldives,-0.03,5.28,0.2957913022686127,1234.0,1226829563.0,1226829563.0,12.8,,,,,,,-5.0,0.0,4.898593183,29.6,28.41,27.26,0.3894870637115932
2004-4-1,Maldives,0.5,15.43,0.4530606761350296,1234.0,1226829563.0,1226829563.0,12.8,,,,,,,-5.0,0.0,7.773052123,29.6,28.49,26.85,0.4000143087369711
2004-5-1,Maldives,2.09,27.11,0.8971878428698637,1234.0,1226829563.0,1226829563.0,12.8,,,,,,,-5.0,0.0,252.3990836,29.99,29.14,27.17,0.454132600517857
2004-6-1,Maldives,-1.94,15.34,0.7357225907292723,1234.0,1226829563.0,1226829563.0,12.8,,,,,,,-5.0,0.0,158.3472892,29.14,28.03,26.97,0.3851821918202711
2004-7-1,Maldives,-0.21,15.61,1.609068564110624,1234.0,1226829563.0,1226829563.0,12.8,,,,,,,-5.0,0.0,42.15210139,28.77,27.39,26.16,0.4482967196792546
2004-8-1,Maldives,-0.45,16.95,0.9823117700440378,1234.0,1226829563.0,1226829563.0,12.8,,,,,,,-5.0,0.0,57.19317989,28.8,27.56,26.57,0.44370255183525
2004-9-1,Maldives,-0.23,22.48,1.2067276255061838,1234.0,1226829563.0,1226829563.0,12.8,,,,,,,-5.0,0.0,128.686315,28.49,27.32,26.25,0.407444811379097
2004-10-1,Maldives,1.9,16.09,0.8192186388355286,1234.0,1226829563.0,1226829563.0,12.8,,,,,,,-5.0,0.0,166.245339,28.11,27.02,25.82,0.4146884586056645
2004-11-1,Maldives,-0.82,20.93,0.8213205173096101,1234.0,1226829563.0,1226829563.0,12.8,,,,,,,-5.0,0.0,126.6561461,28.0,27.06,26.03,0.402786653730056
2004-12-1,Maldives,0.39,24.92,0.906270712710762,1234.0,1226829563.0,1226829563.0,12.8,,,,,,,-5.0,27214.0,32.37257153,28.06,27.33,25.92,0.4286692075390718
2005-1-1,Maldives,-0.37,16.16,0.9171026824103168,1123.0,1163362438.0,1163362438.0,12.8,,,,,,,-10.0,0.0,60.93239857,28.13,27.24,25.65,0.4266174085164196
2005-2-1,Maldives,-0.05,17.53,1.0217129672270933,1123.0,1163362438.0,1163362438.0,12.8,,,,,,,-10.0,0.0,10.28787215,29.07,27.77,26.36,0.4929945208899958
2005-3-1,Maldives,-0.51,14.67,0.5288330049385577,1123.0,1163362438.0,1163362438.0,12.8,,,,,,,-10.0,0.0,5.776663631,29.17,28.23,27.32,0.4627045593646589
2005-4-1,Maldives,1.07,7.89,0.2009132251405793,1123.0,1163362438.0,1163362438.0,12.8,,,,,,,-10.0,0.0,5.651786873,29.79,28.6,27.82,0.4205036698900452
2005-5-1,Maldives,0.38,-5.06,0.7163876402797706,1123.0,1163362438.0,1163362438.0,12.8,,,,,,,-10.0,0.0,91.33581357,29.56,28.64,27.06,0.3995579667704774
2005-6-1,Maldives,-0.48,4.33,0.8368486659481038,1123.0,1163362438.0,1163362438.0,12.8,,,,,,,-10.0,0.0,259.4710133,29.36,28.21,27.04,0.4317840869817329
2005-7-1,Maldives,0.78,6.66,0.8351589899180871,1123.0,1163362438.0,1163362438.0,12.8,,,,,,,-10.0,0.0,13.75453372,28.98,27.78,26.54,0.4442146803427254
2005-8-1,Maldives,-0.3,6.07,0.8781661866590245,1123.0,1163362438.0,1163362438.0,12.8,,,,,,,-10.0,0.0,24.2734643,28.92,28.0,27.26,0.3885708701408368
2005-9-1,Maldives,0.43,8.64,0.7337735904383106,1123.0,1163362438.0,1163362438.0,12.8,,,,,,,-10.0,0.0,80.28623554,28.61,27.66,26.37,0.464905337928741
2005-10-1,Maldives,1.43,4.53,1.0019642808624718,1123.0,1163362438.0,1163362438.0,12.8,,,,,,,-10.0,0.0,99.42685102,28.57,27.63,26.55,0.472950127597521
2005-11-1,Maldives,1.4,10.8,0.643836883200665,1123.0,1163362438.0,1163362438.0,12.8,,,,,,,-10.0,0.0,63.40960866,28.3,27.04,25.68,0.5232818928884648
2005-12-1,Maldives,-1.94,5.74,0.3714309216899653,1123.0,1163362438.0,1163362438.0,12.8,,,,,,,-10.0,0.0,22.66230086,27.86,27.08,25.47,0.509779190054816
2006-1-1,Maldives,-0.62,3.55,1.1361539391312492,1147.0,1575200391.0,1575200391.0,12.8,,,,,,,-15.0,0.0,89.62088158,27.62,26.81,25.54,0.5220463732305428
2006-2-1,Maldives,0.79,3.03,1.0652342889672095,1147.0,1575200391.0,1575200391.0,12.8,,,,,,,-15.0,0.0,10.96402136,28.14,27.39,26.4,0.4530938572914514
2006-3-1,Maldives,0.88,8.05,1.2483014641541434,1147.0,1575200391.0,1575200391.0,12.8,,,,,,,-15.0,0.0,16.37085103,28.82,27.92,26.51,0.4540859411629849
2006-4-1,Maldives,0.04,5.89,0.1924103883987335,1147.0,1575200391.0,1575200391.0,12.8,,,,,,,-15.0,0.0,4.254883789,29.57,28.53,27.53,0.4580330783194044
2006-5-1,Maldives,0.1,3.82,0.458481667256123,1147.0,1575200391.0,1575200391.0,12.8,,,,,,,-15.0,0.0,193.2605848,29.46,28.42,27.43,0.3987103881786177
2006-6-1,Maldives,0.44,5.94,1.124572045321306,1147.0,1575200391.0,1575200391.0,12.8,,,,,,,-15.0,0.0,176.485594,28.91,28.0,26.52,0.4525738195869303
2006-7-1,Maldives,-0.47,2.15,1.0996307406421326,1147.0,1575200391.0,1575200391.0,12.8,,,,,,,-15.0,0.0,34.02381538,29.06,27.74,26.78,0.4447960163793355
2006-8-1,Maldives,0.16,2.75,0.7023684707712002,1147.0,1575200391.0,1575200391.0,12.8,,,,,,,-15.0,0.0,47.77274848,28.69,27.56,25.98,0.4374844384814151
2006-9-1,Maldives,2.14,5.82,1.0622260666080972,1147.0,1575200391.0,1575200391.0,12.8,,,,,,,-15.0,0.0,97.71529157,28.5,27.51,25.79,0.414882070167944
2006-10-1,Maldives,-0.72,1.76,0.6365220593767262,1147.0,1575200391.0,1575200391.0,12.8,,,,,,,-15.0,0.0,106.2807221,28.25,27.46,26.51,0.480896665700203
2006-11-1,Maldives,0.4,-0.2,1.1412399998683216,1147.0,1575200391.0,1575200391.0,12.8,,,,,,,-15.0,0.0,114.8602036,28.72,27.14,26.13,0.4026827768501375
2006-12-1,Maldives,0.82,5.93,0.7249103769605978,1147.0,1575200391.0,1575200391.0,12.8,,,,,,,-15.0,0.0,30.14187694,28.43,27.46,26.24,0.3942499423116176
2007-1-1,Maldives,2.06,14.04,0.8403171135262305,1150.0,1868383461.0,1868383461.0,12.8,,,,,,,-15.0,0.0,24.64433906,27.93,27.28,26.12,0.4853846686765902
2007-2-1,Maldives,-0.84,10.23,0.3688574639179459,1150.0,1868383461.0,1868383461.0,12.8,,,,,,,-15.0,0.0,14.68186973,27.87,26.93,25.62,0.4868158922313401
2007-3-1,Maldives,-0.78,4.17,0.4430826666874641,1150.0,1868383461.0,1868383461.0,12.8,,,,,,,-15.0,0.0,6.567867439,29.05,27.7,26.12,0.4184904151342278
2007-4-1,Maldives,0.97,7.94,1.6808195112650897,1150.0,1868383461.0,1868383461.0,12.8,,,,,,,-15.0,0.0,14.85502084,29.79,28.41,26.67,0.4110162942381082
2007-5-1,Maldives,1.43,13.4,1.189793374896149,1150.0,1868383461.0,1868383461.0,12.8,,,,,,,-15.0,1649.0,204.2078103,29.7,28.61,27.5,0.4416150118282312
2007-6-1,Maldives,0.25,11.2,0.8535592355418922,1150.0,1868383461.0,1868383461.0,12.8,,,,,,,-15.0,0.0,285.17957,29.55,28.25,26.83,0.3877900061520332
2007-7-1,Maldives,0.32,14.02,0.6305478840762565,1150.0,1868383461.0,1868383461.0,12.8,,,,,,,-15.0,0.0,17.67052966,29.58,27.87,26.36,0.398289949791972
2007-8-1,Maldives,2.92,24.87,0.8147903760981482,1150.0,1868383461.0,1868383461.0,12.8,,,,,,,-15.0,0.0,45.41962995,28.69,27.76,26.48,0.4479652568793985
2007-9-1,Maldives,0.5,19.56,1.177671844622491,1150.0,1868383461.0,1868383461.0,12.8,,,,,,,-15.0,0.0,118.8136264,28.68,27.77,26.38,0.4247355779790748
2007-10-1,Maldives,0.86,25.13,1.3343012819079203,1150.0,1868383461.0,1868383461.0,12.8,,,,,,,-15.0,0.0,161.0581913,28.75,27.69,26.32,0.4805774243428318
2007-11-1,Maldives,0.64,26.67,0.297769383321923,1150.0,1868383461.0,1868383461.0,12.8,,,,,,,-15.0,0.0,58.72636331,28.2,27.37,26.47,0.5003970567973866
2007-12-1,Maldives,0.27,21.8,0.7960987128775558,1150.0,1868383461.0,1868383461.0,12.8,,,,,,,-15.0,0.0,35.47611435,28.38,27.2,25.17,0.4234385178604546
2008-1-1,Maldives,1.63,12.12,0.8531015869216321,1171.0,2271646188.0,2271646188.0,12.8,,,,,,,-15.0,0.0,34.95392103,27.91,27.16,26.15,0.4837026932901085
2008-2-1,Maldives,1.17,19.73,1.4054797861936394,1171.0,2271646188.0,2271646188.0,12.8,,,,,,,-15.0,0.0,74.71278355,28.6,27.48,26.36,0.4169088217857513
2008-3-1,Maldives,1.07,25.62,3.702914603462926,1171.0,2271646188.0,2271646188.0,12.8,,,,,,,-15.0,0.0,58.28871154,28.47,27.51,25.97,0.4034269155232423
2008-4-1,Maldives,2.16,27.68,1.0057872264438965,1171.0,2271646188.0,2271646188.0,12.8,,,,,,,-15.0,0.0,27.57736147,28.78,27.76,26.78,0.4561595869537634
2008-5-1,Maldives,1.39,25.75,0.8153541714389401,1171.0,2271646188.0,2271646188.0,12.8,,,,,,,-15.0,0.0,194.5222197,28.99,28.06,26.89,0.4356859638939654
2008-6-1,Maldives,0.57,23.1,0.6721990586045896,1171.0,2271646188.0,2271646188.0,12.8,,,,,,,-15.0,0.0,228.6101472,28.97,27.77,26.82,0.4045198785867796
2008-7-1,Maldives,1.97,30.35,0.6715773673307334,1171.0,2271646188.0,2271646188.0,12.8,,,,,,,-15.0,0.0,13.48870367,28.67,27.71,26.25,0.345371039400797
2008-8-1,Maldives,1.08,23.59,1.228242526712106,1171.0,2271646188.0,2271646188.0,12.8,,,,,,,-15.0,0.0,43.49874941,28.82,27.48,25.98,0.4104907437495649
2008-9-1,Maldives,-0.99,17.75,0.2426387262670022,1171.0,2271646188.0,2271646188.0,12.8,,,,,,,-15.0,0.0,24.07267787,28.9,27.83,26.75,0.4733572960822912
2008-10-1,Maldives,-0.87,12.28,0.9308832269831858,1171.0,2271646188.0,2271646188.0,12.8,,,,,,,-15.0,0.0,145.8180052,28.62,27.63,26.23,0.4834509978345453
2008-11-1,Maldives,-1.26,5.83,0.3817552670917348,1171.0,2271646188.0,2271646188.0,12.8,,,,,,,-15.0,0.0,66.38652857,28.52,27.6,26.09,0.430051525739576
2008-12-1,Maldives,0.74,9.46,0.802939098628683,1171.0,2271646188.0,2271646188.0,12.8,,,,,,,-15.0,0.0,33.6452881,28.18,27.28,26.07,0.4405823436482768
2009-1-1,Maldives,1.41,15.45,0.6775782205068923,1182.0,2345294875.0,2345294875.0,12.8,,,,,,,-15.0,0.0,55.2589235,28.11,27.3,25.75,0.4745662039463704
2009-2-1,Maldives,-1.12,6.18,0.921619612729942,1182.0,2345294875.0,2345294875.0,12.8,,,,,,,-15.0,0.0,15.5197515,28.33,27.21,26.15,0.4866157128073565
2009-3-1,Maldives,2.51,11.38,0.3072042423414907,1182.0,2345294875.0,2345294875.0,12.8,,,,,,,-15.0,0.0,6.813940176,29.45,28.11,26.85,0.4471284173622243
2009-4-1,Maldives,-1.14,-0.92,1.075994318851253,1182.0,2345294875.0,2345294875.0,12.8,,,,,,,-15.0,0.0,4.755174413,29.57,28.62,27.3,0.459161378040638
2009-5-1,Maldives,1.02,-2.06,0.6385644889423268,1182.0,2345294875.0,2345294875.0,12.8,,,,,,,-15.0,0.0,249.0559484,29.67,28.7,27.74,0.3975294892561286
2009-6-1,Maldives,0.38,0.96,0.9628675016721936,1182.0,2345294875.0,2345294875.0,12.8,,,,,,,-15.0,0.0,281.289778,29.09,28.05,26.42,0.3752850540128691
2009-7-1,Maldives,-0.46,-9.24,1.2531025763802248,1182.0,2345294875.0,2345294875.0,12.8,,,,,,,-15.0,0.0,50.36787821,29.29,27.79,26.33,0.4621846814206956
2009-8-1,Maldives,1.26,-8.23,1.372815052585872,1182.0,2345294875.0,2345294875.0,12.8,,,,,,,-15.0,0.0,68.01993067,28.68,27.53,26.22,0.4246197616317568
2009-9-1,Maldives,0.2,-4.7,0.6752196214330856,1182.0,2345294875.0,2345294875.0,12.8,,,,,,,-15.0,0.0,72.41237496,28.73,27.79,26.68,0.474979223833554
2009-10-1,Maldives,-0.44,-3.44,0.4953170975859418,1182.0,2345294875.0,2345294875.0,12.8,,,,,,,-15.0,0.0,88.20301058,29.05,28.03,27.01,0.408045871559633
2009-11-1,Maldives,2.45,5.08,2.4858915475978733,1182.0,2345294875.0,2345294875.0,12.8,,,,,,,-15.0,0.0,165.395514,28.87,27.71,26.4,0.3959191115343536
2009-12-1,Maldives,-0.68,0.78,1.439698755093191,1182.0,2345294875.0,2345294875.0,12.8,,,,,,,-15.0,0.0,43.31707388,28.72,27.7,26.29,0.4599784645161102
2010-1-1,Maldives,-0.26,-3.27,1.178498954036302,1187.0,2588176055.0,2588176055.0,12.8,,,,,,,-16.0,0.0,52.93784636,28.56,27.64,26.48,0.4830271816665404
2010-2-1,Maldives,0.94,4.44,1.0120759013141631,1187.0,2588176055.0,2588176055.0,12.8,,,,,,,-16.0,0.0,26.83622535,28.31,27.63,25.8,0.4675647597984954
2010-3-1,Maldives,0.88,-0.66,0.8027045021283556,1187.0,2588176055.0,2588176055.0,12.8,,,,,,,-16.0,0.0,8.904458534,29.44,28.46,27.25,0.4111686679432053
2010-4-1,Maldives,0.88,5.33,1.3307562663920698,1187.0,2588176055.0,2588176055.0,12.8,,,,,,,-16.0,0.0,20.8409688,29.68,28.82,27.68,0.4503195236099884
2010-5-1,Maldives,0.13,3.6,0.542197330007976,1187.0,2588176055.0,2588176055.0,12.8,,,,,,,-16.0,0.0,236.3097711,30.4,28.75,27.26,0.4408208149926456
2010-6-1,Maldives,1.08,5.67,1.1100426465254778,1187.0,2588176055.0,2588176055.0,12.8,,,,,,,-16.0,0.0,371.9335027,29.49,28.53,27.42,0.3279893247889432
2010-7-1,Maldives,2.19,18.11,1.1401250273070562,1187.0,2588176055.0,2588176055.0,12.8,,,,,,,-16.0,0.0,29.82672639,28.88,27.92,26.69,0.4483533967303558
2010-8-1,Maldives,0.63,14.64,1.403655579629899,1187.0,2588176055.0,2588176055.0,12.8,,,,,,,-16.0,0.0,62.9465827,28.98,27.77,26.42,0.4432058493113142
2010-9-1,Maldives,-1.29,10.05,0.9456825745184616,1187.0,2588176055.0,2588176055.0,12.8,,,,,,,-16.0,0.0,82.71740996,29.25,27.81,26.24,0.3881431219014389
2010-10-1,Maldives,-0.23,10.68,0.8229401676001419,1187.0,2588176055.0,2588176055.0,12.8,,,,,,,-16.0,0.0,110.9324639,28.4,27.61,26.69,0.5487696575856036
2010-11-1,Maldives,0.47,7.45,0.6187886669200934,1187.0,2588176055.0,2588176055.0,12.8,,,,,,,-16.0,0.0,111.2710885,28.25,27.33,25.51,0.4893813352891683
2010-12-1,Maldives,1.34,14.32,1.8430285432003588,1187.0,2588176055.0,2588176055.0,12.8,,,,,,,-16.0,0.0,81.43892651,28.47,26.96,25.02,0.4886264803368514
2011-1-1,Maldives,0.54,15.9,0.8795903809604328,1193.0,2774350240.0,2774350240.0,12.8,,,,,,,-21.0,0.0,69.9001223,27.83,27.02,25.82,0.4779714612512143
2011-2-1,Maldives,-0.79,10.11,0.8299165152622354,1193.0,2774350240.0,2774350240.0,12.8,,,,,,,-21.0,0.0,33.36924539,28.18,26.82,25.63,0.4576862580272383
2011-3-1,Maldives,0.63,9.01,1.2742797971895108,1193.0,2774350240.0,2774350240.0,12.8,,,,,,,-21.0,0.0,14.2341921,28.97,27.83,26.59,0.4243363202524539
2011-4-1,Maldives,4.42,20.35,0.7928250498457605,1193.0,2774350240.0,2774350240.0,13.9515,,,,,,,-21.0,0.0,22.82377349,29.29,28.2,27.03,0.4181336283963893
2011-5-1,Maldives,3.31,26.54,0.6634656747820131,1193.0,2774350240.0,2774350240.0,15.3286,,,,,,,-21.0,0.0,174.1196518,29.28,28.23,27.24,0.4218528462731316
2011-6-1,Maldives,0.91,24.03,0.5284399631276894,1193.0,2774350240.0,2774350240.0,15.34181818,,,,,,,-21.0,1289.0,132.7294385,29.89,28.31,27.63,0.489058058084445
2011-7-1,Maldives,0.06,18.91,0.9695555401451552,1193.0,2774350240.0,2774350240.0,15.34894737,,,,,,,-21.0,0.0,33.30453656,29.05,28.05,26.42,0.4532696058943103
2011-8-1,Maldives,0.32,17.09,0.6322105751992957,1193.0,2774350240.0,2774350240.0,15.3645,,,,,,,-21.0,0.0,53.45906893,28.92,27.84,26.76,0.4067695576728343
2011-9-1,Maldives,1.3,23.04,0.934658900939812,1193.0,2774350240.0,2774350240.0,15.3785,,,,,,,-21.0,0.0,118.0743638,28.98,27.82,26.86,0.4811936531668581
2011-10-1,Maldives,0.33,20.25,0.4234977653963488,1193.0,2774350240.0,2774350240.0,15.375,,,,,,,-21.0,0.0,88.63961312,28.8,27.78,26.06,0.2892986714703896
2011-11-1,Maldives,3.42,28.51,0.7279938605574001,1193.0,2774350240.0,2774350240.0,15.36823529,,,,,,,-21.0,0.0,150.7131931,28.94,27.88,26.53,0.4163182443097283
2011-12-1,Maldives,1.19,23.87,0.3375392990654549,1193.0,2774350240.0,2774350240.0,15.367,,,,,,,-21.0,0.0,14.63984882,28.41,27.14,24.36,0.4223855098449441
2012-1-1,Maldives,0.83,30.87,0.5194197123243073,1202.0,2886163997.0,2886163997.0,15.36452381,,,,,,,-53.0,0.0,76.64128901,28.15,27.1,25.95,0.470605319127497
2012-2-1,Maldives,-0.3,32.27,1.82024880758088,1202.0,2886163997.0,2886163997.0,15.371,,,,,,,-53.0,0.0,29.52308859,28.44,27.49,25.76,0.4097941392269467
2012-3-1,Maldives,0.76,32.15,0.3991312968471355,1202.0,2886163997.0,2886163997.0,15.3685,,,,,,,-53.0,0.0,6.088822875,29.13,27.81,26.57,0.3892416827472604
2012-4-1,Maldives,-0.09,18.71,0.8477553453566226,1202.0,2886163997.0,2886163997.0,15.3655,,,,,,,-53.0,0.0,10.04234313,29.7,28.68,27.65,0.4800035560544095
2012-5-1,Maldives,-1.99,5.5,0.9758176841381668,1202.0,2886163997.0,2886163997.0,15.36977273,,,,,,,-53.0,0.0,104.5225637,29.43,28.44,26.21,0.3626444196895055
2012-6-1,Maldives,4.16,16.98,0.4490111693421032,1202.0,2886163997.0,2886163997.0,15.3715,,,,,,,-53.0,0.0,269.5445136,29.68,28.25,26.97,0.3266550726192717
2012-7-1,Maldives,0.24,15.17,0.7034554472537412,1202.0,2886163997.0,2886163997.0,15.36090909,,,,,,,-53.0,0.0,28.05634528,29.86,28.38,27.03,0.4440450689146883
2012-8-1,Maldives,0.65,15.71,1.0053676152792286,1202.0,2886163997.0,2886163997.0,15.35972222,,,,,,,-53.0,0.0,63.79918267,28.7,27.79,26.12,0.4024026414599707
2012-9-1,Maldives,0.02,13.81,0.6342365299188555,1202.0,2886163997.0,2886163997.0,15.36434783,,,,,,,-53.0,0.0,68.25623011,28.73,27.79,25.98,0.496095564798705
2012-10-1,Maldives,0.04,17.9,1.246254272144491,1202.0,2886163997.0,2886163997.0,15.363,,,,,,,-53.0,0.0,236.055428,28.7,27.44,26.01,0.3576198219655484
2012-11-1,Maldives,0.34,9.46,1.0156326926055277,1202.0,2886163997.0,2886163997.0,15.35710526,,,,,,,-53.0,0.0,46.80532004,28.47,27.48,26.45,0.4289519806540764
2012-12-1,Maldives,0.39,10.84,0.8026741552523516,1202.0,2886163997.0,2886163997.0,15.36214286,,,,,,,-53.0,0.0,41.28396508,28.58,27.27,25.44,0.4458339946960381
2013-1-1,Maldives,0.12,6.16,0.4964355849425281,1217.0,3295009238.0,3295009238.0,15.3655,,,,,,,-54.0,0.0,83.33079955,28.13,27.43,26.0,0.502616928146755
2013-2-1,Maldives,-0.2,6.52,1.7148187935466346,1217.0,3295009238.0,3295009238.0,15.36763158,,,,,,,-54.0,0.0,47.18969477,28.47,27.5,26.13,0.4861996052070204
2013-3-1,Maldives,0.5,6.17,1.4538785804859018,1217.0,3295009238.0,3295009238.0,15.363,,,,,,,-54.0,0.0,20.50078055,28.99,28.15,26.94,0.442155991174183
2013-4-1,Maldives,0.12,7.3,0.5204111068337611,1217.0,3295009238.0,3295009238.0,15.36954545,,,,,,,-54.0,0.0,5.306250896,29.64,28.88,27.87,0.3641988366419629
2013-5-1,Maldives,0.1,15.37,0.6854044340795473,1217.0,3295009238.0,3295009238.0,15.35714286,,,,,,,-54.0,0.0,268.1550178,29.45,28.41,27.36,0.3790755000331435
2013-6-1,Maldives,-0.27,3.73,0.856687451672889,1217.0,3295009238.0,3295009238.0,15.36,,,,,,,-54.0,0.0,345.3273828,28.69,27.82,27.0,0.337138736475142
2013-7-1,Maldives,1.17,5.76,0.4302415179298704,1217.0,3295009238.0,3295009238.0,15.36863636,,,,,,,-54.0,0.0,12.19599878,28.46,27.6,26.52,0.4427465572337875
2013-8-1,Maldives,0.17,5.69,1.2772281289175051,1217.0,3295009238.0,3295009238.0,15.3645,,,,,,,-54.0,0.0,53.55203434,28.94,27.42,26.34,0.423725065717213
2013-9-1,Maldives,0.88,8.31,0.3110535349439666,1217.0,3295009238.0,3295009238.0,15.37047619,,,,,,,-54.0,0.0,39.34709401,28.55,27.57,26.79,0.4744770043856307
2013-10-1,Maldives,0.58,8.97,0.4808233610467493,1217.0,3295009238.0,3295009238.0,15.36789474,,,,,,,-54.0,0.0,50.73485863,28.73,27.67,26.31,0.4908518656716418
2013-11-1,Maldives,0.12,7.7,0.656007060312748,1217.0,3295009238.0,3295009238.0,15.374375,,,,,,,-54.0,0.0,81.55821374,28.23,27.4,26.29,0.423174383216774
2013-12-1,Maldives,-0.03,5.11,1.0457975706863007,1217.0,3295009238.0,3295009238.0,15.37181818,,,,,,,-54.0,0.0,18.26575093,28.43,27.37,26.06,0.4265571843494115
2014-1-1,Maldives,0.11,3.87,0.4505661154197976,1222.0,3697353039.0,3697353039.0,15.37526316,,,,,,,-37.0,0.0,47.26338688,27.81,27.19,26.16,0.4898975275451835
2014-2-1,Maldives,-0.14,4.75,1.4701042539404603,1222.0,3697353039.0,3697353039.0,15.37384615,,,,,,,-37.0,0.0,22.02488711,28.83,27.46,26.18,0.4696209031772392
2014-3-1,Maldives,-0.59,1.46,2.059769892746404,1222.0,3697353039.0,3697353039.0,15.38290323,,,,,,,-37.0,0.0,17.17453692,29.05,27.9,26.46,0.4150276756731058
2014-4-1,Maldives,0.19,1.61,0.6110402343448459,1222.0,3697353039.0,3697353039.0,15.37,,,,,,,-37.0,0.0,10.21813168,29.61,28.49,27.14,0.4355622704893325
2014-5-1,Maldives,0.97,3.13,0.7697765229711562,1222.0,3697353039.0,3697353039.0,15.37741935,,,,,,,-37.0,0.0,184.831643,29.53,28.69,27.19,0.4120719599965161
2014-6-1,Maldives,-0.14,3.14,0.5879673326977913,1222.0,3697353039.0,3697353039.0,15.40733333,,,,,,,-37.0,0.0,159.588686,29.34,28.49,27.33,0.3359038264899852
2014-7-1,Maldives,0.41,1.46,0.4890007425960548,1222.0,3697353039.0,3697353039.0,15.39,,,,,,,-37.0,0.0,14.99164918,28.92,28.09,27.08,0.4260907683943182
2014-8-1,Maldives,-0.14,-0.59,0.82651584240938,1222.0,3697353039.0,3697353039.0,15.36903226,,,,,,,-37.0,0.0,82.08532599,28.8,27.62,26.15,0.4231902413222733
2014-9-1,Maldives,0.06,-2.37,0.732888384793898,1222.0,3697353039.0,3697353039.0,15.38066667,,,,,,,-37.0,0.0,72.61560324,28.3,27.46,26.45,0.4861561405176963
2014-10-1,Maldives,0.04,-2.36,0.5566869174304357,1222.0,3697353039.0,3697353039.0,15.38193548,,,,,,,-37.0,0.0,103.0898778,28.34,27.5,25.79,0.457672005152426
2014-11-1,Maldives,-0.39,-2.9,0.9596065423446464,1222.0,3697353039.0,3697353039.0,15.376,,,,,,,-37.0,0.0,131.3833381,28.33,27.35,25.81,0.4096997568319759
2014-12-1,Maldives,0.15,-1.76,0.5874501931709049,1222.0,3697353039.0,3697353039.0,15.38032258,,,,,,,-37.0,0.0,25.98542351,28.29,27.11,25.87,0.4180882538552862
2015-1-1,Maldives,-0.28,-1.18,0.2203325928209081,1227.0,4129505319.0,4129505319.0,15.3716129,,,,,,,-67.0,0.0,21.96344569,28.11,27.3,26.36,0.4937265466952832
2015-2-1,Maldives,0.12,-0.81,1.225641292748988,1227.0,4129505319.0,4129505319.0,15.36107143,,,,,,,-67.0,0.0,15.58722779,28.25,27.47,26.53,0.4879095984330083
2015-3-1,Maldives,-0.07,0.75,1.0071400937115094,1227.0,4129505319.0,4129505319.0,15.37032258,,,,,,,-67.0,0.0,14.80295537,28.96,28.15,27.14,0.4496401548527666
2015-4-1,Maldives,0.67,0.9,0.4764305742997388,1227.0,4129505319.0,4129505319.0,15.36366667,,,,,,,-67.0,0.0,4.57819245,29.5,28.61,27.44,0.4590001935412442
2015-5-1,Maldives,0.04,-0.11,0.9352065698943488,1227.0,4129505319.0,4129505319.0,15.36580645,,,,,,,-67.0,0.0,279.3591021,29.91,28.98,27.56,0.4076056286390073
2015-6-1,Maldives,0.83,1.02,0.532533518312728,1227.0,4129505319.0,4129505319.0,15.376,,,,,,,-67.0,0.0,202.2581123,29.74,28.58,27.33,0.4728946475505384
2015-7-1,Maldives,-0.12,-1.02,0.6036723384126935,1227.0,4129505319.0,4129505319.0,15.36433333,,,,,,,-67.0,0.0,13.28973258,29.2,28.12,26.66,0.3538443644248228
2015-8-1,Maldives,0.15,1.33,1.266087355739242,1227.0,4129505319.0,4129505319.0,15.37967742,,,,,,,-67.0,0.0,59.34064994,28.93,27.82,26.89,0.4221963417077989
2015-9-1,Maldives,-0.04,1.35,1.0167780584108896,1227.0,4129505319.0,4129505319.0,15.35883333,,,,,,,-67.0,0.0,126.2484599,28.91,27.8,26.23,0.3958292822822843
2015-10-1,Maldives,-0.02,0.42,0.6952716090223773,1227.0,4129505319.0,4129505319.0,15.35548387,,,,,,,-67.0,0.0,140.5522962,28.98,27.89,26.52,0.4566523105360443
2015-11-1,Maldives,0.1,2.72,0.9981021264323784,1227.0,4129505319.0,4129505319.0,15.363,,,,,,,-67.0,0.0,115.4412328,29.19,27.75,26.4,0.4512038085371048
2015-12-1,Maldives,-0.52,0.48,1.0703336947589457,1227.0,4129505319.0,4129505319.0,15.36616667,,,,,,,-67.0,0.0,33.37834117,28.96,28.03,26.64,0.5163567591384037
2016-1-1,Maldives,-0.1,0.4,1.301189390361249,1225.0,4409942624.0,4409942624.0,15.36274194,,,,,,,-93.0,0.0,78.2373834,29.02,28.2,27.09,0.4531870841461549
2016-2-1,Maldives,0.22,2.22,1.704472170708785,1225.0,4409942624.0,4409942624.0,15.3687931,,,,,,,-93.0,0.0,31.25919575,29.15,28.3,27.26,0.4073050274431494
2016-3-1,Maldives,-0.53,0.82,0.9442382751781616,1225.0,4409942624.0,4409942624.0,15.35370968,,,,,,,-93.0,0.0,5.407395204,29.81,28.58,27.66,0.4574176725351772
2016-4-1,Maldives,-0.18,-0.21,1.0339490168427024,1225.0,4409942624.0,4409942624.0,15.36233333,,,,,,,-93.0,0.0,7.904674244,30.26,29.39,27.69,0.4886407277075306
2016-5-1,Maldives,0.06,-1.22,0.5704189097518156,1225.0,4409942624.0,4409942624.0,15.36532258,,,,,,,-93.0,0.0,233.1581178,30.31,29.33,27.79,0.3952626090256441
2016-6-1,Maldives,0.22,-2.38,0.9133019599563056,1225.0,4409942624.0,4409942624.0,15.36633333,,,,,,,-93.0,0.0,217.9744634,30.25,28.94,27.68,0.4370418873235607
2016-7-1,Maldives,0.26,-1.51,0.9606975774693656,1225.0,4409942624.0,4409942624.0,15.37758065,,,,,,,-93.0,0.0,29.30725981,29.48,28.26,26.02,0.4584249828638278
2016-8-1,Maldives,-0.09,-2.7,1.6797524631214016,1225.0,4409942624.0,4409942624.0,15.37064516,,,,,,,-93.0,0.0,60.0118132,28.49,27.72,26.57,0.3119161378290765
2016-9-1,Maldives,0.38,-1.08,0.4142233870296452,1225.0,4409942624.0,4409942624.0,15.37085714,,,,,,,-93.0,0.0,46.67566532,28.4,27.48,26.43,0.5361939628629895
2016-10-1,Maldives,1.91,4.51,0.5454344991581552,1225.0,4409942624.0,4409942624.0,15.36709677,,,,,,,-93.0,0.0,64.69666828,28.42,27.44,25.61,0.4216168740320296
2016-11-1,Maldives,-0.11,2.86,1.6016387362416329,1225.0,4409942624.0,4409942624.0,15.37983333,,,,,,,-93.0,0.0,109.2696023,28.07,27.15,25.83,0.4292759272383653
2016-12-1,Maldives,0.28,5.26,1.7910150259311317,1225.0,4409942624.0,4409942624.0,15.37564516,,,,,,,-93.0,0.0,16.79020675,28.58,27.44,25.92,0.4766182926872674
2017-1-1,Maldives,0.48,6.98,0.8036642249140811,1234.0,4816426257.0,4816426257.0,15.37032258,,,,,,,-98.0,0.0,99.12389433,27.92,26.99,25.73,0.4896051962745966
2017-2-1,Maldives,0.35,6.18,1.1624896225752297,1234.0,4816426257.0,4816426257.0,15.36642857,,,,,,,-98.0,0.0,31.24581075,28.25,27.34,25.84,0.4010050016062276
2017-3-1,Maldives,0.65,8.14,2.17408465672013,1234.0,4816426257.0,4816426257.0,15.3783871,,,,,,,-98.0,0.0,40.37430469,28.72,27.83,25.89,0.4951144407512219
2017-4-1,Maldives,-0.01,8.31,0.5866856828094488,1234.0,4816426257.0,4816426257.0,15.37566667,,,,,,,-98.0,0.0,7.540816018,29.71,28.88,28.09,0.4146153704601905
2017-5-1,Maldives,0.24,10.12,1.0396485282256922,1234.0,4816426257.0,4816426257.0,15.39177419,,,,,,,-98.0,0.0,262.5575326,29.58,28.66,27.46,0.3658352963917685
2017-6-1,Maldives,-1.0,7.54,0.4883335261776599,1234.0,4816426257.0,4816426257.0,15.38766667,,,,,,,-98.0,0.0,237.1005215,28.99,28.22,27.07,0.4028476839920317
2017-7-1,Maldives,-0.07,7.4,0.5684610085888224,1234.0,4816426257.0,4816426257.0,15.39080645,,,,,,,-98.0,0.0,13.39958397,29.38,28.21,26.99,0.4171771419347414
2017-8-1,Maldives,-0.36,6.61,0.8976867057788432,1234.0,4816426257.0,4816426257.0,15.39693548,,,,,,,-98.0,0.0,54.12840831,29.32,28.21,26.8,0.4175038740595242
2017-9-1,Maldives,0.52,6.35,1.0905264354835758,1234.0,4816426257.0,4816426257.0,15.39933333,,,,,,,-98.0,0.0,79.38329662,28.74,27.77,26.86,0.4870518599555503
2017-10-1,Maldives,-0.27,-0.5,0.9722213420669636,1234.0,4816426257.0,4816426257.0,15.39193548,,,,,,,-98.0,0.0,122.1231582,28.99,28.21,27.34,0.5277171662895926
2017-11-1,Maldives,-0.18,-0.5,1.6259282439427778,1234.0,4816426257.0,4816426257.0,15.39533333,,,,,,,-98.0,0.0,101.2667475,28.81,27.49,25.75,0.4483315548541938
2017-12-1,Maldives,0.93,1.78,2.0104766448424183,1234.0,4816426257.0,4816426257.0,15.39903226,,,,,,,-98.0,0.0,39.17027946,28.79,27.79,26.37,0.4924008091772285
2018-1-1,Maldives,0.31,1.36,0.3938060515318063,1247.0,5404344163.0,5404344163.0,15.39483871,29817.448,22544.003,1190.923,929.419,1083.719,775.235,-109.0,0.0,56.88175076,28.1,27.3,26.34,0.5063012990293932
2018-2-1,Maldives,0.28,1.1,2.4787007206135363,1247.0,5404344163.0,5404344163.0,15.39482143,16596.739,10991.992,766.773,587.614,843.113,631.929,-109.0,0.0,22.06880522,28.39,27.65,26.57,0.4645895367071974
2018-3-1,Maldives,-0.22,0.37,1.92845954186406,1247.0,5404344163.0,5404344163.0,15.39483871,14006.367,9154.367,686.012,536.833,702.01,542.642,-109.0,0.0,23.95933035,29.25,28.18,26.98,0.4164957843871826
2018-4-1,Maldives,-1.69,-1.9,0.7377961909191655,1247.0,5404344163.0,5404344163.0,15.388,16815.923,10777.915,1764.132,994.552,1953.67,1509.723,-109.0,0.0,6.727983819,29.8,28.53,26.76,0.4164005599722269
2018-5-1,Maldives,-0.35,-4.81,1.1188376531820374,1247.0,5404344163.0,5404344163.0,15.39032258,18454.751,12584.602,1538.899,1289.278,1350.137,999.608,-109.0,0.0,286.6354851,29.31,28.4,27.31,0.3246197878925715
2018-6-1,Maldives,0.2,-4.35,0.691115073675838,1247.0,5404344163.0,5404344163.0,15.39266667,16104.003,11751.668,2578.32,1894.636,1397.518,999.704,-109.0,0.0,338.024464,29.11,28.02,26.36,0.3888953076964656
2018-7-1,Maldives,0.54,-2.46,0.8504036389542897,1247.0,5404344163.0,5404344163.0,15.40080645,16614.63,10773.873,2379.592,1645.746,1075.441,814.596,-109.0,0.0,23.29836781,28.78,28.06,26.8,0.4260641415024981
2018-8-1,Maldives,1.38,3.43,0.537047111344221,1247.0,5404344163.0,5404344163.0,15.39258065,19519.984,13439.821,5683.706,4154.04,1622.0,1275.516,-109.0,0.0,52.27262054,28.76,27.88,26.1,0.4155915132659475
2018-9-1,Maldives,-0.68,-0.62,0.9583774065698836,1247.0,5404344163.0,5404344163.0,15.39433333,13027.102,8280.962,3321.233,2107.857,879.005,691.79,-109.0,0.0,79.65852636,28.57,27.57,26.3,0.3675569814028173
2018-10-1,Maldives,-0.45,-1.25,1.1737218188275649,1247.0,5404344163.0,5404344163.0,15.39064516,17603.208,10901.871,2090.715,1455.498,1243.503,1013.296,-109.0,0.0,160.395348,28.7,27.69,26.53,0.4497029989658738
2018-11-1,Maldives,0.08,-0.13,0.8815465467591672,1247.0,5404344163.0,5404344163.0,15.382,16461.948,10311.273,2236.009,1646.142,975.275,849.178,-109.0,0.0,68.24847021,28.67,27.61,26.01,0.4798588471174954
2018-12-1,Maldives,-0.26,-3.48,1.123027159374366,1247.0,5404344163.0,5404344163.0,15.37419355,26713.471,18386.667,3823.64,3112.172,15188.062,14244.974,-109.0,0.0,16.60192843,28.82,27.72,26.49,0.4185887703908054
2019-1-1,Maldives,-0.09,-4.32,0.7218914936338275,1257.0,5726094799.0,5726094799.0,15.38370968,,,,,,,-86.0,0.0,33.1777543,28.3,27.33,25.68,0.4299895002485998
2019-2-1,Maldives,0.32,-4.05,2.484621544426181,1257.0,5726094799.0,5726094799.0,15.37214286,,,,,,,-86.0,0.0,52.15967788,28.43,27.66,26.65,0.4754393397500214
2019-3-1,Maldives,-0.21,-4.22,0.7580483789902893,1257.0,5726094799.0,5726094799.0,15.38096774,,,,,,,-86.0,0.0,8.458550143,29.23,28.23,27.0,0.4058018096659662
2019-4-1,Maldives,0.4,-1.19,0.7878400397758155,1257.0,5726094799.0,5726094799.0,15.39016667,,,,,,,-86.0,0.0,22.46307061,30.11,29.11,27.3,0.3887570033174535
2019-5-1,Maldives,0.32,0.76,1.1563472076714385,1257.0,5726094799.0,5726094799.0,15.39322581,,,,,,,-86.0,1800.0,103.4567954,30.08,29.13,27.32,0.405453420399536
2019-6-1,Maldives,0.24,2.95,1.0886552079030136,1257.0,5726094799.0,5726094799.0,15.394,,,,,,,-86.0,0.0,325.4217569,29.77,28.8,27.54,0.4339766375274472
2019-7-1,Maldives,-0.73,-1.45,0.4628593430738112,1257.0,5726094799.0,5726094799.0,15.37741935,,,,,,,-86.0,0.0,14.13160643,29.5,28.51,27.32,0.4232193744989208
2019-8-1,Maldives,0.64,-3.62,0.7796749365632848,1257.0,5726094799.0,5726094799.0,15.36258065,,,,,,,-86.0,0.0,79.48999031,29.99,28.43,26.84,0.3538950184427637
2019-9-1,Maldives,-0.23,-0.19,0.9890328081303034,1257.0,5726094799.0,5726094799.0,15.37866667,,,,,,,-86.0,0.0,111.1884276,29.26,28.01,25.99,0.3394793009025727
2019-10-1,Maldives,0.28,1.64,1.2537139487938804,1257.0,5726094799.0,5726094799.0,15.38741935,,,,,,,-86.0,0.0,275.4425901,28.61,27.39,25.9,0.3024135573580532
2019-11-1,Maldives,-0.13,1.13,0.8465830485389816,1257.0,5726094799.0,5726094799.0,15.38033333,,,,,,,-86.0,0.0,124.4750792,29.06,27.81,26.12,0.4648610519133789
2019-12-1,Maldives,0.48,3.67,1.660854895657096,1257.0,5726094799.0,5726094799.0,15.38387097,,,,,,,-86.0,0.0,77.67823286,28.89,27.71,26.07,0.4545454308736751
2020-1-1,Maldives,-0.14,4.13,0.8868661650357598,1490.0,3712604583.0,3712604583.0,15.37354839,,,,,,,-101.0,0.0,60.17989299,28.81,28.03,27.09,0.4364830320410362
2020-2-1,Maldives,0.0,3.34,1.871009031933503,1490.0,3712604583.0,3712604583.0,15.36896552,,,,,,,-101.0,0.0,21.61081634,28.85,28.12,27.06,0.4249277496688995
2020-3-1,Maldives,-1.12,3.64,0.6294584152225081,1490.0,3712604583.0,3712604583.0,15.37258065,,,,,,,-101.0,0.0,13.26558838,29.32,28.5,27.64,0.4484053998388981
2020-4-1,Maldives,-3.23,3.74,0.8628837116463638,1490.0,3712604583.0,3712604583.0,15.396,,,,,,,-101.0,0.0,20.65274621,30.11,28.98,27.85,0.3862196434931106
2020-5-1,Maldives,0.05,3.83,1.1959880977725308,1490.0,3712604583.0,3712604583.0,15.40612903,,,,,,,-101.0,0.0,348.6795629,30.34,29.28,27.7,0.3639039717053562
2020-6-1,Maldives,-0.41,1.18,0.667605536443994,1490.0,3712604583.0,3712604583.0,15.39066667,,,,,,,-101.0,0.0,270.4701807,29.71,28.71,26.9,0.4509677521142264
2020-7-1,Maldives,2.81,3.45,1.0120776474565802,1490.0,3712604583.0,3712604583.0,15.37225806,,,,,,,-101.0,0.0,27.49977487,29.54,28.26,26.79,0.3353165837200366
2020-8-1,Maldives,0.54,2.38,0.408157482553359,1490.0,3712604583.0,3712604583.0,15.36677419,,,,,,,-101.0,0.0,37.83691279,28.81,28.07,26.73,0.4328267142390427
2020-9-1,Maldives,0.07,2.23,1.164673141724966,1490.0,3712604583.0,3712604583.0,15.38,,,,,,,-101.0,0.0,139.3349113,28.93,27.87,26.47,0.415014665739792
2020-10-1,Maldives,0.02,2.3,0.7469218777000256,1490.0,3712604583.0,3712604583.0,15.36935484,,,,,,,-101.0,0.0,50.63345385,28.92,28.19,27.2,0.4608244636345763
2020-11-1,Maldives,0.12,2.18,0.6383673776332781,1490.0,3712604583.0,3712604583.0,15.38766667,,,,,,,-101.0,0.0,91.20724334,28.91,27.72,26.77,0.4945065430085609
2020-12-1,Maldives,0.03,0.31,0.7638965716468268,1490.0,3712604583.0,3712604583.0,15.39129032,,,,,,,-101.0,0.0,34.61368794,28.84,27.82,26.19,0.4638960224588269
2021-1-1,Maldives,0.25,0.73,1.8002630286497792,1603.0,5252457370.0,5252457370.0,15.36903226,,,,,,,-101.0,0.0,250.412415,28.81,27.65,25.93,0.4147514470262048
2021-2-1,Maldives,-0.05,1.28,1.2561828862601967,1603.0,5252457370.0,5252457370.0,15.37571429,,,,,,,-101.0,0.0,26.68046188,28.52,27.88,27.07,0.4392429793558182
2021-3-1,Maldives,-0.2,1.72,2.4196450022614653,1603.0,5252457370.0,5252457370.0,15.36096774,,,,,,,-101.0,0.0,32.84225875,29.54,28.11,26.79,0.4011016255588939
2021-4-1,Maldives,0.08,1.28,0.8417855242063671,1603.0,5252457370.0,5252457370.0,15.354,,,,,,,-101.0,0.0,5.806657778,29.53,28.74,27.88,0.4337055906359296
2021-5-1,Maldives,-0.54,0.24,0.8623319849940534,1603.0,5252457370.0,5252457370.0,15.35903226,,,,,,,-101.0,1320.0,293.6837083,29.92,29.08,27.97,0.4283725312123019
2021-6-1,Maldives,-2.17,2.4,0.5020530836826708,1603.0,5252457370.0,5252457370.0,15.369,,,,,,,-101.0,0.0,150.2179324,29.63,28.31,26.7,0.4201390701353965
2021-7-1,Maldives,2.8,2.78,1.07766148876158,1603.0,5252457370.0,5252457370.0,15.37580645,,,,,,,-101.0,0.0,33.15103975,29.05,28.14,26.85,0.3495976401139887
2021-8-1,Maldives,0.08,2.5,0.8653088210918879,1603.0,5252457370.0,5252457370.0,15.36064516,,,,,,,-101.0,0.0,47.34219683,29.08,28.05,26.77,0.4070293475978227
2021-9-1,Maldives,-0.3,1.7,0.5916940708720627,1603.0,5252457370.0,5252457370.0,15.37433333,,,,,,,-101.0,0.0,76.55635957,29.29,27.97,27.06,0.3723422166917507
2021-10-1,Maldives,0.08,2.31,0.531061829105436,1603.0,5252457370.0,5252457370.0,15.39193548,,,,,,,-101.0,0.0,99.59073344,29.12,28.1,26.83,0.4079134502923978
2021-11-1,Maldives,0.12,2.56,0.9398349141505686,1603.0,5252457370.0,5252457370.0,15.38933333,,,,,,,-101.0,0.0,119.5252553,28.85,27.96,26.56,0.445555526074925
2021-12-1,Maldives,-0.07,2.31,0.1887717915923015,1603.0,5252457370.0,5252457370.0,15.39258065,,,,,,,-101.0,0.0,8.825820085,28.72,27.76,26.28,0.4839379788050526
2022-1-1,Maldives,0.4,1.94,0.3185355033783374,1219.0,6177118114.0,6177118114.0,15.37645161,,,,,,,-104.0,0.0,28.55862337,28.79,27.83,26.79,0.4372296517462933
2022-2-1,Maldives,0.34,1.69,0.7053610182012635,1219.0,6177118114.0,6177118114.0,15.3775,,,,,,,-104.0,0.0,38.75137514,28.58,27.72,26.69,0.3856377548534446
2022-3-1,Maldives,0.29,2.84,0.494095061237391,1219.0,6177118114.0,6177118114.0,15.39,,,,,,,-104.0,0.0,6.546943467,29.15,28.3,27.17,0.3992842663975025
2022-4-1,Maldives,0.27,3.68,0.3378204429334025,1219.0,6177118114.0,6177118114.0,15.387,,,,,,,-104.0,0.0,11.86772596,29.9,28.94,27.82,0.340854763652246
2022-5-1,Maldives,0.67,4.7,0.8340165263818194,1219.0,6177118114.0,6177118114.0,15.3816129,,,,,,,-104.0,0.0,325.3927761,29.87,28.81,27.31,0.4079879581981033
2022-6-1,Maldives,0.45,5.23,0.6341635497832248,1219.0,6177118114.0,6177118114.0,15.39333333,,,,,,,-104.0,0.0,152.9019974,29.11,28.27,27.06,0.387182491713497
2022-7-1,Maldives,0.15,5.95,1.7070340482178323,1219.0,6177118114.0,6177118114.0,15.39741935,,,,,,,-104.0,0.0,48.14098211,29.53,28.1,26.75,0.323431598855589
2022-8-1,Maldives,0.22,6.14,1.066698330781918,1219.0,6177118114.0,6177118114.0,15.38225806,,,,,,,-104.0,0.0,51.90832716,28.71,27.76,26.21,0.3412150240072326
2022-9-1,Maldives,0.16,6.62,0.6132175115103082,1219.0,6177118114.0,6177118114.0,15.38466667,,,,,,,-104.0,0.0,47.28577648,28.44,27.48,26.06,0.3971054723104628
2022-10-1,Maldives,-0.07,5.93,0.9488890035841236,1219.0,6177118114.0,6177118114.0,15.39064516,,,,,,,-104.0,0.0,137.2184351,28.61,27.61,26.12,0.4514937606837606
2022-11-1,Maldives,0.02,5.76,0.7776870643008014,1219.0,6177118114.0,6177118114.0,15.387,,,,,,,-104.0,0.0,48.55597035,28.33,27.46,26.37,0.458335624345762
2022-12-1,Maldives,0.49,6.54,0.7710519143783718,1219.0,6177118114.0,6177118114.0,15.3916129,,,,,,,-104.0,0.0,40.51603669,28.89,27.38,25.88,0.4328277758226767
2023-1-1,Maldives,0.96,7.85,0.9736953776919158,1232.0,6590894302.0,6590894302.0,15.37612903,,,,,,,-97.0,0.0,81.99407359,28.67,27.37,25.54,0.4745605915233282
2023-2-1,Maldives,0.22,7.64,0.9579679724410748,1232.0,6590894302.0,6590894302.0,15.3825,,,,,,,-97.0,0.0,25.70934175,28.62,27.59,26.67,0.4373142725657337
2023-3-1,Maldives,0.38,8.0,1.8363821154933693,1232.0,6590894302.0,6590894302.0,15.38935484,,,,,,,-97.0,0.0,15.34604332,29.19,28.11,26.86,0.4167880853706028
2023-4-1,Maldives,0.21,6.34,0.3956582944410704,1232.0,6590894302.0,6590894302.0,15.38233333,,,,,,,-97.0,0.0,10.7929006,30.16,28.83,26.98,0.4039799572385424
2023-5-1,Maldives,-0.4,4.66,1.0107029162090084,1232.0,6590894302.0,6590894302.0,15.37806452,,,,,,,-97.0,0.0,224.2640581,29.91,28.86,27.58,0.4717639954153457
2023-6-1,Maldives,0.1,4.51,0.9828335786068376,1232.0,6590894302.0,6590894302.0,15.391,,,,,,,-97.0,0.0,344.6868554,29.96,28.7,27.5,0.4378883844194066
2023-7-1,Maldives,0.06,4.48,1.7080337388073976,1232.0,6590894302.0,6590894302.0,15.39806452,,,,,,,-97.0,0.0,66.97286834,29.86,28.38,27.57,0.4014685392568791
2023-8-1,Maldives,0.2,3.82,0.9647488778561356,1232.0,6590894302.0,6590894302.0,15.38709677,,,,,,,-97.0,0.0,33.8042717,29.37,28.44,26.64,0.4009836625151113
2023-9-1,Maldives,0.45,5.48,1.804511839017712,1232.0,6590894302.0,6590894302.0,15.39333333,,,,,,,-97.0,0.0,250.8530209,29.13,28.16,26.96,0.348873472606792
2023-10-1,Maldives,-0.08,5.49,1.277840301394983,1232.0,6590894302.0,6590894302.0,15.38645161,,,,,,,-97.0,0.0,272.0510017,29.07,27.84,26.29,0.4288496311010216
2023-11-1,Maldives,-0.48,5.22,1.0287635850222367,1232.0,6590894302.0,6590894302.0,15.38333333,,,,,,,-97.0,0.0,133.8442513,29.08,28.06,25.91,0.3555303239579053
2023-12-1,Maldives,0.39,6.2,2.420746585343916,1232.0,6590894302.0,6590894302.0,15.39387097,,,,,,,-97.0,455.0,54.24069218,29.4,28.3,26.66,0.4895045407631731
2024-1-1,Maldives,-0.17,4.69,1.4076878434357298,,6975146349.0,6975146349.0,15.38419355,,,,,,,-107.0,0.0,184.5814067,28.94,28.07,26.86,0.4780313629758607
2024-2-1,Maldives,0.45,5.61,2.277660174967906,,6975146349.0,6975146349.0,15.38551724,,,,,,,-107.0,0.0,20.02068378,29.45,28.58,27.61,0.3486946486361535
2024-3-1,Maldives,-0.89,5.88,0.9199973269657952,,6975146349.0,6975146349.0,15.38032258,,,,,,,-107.0,0.0,8.230611263,29.85,28.85,27.52,0.44216454221147
2024-4-1,Maldives,-0.76,6.72,1.3982186850392355,,6975146349.0,6975146349.0,15.39266667,,,,,,,-107.0,0.0,25.79973465,30.39,29.37,28.36,0.3913193616124532
2024-5-1,Maldives,1.51,6.33,1.3517938554512745,,6975146349.0,6975146349.0,15.39258065,,,,,,,-107.0,0.0,360.4291525,30.52,29.5,28.37,0.324779039298584
2024-6-1,Maldives,0.73,6.45,0.5215349875190091,,6975146349.0,6975146349.0,15.393,,,,,,,-107.0,0.0,228.9210444,29.93,29.09,28.14,0.425202310686267
2024-7-1,Maldives,0.1,6.46,0.601253353733244,,6975146349.0,6975146349.0,15.38451613,,,,,,,-107.0,0.0,21.93313032,30.45,29.18,27.9,0.312258541977321
2024-8-1,Maldives,0.19,7.36,1.3057040633576362,,6975146349.0,6975146349.0,15.38064516,,,,,,,-107.0,0.0,112.2613585,29.26,28.32,26.97,0.3729354317615121
2024-9-1,Maldives,0.16,5.25,0.7337536455139609,,6975146349.0,6975146349.0,15.383,,,,,,,-107.0,0.0,66.25773412,29.37,28.26,26.92,0.4121794968194689
2024-10-1,Maldives,-0.16,4.94,1.1316802311907703,,6975146349.0,6975146349.0,15.40064516,,,,,,,-107.0,0.0,141.0491335,29.38,28.41,27.05,0.4600601049683674
2024-11-1,Maldives,2.47,5.23,0.6357827730558359,,6975146349.0,6975146349.0,15.39133333,,,,,,,-107.0,0.0,116.0861186,29.34,28.26,26.53,0.2735049059481443
2024-12-1,Maldives,1.11,4.94,0.5064660258182567,,6975146349.0,6975146349.0,15.40193548,,,,,,,-107.0,0.0,18.63691259,29.39,28.37,26.89,0.4729262418892433
2025-1-1,Maldives,0.61,7.37,3.674486642687072,,,,15.41096774,,,,,,,,0.0,403.5654297,28.52,27.44,25.41,0.4129622845260045
2025-2-1,Maldives,0.27,6.3,2.0017923955406256,,,,15.40857143,,,,,,,,0.0,32.33406845,29.0,27.96,26.6,
2025-3-1,Maldives,-0.69,6.17,3.587328114671135,,,,15.41354839,,,,,,,,0.0,71.28673729,29.94,28.51,27.01,
2025-4-1,Maldives,-0.5,3.79,1.525022774592253,,,,15.41133333,,,,,,,,0.0,20.99012018,29.88,28.98,27.8,0.5295358129391811
2025-5-1,Maldives,0.2,4.86,0.7901708135162289,,,,15.41483871,,,,,,,,0.0,272.3453989,30.19,29.23,27.63,0.3880125505614533
2025-6-1,Maldives,0.24,4.62,0.7536719872248002,,,,15.41733333,,,,,,,,0.0,330.7546646,29.66,28.88,27.98,0.3925755457585064
2025-7-1,Maldives,0.02,4.23,1.2809918366834196,,,,15.41741935,,,,,,,,0.0,37.40396916,29.39,28.5,27.08,0.3342808184699048
2025-8-1,Maldives,0.36,4.58,0.9054508646592536,,,,15.41967742,,,,,,,,0.0,44.82569383,28.95,28.17,27.07,0.4465396558677905
2025-9-1,Maldives,-0.09,3.68,0.5605342619554933,,,,,,,,,,,,,74.23782134,29.04,28.04,27.21,0.4025671303414736
2025-10-1,Maldives,-0.17,,1.0586553761076158,,,,,,,,,,,,,194.8204732,29.03,28.16,27.15,0.2912900692145652
2025-11-1,Maldives,0.0,,0.4322224035522779,,,,,,,,,,,,,100.0505786,28.31,27.53,25.84,0.5008610096670247
2025-12-1,Maldives,0.16,,0.6668073901651206,,,,,,,,,,,,,21.54687646,28.49,27.45,26.15,
2026-1-1,Maldives,,,,,,,,,,,,,,,,33.22992301,,,,
2026-2-1,Maldives,,,,,,,,,,,,,,,,49.13249603,,,,
