Year-Month,Country,inflation-rate(heading),food_inflation,precipitation_Ratio,Population,fatalities,gdp,Exchange_rate,SPEI,c_cifvalue,c_fobvalue,w_cifvalue,w_fobvalue,s_cifvalue,s_fobvalue,Net Refugees,Disaster_Affected,Precipitation,max_temp,mean_temp,min_temp,NDVI_Ratio
2001/1/1,Tunisia,1.3,1.73,0.7061566735655836,9869677.0,50003.0,22065832448.8623,1.3753,-0.3051,,,,,,,-1651.0,0.0,25.95044806154143,14.224925428821225,10.393364736581702,5.467317691926041,0.1990802499264337
2001/2/1,Tunisia,1.1,1.48,0.525450805963809,9869677.0,50003.0,22065832448.8623,1.3893,-0.5264,,,,,,,-1651.0,0.0,12.93253746889624,14.172074367886523,10.962218099348604,5.092455459776375,0.1974121403649547
2001/3/1,Tunisia,1.0,1.35,0.6867720343145023,9869677.0,50003.0,22065832448.8623,1.4066,-2.0923,,,,,,,-1651.0,0.0,16.32836389742329,21.69950898283276,18.109704807458968,12.952724813645888,0.2012769268051226
2001/4/1,Tunisia,1.4,1.91,0.8287850691797681,9869677.0,50003.0,22065832448.8623,1.4287,-0.6473,,,,,,,-1651.0,0.0,13.764881628981618,21.12248217264812,17.418938463308734,11.754253005981468,0.1858425393654086
2001/5/1,Tunisia,1.6,2.08,1.4911799033898518,9869677.0,50003.0,22065832448.8623,1.4574,-0.0308,,,,,,,-1651.0,0.0,24.616721840925127,27.469594594483738,22.358448541935104,16.088638088267373,0.1561283516587731
2001/6/1,Tunisia,1.7,2.17,0.2101119565309005,9869677.0,50003.0,22065832448.8623,1.4943,-1.3913,,,,,,,-1651.0,0.0,2.309536930124395,31.456168704562742,26.478929036856584,21.053743574354428,0.1390811369371425
2001/7/1,Tunisia,2.1,2.74,0.5632850957530511,9869677.0,50003.0,22065832448.8623,1.485,-1.0089,,,,,,,-1651.0,0.0,1.3908037349930438,34.574462139991056,30.020474057494823,24.256604172081097,0.1366078772909894
2001/8/1,Tunisia,2.3,3.04,0.8389510676543159,9869677.0,50003.0,22065832448.8623,1.4392,-0.4455,,,,,,,-1651.0,0.0,2.56253624735993,32.94755308910084,28.651338230399688,24.372993067259472,0.1386276463174959
2001/9/1,Tunisia,2.4,3.09,1.0006200076178204,9869677.0,50003.0,22065832448.8623,1.4309,0.2046,,,,,,,-1651.0,0.0,24.206354016257144,32.80890435112849,26.13546976828973,19.4521443684896,0.1425925172905426
2001/10/1,Tunisia,2.6,3.3,0.4151474249746743,9869677.0,50003.0,22065832448.8623,1.4399,-1.9992,,,,,,,-1651.0,0.0,10.469292842142508,26.79072085554884,23.639388001107363,17.553975328835122,0.1482633707723753
2001/11/1,Tunisia,2.9,3.69,0.6111511281157269,9869677.0,50003.0,22065832448.8623,1.45881,-0.6061,,,,,,,-1651.0,0.0,17.839367923984558,19.41456966400148,15.834672853899631,9.289732424418162,0.1547400410252634
2001/12/1,Tunisia,3.0,3.9,0.8200901024196325,9869677.0,50003.0,22065832448.8623,1.45914,0.1657,,,,,,,-1651.0,0.0,20.402996770032143,14.134481397239142,9.97991968661188,4.4545970096383485,0.1674669975254333
2002/1/1,Tunisia,3.8,4.86,0.3544901177503083,9971515.0,50799.0,23141616604.5242,1.4702,-1.1477,,,,,,,-2872.0,0.0,9.616876892414082,12.642838086364122,8.910433313175247,4.0292706930509326,0.1715792835148755
2002/2/1,Tunisia,3.8,4.85,0.9309213511155374,9971515.0,50799.0,23141616604.5242,1.4855,-0.7072,,,,,,,-2872.0,0.0,13.131959837607775,14.30276437486924,11.922951182946008,6.84524775005525,0.1723931894038236
2002/3/1,Tunisia,,4.86,0.8246370478945139,9971515.0,50799.0,23141616604.5242,1.4898,-1.2677,,,,,,,-2872.0,,19.769236385052352,18.77496869897334,15.628246328782666,9.849098193260945,0.1704636488016987
2002/4/1,Tunisia,3.7,4.72,0.6658528116008477,9971515.0,50799.0,23141616604.5242,1.4838,-0.3821,,,,,,,-2872.0,0.0,13.16474240025957,21.710104306538938,18.05955160292359,11.93668036990698,0.167121543254788
2002/5/1,Tunisia,3.4,4.33,1.222927053107927,9971515.0,50799.0,23141616604.5242,1.4529,-0.234,,,,,,,-2872.0,0.0,17.04725563744682,28.2786861419678,22.137735686331386,16.651087225637127,0.151679087831005
2002/6/1,Tunisia,2.7,3.42,0.9258635317763398,9971515.0,50799.0,23141616604.5242,1.4137,-1.3669,,,,,,,-2872.0,0.0,5.565534086242785,30.96261524624299,26.62129878745497,21.908432303534653,0.1394918174721797
2002/7/1,Tunisia,2.1,2.64,1.4153449637098725,9971515.0,50799.0,23141616604.5242,1.3703,0.3523,,,,,,,-2872.0,0.0,5.02199765624911,36.05848475220387,29.34891732872541,23.656143627371875,0.1346234936853105
2002/8/1,Tunisia,1.9,2.38,1.8780951830274428,9971515.0,50799.0,23141616604.5242,1.3857,1.4225,,,,,,,-2872.0,0.0,8.346042855245091,34.49690052565711,28.89022896553047,22.79416667569069,0.1389106156209413
2002/9/1,Tunisia,2.0,2.62,0.7952159466638316,9971515.0,50799.0,23141616604.5242,1.3875,-0.1081,,,,,,,-2872.0,0.0,17.755825954576494,29.681419923570445,25.42202851331473,18.6467383914524,0.1442131967630335
2002/10/1,Tunisia,2.2,2.86,0.7723315475918453,9971515.0,50799.0,23141616604.5242,1.3875,-0.5764,,,,,,,-2872.0,0.0,16.516904912818855,23.288589075560253,20.713401173093416,15.120706956104584,0.1498436371778768
2002/11/1,Tunisia,1.9,2.47,1.423667234447792,9971515.0,50799.0,23141616604.5242,1.3742,0.8742,,,,,,,-2872.0,0.0,41.442168535340734,19.06199881235761,15.516109750225212,9.509492301940952,0.1633767916967572
2002/12/1,Tunisia,1.6,2.09,0.6945789582904855,9971515.0,50799.0,23141616604.5242,1.3597,-0.5508,,,,,,,-2872.0,0.0,25.287175816081323,14.98811593414638,11.347968829015144,6.259920579643676,0.1835953495184521
2003/1/1,Tunisia,1.3,1.72,1.484539959610235,10071632.0,51731.0,27453902261.4629,1.3279,1.1848,,,,,,,-2839.0,0.0,53.64380131039231,13.972297840733688,10.294501380940858,4.439338856358688,0.1974621035487631
2003/2/1,Tunisia,1.1,1.47,1.4974826399843968,10071632.0,51731.0,27453902261.4629,1.3171,0.9988,,,,,,,-2839.0,0.0,26.24583409211016,12.30918439683461,9.21371574258734,3.4219948042007218,0.2095174766804147
2003/3/1,Tunisia,1.4,1.84,0.953854965237406,10071632.0,51731.0,27453902261.4629,1.3174,-0.4344,,,,,,,-2839.0,0.0,18.971019548495946,15.800364369218071,12.683167978277766,7.308077112833699,0.2273541128459733
2003/4/1,Tunisia,1.5,1.96,1.3961816969406913,10071632.0,51731.0,27453902261.4629,1.3235,0.6712,,,,,,,-2839.0,0.0,29.723682804397825,22.47628150516089,17.804985693010565,11.729300710890072,0.2316690490441449
2003/5/1,Tunisia,2.0,2.58,0.9801757979464968,10071632.0,51731.0,27453902261.4629,1.2707,-0.7834,,,,,,,-2839.0,0.0,13.520245831325417,27.3211290174915,22.5123362817057,16.66598421322402,0.1817342832195146
2003/6/1,Tunisia,2.4,3.08,0.4136905967422393,10071632.0,51731.0,27453902261.4629,1.2626,-2.1218,,,,,,,-2839.0,0.0,4.422507162884262,31.55213307274716,27.161032896838663,22.063789431254065,0.1558140834738404
2003/7/1,Tunisia,2.7,3.45,0.2589694241858913,10071632.0,51731.0,27453902261.4629,1.2853,-1.478,,,,,,,-2839.0,0.0,1.1579400353651048,35.28906416944278,31.13067578086435,25.995525757984467,0.1476492622062591
2003/8/1,Tunisia,3.3,4.18,0.5916611261553872,10071632.0,51731.0,27453902261.4629,1.2986,-1.832,,,,,,,-2839.0,0.0,2.3902937246039904,33.765698635962735,29.90461871692316,24.863344385290706,0.1454203803281322
2003/9/1,Tunisia,3.9,5.02,1.423340708909734,10071632.0,51731.0,27453902261.4629,1.2952,0.7509,,,,,,,-2839.0,0.0,37.399918967130105,29.871285035875133,25.35811885177452,19.216098403930687,0.1641499093156781
2003/10/1,Tunisia,4.1,5.24,1.2224375646053658,10071632.0,51731.0,27453902261.4629,1.2666,-0.2432,,,,,,,-2839.0,0.0,31.68134139362676,27.32669293803553,23.384115980279542,16.88321280530704,0.1934055814522554
2003/11/1,Tunisia,4.3,5.48,0.8000240377626976,10071632.0,51731.0,27453902261.4629,1.2655,-0.4841,,,,,,,-2839.0,0.0,21.343818737459344,19.76154263814294,15.809131368632563,9.454731114705451,0.2006263174923548
2003/12/1,Tunisia,4.4,5.71,2.0614568234332853,10071632.0,51731.0,27453902261.4629,1.2311,1.659,,,,,,,-2839.0,0.0,58.98540730531938,14.251086602159774,9.658472016527242,4.670646203974286,0.2086340006269263
2004/1/1,Tunisia,4.7,6.09,0.7599697166700967,10166163.0,52714.0,31183885241.4396,1.2105,-0.119,,,,,,,-2766.0,0.0,21.91434406425964,13.099742836080624,9.486229343813534,4.782864055838672,0.2192938324462895
2004/2/1,Tunisia,4.3,5.47,0.8206963128351924,10166163.0,52714.0,31183885241.4396,1.2134,-1.3165,,,,,,,-2766.0,0.0,11.675504108728472,14.943842100823076,12.284440947018195,7.29983280664203,0.2334952185214426
2004/3/1,Tunisia,4.5,5.84,1.8652779463467728,10166163.0,52714.0,31183885241.4396,1.2455,0.9109,,,,,,,-2766.0,0.0,36.79158446700745,18.38608137561431,14.258546641097553,8.905938146447625,0.247095332831824
2004/4/1,Tunisia,4.8,6.19,0.966279082835954,10166163.0,52714.0,31183885241.4396,1.2671,-0.0027,,,,,,,-2766.0,0.0,18.12508706936288,21.78888522254101,17.600640105019068,11.105714649624304,0.23223457512187
2004/5/1,Tunisia,4.9,6.29,0.4657527154617341,10166163.0,52714.0,31183885241.4396,1.2715,0.3347,,,,,,,-2766.0,0.0,9.934048246776756,25.60175139724572,19.917509371093104,13.498493038710762,0.1870526172058256
2004/6/1,Tunisia,5.0,6.41,0.9337567114108066,10166163.0,52714.0,31183885241.4396,1.2631,0.2864,,,,,,,-2766.0,0.0,8.980878324069257,30.788703536987327,25.429450192914945,19.58278719584149,0.1657429462737383
2004/7/1,Tunisia,4.7,6.02,0.3584739155216325,10166163.0,52714.0,31183885241.4396,1.2552,-0.8653,,,,,,,-2766.0,0.0,1.481701726592335,32.39476848725354,28.15027234163574,23.43281242206536,0.1580498922772102
2004/8/1,Tunisia,3.7,4.77,1.0077954090820005,10166163.0,52714.0,31183885241.4396,1.262,-0.9501,,,,,,,-2766.0,0.0,6.052906595233254,33.622876083209974,29.545575805227827,24.521612852363205,0.1553484110609788
2004/9/1,Tunisia,2.6,3.3,0.5074202637393573,10166163.0,52714.0,31183885241.4396,1.265,-0.1742,,,,,,,-2766.0,0.0,14.965191392820724,28.265494410196936,24.604901397753963,18.222343911065025,0.1599946704339715
2004/10/1,Tunisia,2.0,2.57,0.590139639138137,10166163.0,52714.0,31183885241.4396,1.2538,-1.2767,,,,,,,-2766.0,0.0,14.883173977610046,25.8657860376502,23.29551268408187,17.949654905257717,0.1692639857113828
2004/11/1,Tunisia,1.5,1.98,1.22530546477418,10166163.0,52714.0,31183885241.4396,1.2276,0.8211,,,,,,,-2766.0,0.0,34.93098468615913,18.434882397121896,14.145487181301746,7.969477123684385,0.1822925384566989
2004/12/1,Tunisia,1.2,1.51,1.384266005688673,10166163.0,52714.0,31183885241.4396,1.2109,0.517,,,,,,,-2766.0,0.0,40.72475160691893,15.624710152738883,11.38478389347091,5.358339605023787,0.2002066453560635
2005/1/1,Tunisia,1.1,0.66,0.3760023724116125,10255472.0,53791.0,32272186694.8043,1.2291,-0.0476,,,,,,,-3368.0,0.0,16.29095773673944,12.203665567213534,8.166552847673984,2.940355965399021,0.2027134428829944
2005/2/1,Tunisia,0.33,2.3,0.8476376648684558,10255472.0,53791.0,32272186694.8043,1.2372,0.8279,,,,,,,-3368.0,0.0,21.776950176105103,12.290155120123018,8.855613138621663,2.507603036789704,0.2094447636386542
2005/3/1,Tunisia,0.29,3.11,0.7169906618325392,10255472.0,53791.0,32272186694.8043,1.2336,-0.4736,,,,,,,-3368.0,0.0,15.207288333427128,19.18532392850489,14.657923931771675,8.69106254577639,0.2152525214651899
2005/4/1,Tunisia,0.45,2.82,0.794766605393011,10255472.0,53791.0,32272186694.8043,1.2523,0.1398,,,,,,,-3368.0,0.0,18.846903460841943,22.13025940789117,17.670811966175393,12.18493605719675,0.2204700398539173
2005/5/1,Tunisia,-0.17,1.2,0.5893851794918027,10255472.0,53791.0,32272186694.8043,1.2696,-1.7709,,,,,,,-3368.0,0.0,7.472935356547837,28.028043611588032,23.098588330995256,17.70706169374529,0.1782915211481343
2005/6/1,Tunisia,0.45,0.67,1.6766606554363923,10255472.0,53791.0,32272186694.8043,1.3115,0.1511,,,,,,,-3368.0,0.0,8.438141155117421,30.60508325364856,26.23322544481784,21.13339000278052,0.1569920912982278
2005/7/1,Tunisia,0.28,0.93,1.176100405590499,10255472.0,53791.0,32272186694.8043,1.3308,-0.8416,,,,,,,-3368.0,0.0,1.9215886076161224,34.782533428233194,29.9599540584498,24.077373923024822,0.1480375541240383
2005/8/1,Tunisia,0.26,2.01,0.9280025404863056,10255472.0,53791.0,32272186694.8043,1.3144,0.2275,,,,,,,-3368.0,0.0,5.634011210039721,33.341801620811566,28.690628754026648,22.92657617138281,0.1512990239549822
2005/9/1,Tunisia,0.22,2.46,0.995001547892433,10255472.0,53791.0,32272186694.8043,1.3197,0.3625,,,,,,,-3368.0,0.0,15.46216049120488,30.27315593295629,25.442692420619096,19.20545031229659,0.1609913160749831
2005/10/1,Tunisia,0.57,3.22,0.6623781775593389,10255472.0,53791.0,32272186694.8043,1.3412,-1.0287,,,,,,,-3368.0,0.0,16.27079650171002,25.1992496039278,21.5291696956802,14.613805635513812,0.1632348076924769
2005/11/1,Tunisia,0.01,2.95,1.0160682214740653,10255472.0,53791.0,32272186694.8043,1.3708,-0.4519,,,,,,,-3368.0,0.0,24.83043042061684,19.3699588139852,15.66800396659562,9.211923874749118,0.1745473969990633
2005/12/1,Tunisia,0.68,4.46,1.6086370643289107,10255472.0,53791.0,32272186694.8043,1.359,1.3522,,,,,,,-3368.0,0.0,44.21389439203153,13.392803938670852,9.052633492900384,3.494917723953108,0.1891889049099994
2006/1/1,Tunisia,0.26,5.18,1.6794233117950996,10346410.0,54933.0,34376664600.5898,1.338,1.641,,,,,,,-3042.0,0.0,53.126978548858,11.7269557911863,7.7599560698785695,2.263036100326076,0.2018983390365717
2006/2/1,Tunisia,-0.19,3.87,1.3951812202632663,10346410.0,54933.0,34376664600.5898,1.3708,0.2697,,,,,,,-3042.0,0.0,21.54401793404419,12.898941975548157,9.81318150032422,4.3780330748785445,0.2241095491816393
2006/3/1,Tunisia,0.29,3.33,0.3482725219761783,10346410.0,54933.0,34376664600.5898,1.3565,-1.5512,,,,,,,-3042.0,0.0,10.071863891828484,18.331886156143696,15.056878824469266,9.455240175800952,0.2350872911912464
2006/4/1,Tunisia,0.73,3.57,0.9575080333517948,10346410.0,54933.0,34376664600.5898,1.3422,-1.7577,,,,,,,-3042.0,0.0,16.613457874290187,24.89383422003857,19.90624053334551,14.445665274726023,0.2206172036868876
2006/5/1,Tunisia,0.13,4.26,1.483597200199207,10346410.0,54933.0,34376664600.5898,1.3137,-0.5102,,,,,,,-3042.0,0.0,20.231044599360573,29.05677347080683,23.540500869044592,18.15572655380413,0.1780182947185662
2006/6/1,Tunisia,0.16,4.29,0.8330510386443508,10346410.0,54933.0,34376664600.5898,1.3288,-1.0031,,,,,,,-3042.0,0.0,5.9490046298922055,31.17715816497804,26.668351483109745,21.326726849873864,0.1559647967046757
2006/7/1,Tunisia,0.24,3.85,1.6283160599772084,10346410.0,54933.0,34376664600.5898,1.3267,-1.0558,,,,,,,-3042.0,0.0,3.567080374581468,33.36115565146173,28.96185275252219,24.30344395791332,0.1540566004045135
2006/8/1,Tunisia,-0.19,2.46,1.4507876562801396,10346410.0,54933.0,34376664600.5898,1.321,-0.4885,,,,,,,-3042.0,0.0,4.535368572246115,33.972978969286885,29.055322013738987,23.44024049902476,0.1503825107985422
2006/9/1,Tunisia,0.3,2.63,1.005335409980541,10346410.0,54933.0,34376664600.5898,1.3259,0.2991,,,,,,,-3042.0,0.0,19.717483110033257,28.63822960323762,24.767228183822,18.63000748952232,0.1574304816428007
2006/10/1,Tunisia,0.52,2.61,1.0955247252778677,10346410.0,54933.0,34376664600.5898,1.3351,-0.9172,,,,,,,-3042.0,0.0,24.04620112308837,24.286172875024988,21.55043759918624,16.50674999196042,0.1655408294157059
2006/11/1,Tunisia,0.14,2.55,0.9876095530285705,10346410.0,54933.0,34376664600.5898,1.3162,-0.541,,,,,,,-3042.0,0.0,24.06062990562207,18.76214940812855,15.277593437462258,9.737211799621605,0.1765006941199483
2006/12/1,Tunisia,0.21,1.33,1.6386342328547547,10346410.0,54933.0,34376664600.5898,1.2974,0.7682,,,,,,,-3042.0,0.0,46.55010273761614,15.35035087011198,11.289433049931688,5.667439663794767,0.1930009130970335
2007/1/1,Tunisia,-0.1,1.93,0.321240118121523,10441702.0,56174.0,38915353866.757,1.3127,-2.1497,,,,,,,-2677.0,0.0,10.377971915301856,14.630417062903009,11.106620729689723,6.413271040557561,0.209583816165139
2007/2/1,Tunisia,-0.42,1.57,1.6728283359396534,10441702.0,56174.0,38915353866.757,1.3125,-0.5448,,,,,,,-2677.0,0.0,25.149195828701263,15.119814922696094,12.55312930152212,6.944763188135084,0.2297799032545497
2007/3/1,Tunisia,0.33,1.74,1.7168590024385206,10441702.0,56174.0,38915353866.757,1.305,0.9887,,,,,,,-2677.0,0.0,42.7143281524582,16.213171382616963,13.272386387081042,7.146368732247311,0.238674822585591
2007/4/1,Tunisia,0.68,2.27,1.9145949481232207,10441702.0,56174.0,38915353866.757,1.2949,0.9729,,,,,,,-2677.0,0.0,34.721489268478685,23.62690783606638,17.37230684577213,10.679688326517748,0.2323382768563121
2007/5/1,Tunisia,0.77,3.43,0.7028243481613469,10441702.0,56174.0,38915353866.757,1.2975,-1.2368,,,,,,,-2677.0,0.0,10.470366508221057,26.53817372475902,22.03987241589965,16.096281818677028,0.1960625074595687
2007/6/1,Tunisia,0.74,4.64,1.1521625738193804,10441702.0,56174.0,38915353866.757,1.3043,-0.4375,,,,,,,-2677.0,0.0,9.978960336433044,32.811885028415304,27.575644257256613,21.123788240220847,0.1646686785820116
2007/7/1,Tunisia,-0.11,3.95,0.1958066629111425,10441702.0,56174.0,38915353866.757,1.3043,-1.0887,,,,,,,-2677.0,0.0,0.9364286582732176,32.00951168921688,27.952082860211533,23.618335403934623,0.1562275320071776
2007/8/1,Tunisia,0.36,6.1,0.4747805827606829,10441702.0,56174.0,38915353866.757,1.2814,-0.6926,,,,,,,-2677.0,0.0,3.3652137835305607,33.23950514024307,29.355518947268138,24.36908868358984,0.1550060649620421
2007/9/1,Tunisia,0.49,6.08,0.6302949751322826,10441702.0,56174.0,38915353866.757,1.2656,-0.487,,,,,,,-2677.0,0.0,18.11550006049637,30.342020098368323,25.997580705055327,19.68465790218778,0.1599928844267027
2007/10/1,Tunisia,0.31,4.99,0.929814502863907,10441702.0,56174.0,38915353866.757,1.2492,0.2975,,,,,,,-2677.0,0.0,26.324876612082388,23.91243389908988,20.828533108247427,14.891487683532093,0.1673327653500542
2007/11/1,Tunisia,0.43,6.35,0.6119111696890498,10441702.0,56174.0,38915353866.757,1.2214,-0.6614,,,,,,,-2677.0,0.0,16.621379150312958,18.300901243421777,14.348128735519252,8.320223617553722,0.1877959019462393
2007/12/1,Tunisia,0.36,6.89,1.172849951304078,10441702.0,56174.0,38915353866.757,1.2275,1.1055,,,,,,,-2677.0,0.0,35.90222649723116,14.429391623056064,10.200520795646696,4.793452547955269,0.1973812115120928
2008/1/1,Tunisia,0.38,6.72,0.8159994509779941,10542635.0,57437.0,44859439902.2191,1.2163,-0.4362,,,,,,,-2551.0,0.0,18.007380646506927,13.180391771049926,9.669839968675944,4.80217068990072,0.2104045157789083
2008/2/1,Tunisia,-0.21,7.75,0.389695190457514,10542635.0,57437.0,44859439902.2191,1.2164,-0.8958,,,,,,,-2551.0,0.0,7.843691724497551,13.704303031132156,10.966280479621616,5.625310910981284,0.2126722548109503
2008/3/1,Tunisia,0.4,7.42,0.8222606502947221,10542635.0,57437.0,44859439902.2191,1.1664,-0.4347,,,,,,,-2551.0,0.0,21.188435935931807,17.586288357806495,14.637071791803123,8.608736169466454,0.2149951666109113
2008/4/1,Tunisia,0.82,5.59,0.6046306297398504,10542635.0,57437.0,44859439902.2191,1.1576,-1.7015,,,,,,,-2551.0,0.0,12.03351626066104,22.92791595458988,19.04792609182629,12.940570576985692,0.1978241854337893
2008/5/1,Tunisia,0.06,4.22,0.8343218272832496,10542635.0,57437.0,44859439902.2191,1.1742,-0.4944,,,,,,,-2551.0,0.0,14.040291378680736,28.65461083689047,23.035363700128528,16.94203785721976,0.1621026127904706
2008/6/1,Tunisia,0.29,3.61,0.6104624631966292,10542635.0,57437.0,44859439902.2191,1.1774,-0.5021,,,,,,,-2551.0,0.0,4.405644148109506,31.33600366380483,25.36493722726408,20.01265296936037,0.1517380640997584
2008/7/1,Tunisia,0.5,4.85,0.2701784664156654,10542635.0,57437.0,44859439902.2191,1.1647,-0.8578,,,,,,,-2551.0,0.0,1.466499551300097,34.63134764394454,29.95904665700528,24.373508892264454,0.144527399130838
2008/8/1,Tunisia,0.16,4.5,0.6667071210627624,10542635.0,57437.0,44859439902.2191,1.2112,-0.8151,,,,,,,-2551.0,0.0,4.073848258934061,33.226386068200554,28.99836331017798,24.50822148066697,0.1442526343918281
2008/9/1,Tunisia,0.66,5.3,1.5023092881987936,10542635.0,57437.0,44859439902.2191,1.2492,0.5505,,,,,,,-2551.0,0.0,32.341405179821336,30.14767364925808,26.33379000512753,19.979851383633104,0.1553993342978084
2008/10/1,Tunisia,0.66,6.17,0.936806867862299,10542635.0,57437.0,44859439902.2191,1.3228,-0.1079,,,,,,,-2551.0,0.0,20.112109090057512,24.7673762823946,20.91822051953204,13.938513610183575,0.1805952613833961
2008/11/1,Tunisia,0.27,5.27,0.9628572367234136,10542635.0,57437.0,44859439902.2191,1.3871,-0.1032,,,,,,,-2551.0,0.0,22.460044547063696,18.45905668470596,14.475577608490482,7.507553863525402,0.1863108218310415
2008/12/1,Tunisia,0.33,4.99,0.6393719691974696,10542635.0,57437.0,44859439902.2191,1.3424,0.275,,,,,,,-2551.0,0.0,18.340047953793807,13.758518063124823,9.450592782215551,3.8423580538841975,0.1878365430433621
2009/1/1,Tunisia,-0.19,3.93,2.8240541471483245,10650681.0,58820.0,43455740497.3061,1.3729,1.1571,,,,,,,-2607.0,0.0,77.7239682001883,13.823133538359002,10.139496497302956,4.465370391517581,0.2028222977927632
2009/2/1,Tunisia,-0.23,4.64,0.7012863799958695,10650681.0,58820.0,43455740497.3061,1.4363,-0.1292,,,,,,,-2607.0,0.0,18.52370649639297,13.633550307864256,10.137144163483867,4.191966765267523,0.2110781873974507
2009/3/1,Tunisia,0.54,5.07,1.233030031824728,10650681.0,58820.0,43455740497.3061,1.4223,0.1921,,,,,,,-2607.0,0.0,24.53628754621312,16.7869238166399,13.75671561211675,7.690805915094188,0.2303087513134014
2009/4/1,Tunisia,0.63,6.25,1.433401143406734,10650681.0,58820.0,43455740497.3061,1.4049,0.7665,,,,,,,-2607.0,0.0,38.62565089474337,20.25684023963084,16.256460887474873,9.604341867235007,0.239214731563707
2009/5/1,Tunisia,0.27,6.97,0.9811999259745464,10650681.0,58820.0,43455740497.3061,1.3732,-0.5373,,,,,,,-2607.0,0.0,13.511838625627174,25.63704622740392,21.3820938874448,15.703468228411964,0.1998839355349201
2009/6/1,Tunisia,0.22,6.85,0.9775677504272198,10650681.0,58820.0,43455740497.3061,1.3513,-1.2113,,,,,,,-2607.0,0.0,2.998274316986276,32.017018254597986,26.81433067628211,20.96359214782717,0.1644110222152339
2009/7/1,Tunisia,0.55,7.42,0.8199721076397891,10650681.0,58820.0,43455740497.3061,1.3354,-1.5647,,,,,,,-2607.0,0.0,2.227084332471706,34.28984058339108,29.89693758034008,24.972948677309148,0.1539184400144692
2009/8/1,Tunisia,0.04,6.81,1.2582999535220794,10650681.0,58820.0,43455740497.3061,1.3226,-0.8882,,,,,,,-2607.0,0.0,6.357508763643105,33.615278108658345,29.61000292787827,24.18238002818123,0.1560123074844808
2009/9/1,Tunisia,0.21,5.55,2.098195258167657,10650681.0,58820.0,43455740497.3061,1.3026,1.5509,,,,,,,-2607.0,0.0,39.14730129139475,29.073989295959507,24.58100815931488,18.079832394917844,0.1737557894469343
2009/10/1,Tunisia,0.58,5.42,0.5546439728134486,10650681.0,58820.0,43455740497.3061,1.2902,-0.2826,,,,,,,-2607.0,0.0,15.866843631554172,22.46802771783649,19.567358572083947,13.285877810242368,0.1902761326979713
2009/11/1,Tunisia,0.41,5.86,0.5253876357713785,10650681.0,58820.0,43455740497.3061,1.2863,-1.419,,,,,,,-2607.0,0.0,14.781839404503582,18.72460704379614,15.0048457669526,10.02825016445587,0.1928307679387265
2009/12/1,Tunisia,0.2,5.72,0.6432608199338997,10650681.0,58820.0,43455740497.3061,1.3053,-1.3168,,,,,,,-2607.0,0.0,20.465658901121667,16.70510071375037,12.91388336305721,7.874137907130773,0.1941590372198888
2010/1/1,Tunisia,0.12,6.19,0.8203296574382865,10765980.0,60333.0,46206091937.9628,1.3255,-0.4591,,,,,,,-2586.0,0.0,24.46236771467195,14.654088715584066,11.302514458721989,5.572432864609596,0.1988267157257403
2010/2/1,Tunisia,0.22,5.77,0.8237727062881202,10765980.0,60333.0,46206091937.9628,1.3809,-1.0529,,,,,,,-2586.0,0.0,15.377280223760517,17.50085290727162,13.79071387796023,7.20742494038177,0.1990873427212808
2010/3/1,Tunisia,-0.06,4.64,0.9257956011183546,10765980.0,60333.0,46206091937.9628,1.3919,-0.6523,,,,,,,-2586.0,0.0,23.70968216493932,20.33295181028308,16.084510671386,10.169640108334136,0.2045319487046085
2010/4/1,Tunisia,0.27,3.77,1.3105727728995382,10765980.0,60333.0,46206091937.9628,1.4119,0.193,,,,,,,-2586.0,0.0,25.29447828166997,24.62701801723904,18.85415426002828,13.289458338419593,0.1968271748177217
2010/5/1,Tunisia,0.38,4.08,0.8862326155147062,10765980.0,60333.0,46206091937.9628,1.4868,-0.0897,,,,,,,-2586.0,0.0,14.20330944119562,26.9022868863998,21.52200783744553,14.686125302058429,0.1701919453748753
2010/6/1,Tunisia,0.41,4.6,1.27870761852694,10765980.0,60333.0,46206091937.9628,1.5162,-0.1337,,,,,,,-2586.0,0.0,6.7818133007727655,33.132426791720945,26.441729336696767,19.74660322401263,0.1542894062656144
2010/7/1,Tunisia,0.34,4.27,0.3839511783043976,10765980.0,60333.0,46206091937.9628,1.4781,-1.032,,,,,,,-2586.0,0.0,2.3347453427558897,33.95653559366866,29.35447561736044,23.983803213796307,0.1468939182227722
2010/8/1,Tunisia,0.18,4.21,0.2713992215093763,10765980.0,60333.0,46206091937.9628,1.4676,-0.8129,,,,,,,-2586.0,0.0,2.276190424833731,33.60112000332089,29.171448431496174,23.805113933932432,0.1470024042855827
2010/9/1,Tunisia,0.16,4.31,0.8979811246889884,10765980.0,60333.0,46206091937.9628,1.4605,0.3461,,,,,,,-2586.0,0.0,22.932398132474468,29.108595508999315,25.035257060402785,19.083264562818783,0.1540911899319281
2010/10/1,Tunisia,0.33,3.74,1.4022293116789222,10765980.0,60333.0,46206091937.9628,1.3971,0.4999,,,,,,,-2586.0,0.0,32.453770070781104,23.367545618036782,20.25004801960921,14.012512645926565,0.1690834272793874
2010/11/1,Tunisia,0.66,4.95,1.4849320199778506,10765980.0,60333.0,46206091937.9628,1.4125,0.2774,,,,,,,-2586.0,0.0,39.35961873364128,18.97356743282745,14.860911744065788,8.950135358174691,0.189099090801669
2010/12/1,Tunisia,0.26,3.82,0.7066610530363886,10765980.0,60333.0,46206091937.9628,1.4478,-1.1786,,,,,,,-2586.0,0.0,18.851585891177105,15.498427594092618,11.683729941769627,6.621981126518676,0.2054785921304152
2011/1/1,Tunisia,0.04,3.98,0.4967545160723361,10886035.0,62263.0,48123325825.0739,1.4382,-0.6597,,,,,,,1101.0,0.0,16.458250261581053,13.812512313678724,10.408709307448987,5.266771386259393,0.216893840594357
2011/2/1,Tunisia,-0.29,2.67,1.6675999419140126,10886035.0,62263.0,48123325825.0739,1.4163,0.4893,,,,,,,1101.0,0.0,29.99165513587184,13.335730034964456,10.224037748150463,4.3905134473528165,0.2276071627445582
2011/3/1,Tunisia,0.13,3.58,1.2694049931557667,10886035.0,62263.0,48123325825.0739,1.3955,0.2843,,,,,,,1101.0,0.0,25.47697074497893,18.02321311786613,13.399382097735952,6.848193166589226,0.2349151636168379
2011/4/1,Tunisia,0.33,4.0,0.9534705954088576,10886035.0,62263.0,48123325825.0739,1.3697,-0.4719,,,,,,,1101.0,0.0,19.52347564788018,22.721978420681467,18.49084991855296,12.894751315646715,0.2167076990259891
2011/5/1,Tunisia,0.41,4.15,1.2289356593166587,10886035.0,62263.0,48123325825.0739,1.3772,0.2308,,,,,,,1101.0,0.0,21.986372418203267,25.81575107369372,20.932268259133537,14.86490209435908,0.1807388553497378
2011/6/1,Tunisia,0.39,4.33,1.023980510807991,10886035.0,62263.0,48123325825.0739,1.3718,0.1271,,,,,,,1101.0,0.0,6.579848084089006,30.356914371914343,25.004503093152096,19.468776893615768,0.1664793524819137
2011/7/1,Tunisia,0.38,4.54,0.4139010726711041,10886035.0,62263.0,48123325825.0739,1.3798,-0.4381,,,,,,,1101.0,0.0,2.2029528804936285,34.446886788645145,29.457589543043014,24.07356427100399,0.1538865521122373
2011/8/1,Tunisia,0.41,5.18,0.4658461334121443,10886035.0,62263.0,48123325825.0739,1.3742,-1.0536,,,,,,,1101.0,0.0,2.4336474874945724,32.77511316525039,28.50469806583976,24.2446874680058,0.1530647057874087
2011/9/1,Tunisia,0.54,5.59,0.3067157777337366,10886035.0,62263.0,48123325825.0739,1.416,-1.3442,,,,,,,1101.0,0.0,9.354217994770814,30.390122964647105,26.64613698070412,21.119802326626257,0.1566243272011269
2011/10/1,Tunisia,0.88,7.27,1.634610280121152,10886035.0,62263.0,48123325825.0739,1.4239,1.1558,,,,,,,1101.0,0.0,36.3653649487829,21.77226186362645,19.22792203394817,13.329343516852305,0.16878217014506
2011/11/1,Tunisia,0.12,4.93,0.843859219898969,10886035.0,62263.0,48123325825.0739,1.4493,-0.4298,,,,,,,1101.0,0.0,28.14280731969503,19.25752830505371,15.520283857163406,9.218956798977333,0.1876225253677449
2011/12/1,Tunisia,-0.06,4.72,0.7030289082099915,10886035.0,62263.0,48123325825.0739,1.4815,-0.3372,,,,,,,1101.0,0.0,26.667584539483823,15.080936706707064,10.936675008407349,5.387401445450337,0.2140499012270022
2012/1/1,Tunisia,0.62,6.37,1.0587317640488,11009647.0,63759.0,47311401812.6733,1.5131,-0.3116,,,,,,,-2429.0,0.0,29.654321923610027,12.76142918986659,9.247149089466802,3.8911466167819526,0.2172363397417411
2012/2/1,Tunisia,0.58,9.5,0.95950498200141,11009647.0,63759.0,47311401812.6733,1.502,0.9879,,,,,,,-2429.0,0.0,23.97136524927098,11.14926427205404,7.652119926141438,1.4595838437135171,0.2203821950406399
2012/3/1,Tunisia,-0.08,8.41,2.2913512824309312,11009647.0,63759.0,47311401812.6733,1.5099,0.3242,,,,,,,-2429.0,0.0,44.38876155567287,16.74342248567973,13.007189072340566,7.751434498448532,0.2349532404521098
2012/4/1,Tunisia,0.48,8.81,1.0098817875944694,11009647.0,63759.0,47311401812.6733,1.5257,-0.631,,,,,,,-2429.0,0.0,21.485200163524475,23.62801829444038,18.47636894483719,12.255427148607057,0.2349155615117589
2012/5/1,Tunisia,0.12,6.98,0.5819891160910063,11009647.0,63759.0,47311401812.6733,1.5767,-1.5286,,,,,,,-2429.0,0.0,8.925501804241613,27.67177566200177,21.987267569282267,16.542241996847224,0.1883131679298972
2012/6/1,Tunisia,0.18,5.77,0.6655497430738714,11009647.0,63759.0,47311401812.6733,1.5989,-1.7569,,,,,,,-2429.0,0.0,3.437624853258689,33.07984881930884,28.247841130410904,23.09060185750326,0.1616516667992597
2012/7/1,Tunisia,0.55,6.06,0.4287692097978773,11009647.0,63759.0,47311401812.6733,1.619,-1.4719,,,,,,,-2429.0,0.0,2.10849411865226,35.086043519871225,30.47599992550448,24.94474647686048,0.155242147339859
2012/8/1,Tunisia,0.8,6.15,0.4409526122996676,11009647.0,63759.0,47311401812.6733,1.6105,-1.2132,,,,,,,-2429.0,0.0,3.860538426362929,34.354128917571074,30.263459869545613,26.019517127416464,0.1568449232064823
2012/9/1,Tunisia,0.63,6.54,0.6688259241298036,11009647.0,63759.0,47311401812.6733,1.5769,-0.4948,,,,,,,-2429.0,0.0,18.494366831186184,29.81152265336783,26.338108932836064,19.593732939826168,0.1687145561461144
2012/10/1,Tunisia,0.33,5.11,1.1109634705315552,11009647.0,63759.0,47311401812.6733,1.5668,-0.8368,,,,,,,-2429.0,0.0,29.267738578830823,25.933269796063826,22.877339022252613,16.55924110822781,0.1782025702202385
2012/11/1,Tunisia,0.41,6.22,0.7039687441142318,11009647.0,63759.0,47311401812.6733,1.5832,-1.719,,,,,,,-2429.0,0.0,19.63829726786664,20.83989838494199,17.71074148934497,11.315416505601718,0.1923903392644739
2012/12/1,Tunisia,0.62,8.41,0.3494940921867768,11009647.0,63759.0,47311401812.6733,1.56,-1.3859,,,,,,,-2429.0,0.0,11.44565181290952,15.131509173813695,10.911192256988045,5.917741742698127,0.1945520099354812
2013/1/1,Tunisia,0.63,8.2,0.7628505290300589,11141361.0,65406.0,48685446413.953,1.5568,-0.8209,,,,,,,-2066.0,0.0,24.970998167146,14.025086482878692,10.477604430907776,5.098494055963329,0.2031250283063191
2013/2/1,Tunisia,0.12,6.21,0.7118499991702163,11141361.0,65406.0,48685446413.953,1.5569,0.0467,,,,,,,-2066.0,0.0,17.73705653502991,13.454550475166002,10.22647214717557,4.273217932383261,0.2019991362129353
2013/3/1,Tunisia,0.58,7.47,0.9442368457930452,11141361.0,65406.0,48685446413.953,1.5827,-0.6615,,,,,,,-2066.0,0.0,23.686187463813177,19.941305742981623,16.385307247720903,10.263513614285388,0.2080004956798465
2013/4/1,Tunisia,0.44,7.31,1.080839174903358,11141361.0,65406.0,48685446413.953,1.6014,-0.428,,,,,,,-2066.0,0.0,20.3736610572226,24.400904782613168,19.37198578506832,13.690924856397883,0.1924328427913749
2013/5/1,Tunisia,0.25,7.56,0.809632000397516,11141361.0,65406.0,48685446413.953,1.6405,-0.9354,,,,,,,-2066.0,0.0,8.906127992015465,29.282334920411472,22.50189482260987,15.633067867320108,0.165178534532196
2013/6/1,Tunisia,0.51,8.56,0.4940284385996376,11141361.0,65406.0,48685446413.953,1.6315,-0.3797,,,,,,,-2066.0,0.0,2.722882259211402,31.301370366414403,25.00595290698351,19.281939485338,0.1487242603880829
2013/7/1,Tunisia,0.31,7.46,0.9819128474650214,11141361.0,65406.0,48685446413.953,1.6604,-0.6543,,,,,,,-2066.0,0.0,3.9633086760664673,33.33241910626816,28.79924443121581,24.01659301839851,0.1470844300934144
2013/8/1,Tunisia,0.13,6.34,1.9382319697119368,11141361.0,65406.0,48685446413.953,1.6467,0.3416,,,,,,,-2066.0,0.0,9.301341837823868,32.15564843454672,28.24801506263634,22.79838406962733,0.1510324200980207
2013/9/1,Tunisia,0.16,5.69,1.4166190838086283,11141361.0,65406.0,48685446413.953,1.6507,0.0134,,,,,,,-2066.0,0.0,31.282385581214992,29.982389556037106,25.88647291423075,19.374579768710703,0.1670889430273294
2013/10/1,Tunisia,0.63,6.77,0.7153285489233985,11141361.0,65406.0,48685446413.953,1.6394,-1.2226,,,,,,,-2066.0,0.0,20.39882991191473,26.69301364037301,23.702353795533043,17.63469815818212,0.1757302535943002
2013/11/1,Tunisia,0.59,7.11,1.14183669931134,11141361.0,65406.0,48685446413.953,1.6684,0.6681,,,,,,,-2066.0,0.0,32.01372554812588,18.84724775950116,14.750808505362215,8.49282881418867,0.1788613549610818
2013/12/1,Tunisia,0.76,7.69,1.2571097046021955,11141361.0,65406.0,48685446413.953,1.6605,0.0888,,,,,,,-2066.0,0.0,34.69074101743837,14.268553752283935,10.442865494371516,5.157383137364548,0.1941592088411477
2014/1/1,Tunisia,0.24,5.54,0.7641688714517241,11274288.0,66864.0,50271812920.612,1.6391,-0.7616,7425905.087,0.0,63559971.099,0.0,20086093.86,0.0,-2140.0,0.0,24.702567301866363,14.41415680916083,10.996999842168862,5.482090906943085,0.2044164363447729
2014/2/1,Tunisia,-0.21,4.64,1.426253233294858,11274288.0,66864.0,50271812920.612,1.5909,-0.9371,8325322.544,0.0,83350382.525,0.0,35627064.622,0.0,-2140.0,0.0,21.446026436373984,15.02179861522859,12.509252831713184,6.678568867274692,0.2371756885310475
2014/3/1,Tunisia,-0.03,3.29,1.4841260196238737,11274288.0,66864.0,50271812920.612,1.5778,1.1028,42751394.842,0.0,35268082.978,0.0,,,-2140.0,0.0,37.36782600442422,16.25393263293853,13.257557369398173,6.611556645875339,0.2524735976466266
2014/4/1,Tunisia,0.57,3.51,0.6187486852218415,11274288.0,66864.0,50271812920.612,1.5884,-1.9505,12462922.65,0.0,38538983.562,0.0,,,-2140.0,0.0,12.902339400590314,22.84978404574929,18.75494479127229,12.764695612589549,0.2336591705118316
2014/5/1,Tunisia,0.71,5.11,0.9771128936023812,11274288.0,66864.0,50271812920.612,1.6201,-0.7886,24850449.089,424127.515,65626530.973,0.0,,,-2140.0,0.0,14.180425348691468,28.25166471337764,22.011834127436543,15.813763062671969,0.1801561559166113
2014/6/1,Tunisia,0.45,5.24,1.0419528382156285,11274288.0,66864.0,50271812920.612,1.6594,-0.5676,25840563.755,0.0,78002897.46,0.0,,,-2140.0,0.0,6.243320460758721,31.91967080434165,26.35668064574264,20.7670259475708,0.1579451738363518
2014/7/1,Tunisia,0.93,6.04,1.507679784028011,11274288.0,66864.0,50271812920.612,1.7083,-0.0899,13685197.392,0.0,30553629.387,0.0,95014521.148,0.0,-2140.0,0.0,2.4742531306974542,35.33182706935435,29.085283584979265,23.188579526511603,0.1514725638516252
2014/8/1,Tunisia,0.15,6.21,0.2326601038647208,11274288.0,66864.0,50271812920.612,1.7252,-1.2787,6156894.43,2242774.861,12810792.47,0.0,18058540.255,0.0,-2140.0,0.0,1.8571942658030176,34.7878968720795,29.74981577798144,24.63998965601769,0.1514266161499656
2014/9/1,Tunisia,0.23,6.01,0.46863981251095,11274288.0,66864.0,50271812920.612,1.7713,-1.4282,38465243.707,936894.643,16122775.11,0.0,47031479.328,0.0,-2140.0,0.0,12.6317217114577,31.92705599466961,28.121291931797032,22.08552224900989,0.1494144349040717
2014/10/1,Tunisia,0.58,5.57,0.9268159397301756,11274288.0,66864.0,50271812920.612,1.8016,-0.7572,13609742.008,0.0,41620569.252,0.0,,,-2140.0,0.0,24.3973680479936,25.322118582776795,22.20403270292548,16.42180671281716,0.1635580939695273
2014/11/1,Tunisia,0.33,4.99,0.9207396213776818,11274288.0,66864.0,50271812920.612,1.8338,-0.9265,21605785.54,0.0,15213289.43,0.0,13835467.874,0.0,-2140.0,0.0,24.52763236110007,20.464662636650928,17.048381232978613,11.31796124776207,0.1746853586522875
2014/12/1,Tunisia,0.41,3.32,0.8194278724887776,11274288.0,66864.0,50271812920.612,1.8562,0.0364,18024898.191,0.0,55526830.358,0.0,14102105.472,0.0,-2140.0,0.0,27.065412717171743,15.00138246679819,10.781539079411177,5.327470336421868,0.1909014759062546
2015/1/1,Tunisia,0.73,5.89,0.7597837764912235,11402264.0,68365.0,45779494041.9295,1.9108,-0.4875,,,,,,,-3144.0,0.0,25.62568475383004,12.90451764342606,9.2150046994945,4.50767624557659,0.1942678208390585
2015/2/1,Tunisia,0.07,6.57,1.8300515448708703,11402264.0,68365.0,45779494041.9295,1.9302,1.4541,,,,,,,-3144.0,0.0,31.382115953870382,12.78412808009557,9.789629588241326,3.6530623481387465,0.2074237857237785
2015/3/1,Tunisia,-0.05,6.89,1.3627168416895254,11402264.0,68365.0,45779494041.9295,1.9602,0.3033,,,,,,,-3144.0,0.0,29.380767119061822,16.17169352295582,13.33693425228796,7.595534773795862,0.2266447627318399
2015/4/1,Tunisia,0.55,6.22,0.3319388107395418,11402264.0,68365.0,45779494041.9295,1.9546,-1.9242,,,,,,,-3144.0,0.0,6.2713749820936,24.31040999094648,18.43520838961274,13.313868649800668,0.2181170509170045
2015/5/1,Tunisia,0.29,5.48,0.4200627312630876,11402264.0,68365.0,45779494041.9295,1.9333,-1.9602,,,,,,,-3144.0,0.0,7.763082726561794,27.89846521603164,23.497887198707588,17.654455849432225,0.1722897466956836
2015/6/1,Tunisia,0.17,4.28,0.8679325354613764,11402264.0,68365.0,45779494041.9295,1.9397,-0.9233,,,,,,,-3144.0,0.0,4.515509468652356,31.340619468689,26.141175936461536,20.9569226370918,0.1550513866056213
2015/7/1,Tunisia,0.21,3.21,0.1567440226775259,11402264.0,68365.0,45779494041.9295,1.9668,-1.4647,,,,,,,-3144.0,0.0,0.6978137762782569,33.291015571676326,29.128355484137387,25.00997558511716,0.1515352103396386
2015/8/1,Tunisia,0.16,2.97,10.098668052365383,11402264.0,68365.0,45779494041.9295,1.9543,0.4058,,,,,,,-3144.0,0.0,13.510429297588637,33.783586284678506,29.55446417887987,23.959225775605887,0.1550951762987531
2015/9/1,Tunisia,0.37,3.5,1.62238733468337,11402264.0,68365.0,45779494041.9295,1.9591,0.6404,,,,,,,-3144.0,0.0,26.621438879059912,30.50650325351296,26.538790098076102,20.38061620924208,0.1611610488498372
2015/10/1,Tunisia,0.9,3.09,1.0053947859391192,11402264.0,68365.0,45779494041.9295,1.9685,-0.1414,,,,,,,-3144.0,0.0,24.337434874647744,24.755893428351328,22.18063340339006,15.702101110642957,0.1707270680758844
2015/11/1,Tunisia,0.11,3.17,0.8787457804775913,11402264.0,68365.0,45779494041.9295,2.0335,0.0699,,,,,,,-3144.0,0.0,24.774353677420205,18.59781742095948,15.36484501704564,9.60598799387617,0.1809211819970262
2015/12/1,Tunisia,0.23,3.2,0.3056511261753812,11402264.0,68365.0,45779494041.9295,2.0285,-1.4121,,,,,,,-3144.0,0.0,8.81094225841984,15.187500315840566,11.150579117718053,6.1423631770636575,0.1937330894758495
2016/1/1,Tunisia,0.3,1.41,0.4474935486023904,11528674.0,69647.0,44360072680.4476,2.0445,-1.4031,,,,,,,-3073.0,0.0,14.201111900699726,14.734250148650176,11.403104297381958,6.629188299691805,0.2051545322701146
2016/2/1,Tunisia,-0.2,1.06,0.9482613271831686,11528674.0,69647.0,44360072680.4476,2.0229,-1.3219,,,,,,,-3073.0,0.0,14.305720688990233,15.929255224644464,13.18693175769306,7.679272061928941,0.210443230307364
2016/3/1,Tunisia,-0.01,1.22,0.608240815077984,11528674.0,69647.0,44360072680.4476,2.0286,-0.6955,,,,,,,-3073.0,0.0,18.45876934640079,17.46967767694946,14.606744120324263,8.417526089247872,0.2065746592234628
2016/4/1,Tunisia,0.58,1.59,1.0352137208416743,11528674.0,69647.0,44360072680.4476,2.0104,-1.6052,,,,,,,-3073.0,0.0,20.77403762147034,26.51951772901748,20.31744161648436,14.746975411309164,0.1874703955416488
2016/5/1,Tunisia,0.57,2.96,1.3537904026281036,11528674.0,69647.0,44360072680.4476,2.0502,-0.0199,,,,,,,-3073.0,0.0,17.477614631026217,29.27340910306544,23.143822330131343,16.735349417245516,0.1621191371751246
2016/6/1,Tunisia,0.35,3.6,1.2279527095636285,11528674.0,69647.0,44360072680.4476,2.1613,-0.8368,,,,,,,-3073.0,0.0,6.175525883097405,32.98523502349855,27.11457484337097,20.61592350006105,0.1453311148568842
2016/7/1,Tunisia,0.18,3.92,0.0372834225334753,11528674.0,69647.0,44360072680.4476,2.2191,-1.2505,,,,,,,-3073.0,0.0,0.2162427286824402,33.54163347059682,28.88481624414294,23.951784470260804,0.1426381438227598
2016/8/1,Tunisia,0.18,3.76,0.1542962871788795,11528674.0,69647.0,44360072680.4476,2.2024,-0.9873,,,,,,,-3073.0,0.0,1.374074384172986,32.44835807226042,28.16790509145818,23.20806594356418,0.144779163237419
2016/9/1,Tunisia,0.83,3.44,1.3224084404100778,11528674.0,69647.0,44360072680.4476,2.204,0.5783,,,,,,,-3073.0,0.0,28.579859145715737,30.26945336659753,25.702773531354183,19.23859670427112,0.1527335599714022
2016/10/1,Tunisia,0.77,3.04,0.5316137337301338,11528674.0,69647.0,44360072680.4476,2.2379,-1.4919,,,,,,,-3073.0,0.0,14.418365627493388,27.144046155868068,23.334700207107176,16.945919475760547,0.1691537573966713
2016/11/1,Tunisia,0.21,2.95,0.961734796467114,11528674.0,69647.0,44360072680.4476,2.274,-0.672,,,,,,,-3073.0,0.0,27.91493942059872,20.00496993594703,16.279039206435527,10.017084736294237,0.1880894787044898
2016/12/1,Tunisia,0.37,3.64,1.6584968914485947,11528674.0,69647.0,44360072680.4476,2.3211,0.3927,,,,,,,-3073.0,0.0,44.15602562986618,15.918201844410248,11.884615104645718,6.810265436480165,0.2135894973203267
2017/1/1,Tunisia,0.73,4.91,0.4613627686389344,11650498.0,70700.0,42163530590.9462,2.3219,-0.2142,,,,,,,-3394.0,0.0,18.97167084457271,12.22264054821386,8.056014185841661,2.534788775700406,0.2239460746880258
2017/2/1,Tunisia,-0.21,5.26,1.2342708970414984,11650498.0,70700.0,42163530590.9462,2.2902,-0.8256,,,,,,,-3394.0,0.0,19.288528730959595,16.010524004981676,12.968927117530882,7.135303115844749,0.234953467132926
2017/3/1,Tunisia,0.19,5.52,0.8437997358561099,11650498.0,70700.0,42163530590.9462,2.3016,-0.8587,,,,,,,-3394.0,0.0,14.169042768070016,18.33775133522613,15.032796597854713,10.193949881933063,0.2427043067950218
2017/4/1,Tunisia,0.76,5.67,1.470334276431987,11650498.0,70700.0,42163530590.9462,2.3684,0.0845,,,,,,,-3394.0,0.0,22.43761353579017,22.699609777662488,17.534513901450282,11.971739768981934,0.2210654713462282
2017/5/1,Tunisia,0.36,4.04,0.756160380978889,11650498.0,70700.0,42163530590.9462,2.4535,-1.8591,,,,,,,-3394.0,0.0,8.8071513382817,29.26766601480466,23.56515817349089,18.182660449448463,0.1747288695384264
2017/6/1,Tunisia,0.3,3.98,0.7793471565531053,11650498.0,70700.0,42163530590.9462,2.4514,-1.2373,,,,,,,-3394.0,0.0,5.245649851034036,32.02789338429773,27.415565733430185,22.59958392249217,0.1563368594171835
2017/7/1,Tunisia,0.96,3.68,0.4555688387937147,11650498.0,70700.0,42163530590.9462,2.47,-1.39,,,,,,,-3394.0,0.0,1.431384852035939,34.05764182716291,29.63167086239736,25.348140294064763,0.1490349773414234
2017/8/1,Tunisia,0.33,5.37,0.133952488299239,11650498.0,70700.0,42163530590.9462,2.4589,-1.9653,,,,,,,-3394.0,0.0,1.3338373612834291,33.68782062735613,29.99786162862347,25.97714564415719,0.1496029039492457
2017/9/1,Tunisia,0.58,5.96,0.4474788958805675,11650498.0,70700.0,42163530590.9462,2.4475,-0.2315,,,,,,,-3394.0,0.0,9.734224096019243,30.049757978651257,25.55168016083797,20.03610509236654,0.1527896871164218
2017/10/1,Tunisia,0.94,6.91,1.3706061951051136,11650498.0,70700.0,42163530590.9462,2.4839,0.6905,,,,,,,-3394.0,0.0,28.624550347661483,22.57847114070773,19.421409959067887,13.789595027636494,0.1689041348834835
2017/11/1,Tunisia,0.65,8.42,1.6828028908342694,11650498.0,70700.0,42163530590.9462,2.4964,0.6526,,,,,,,-3394.0,0.0,39.99768128819171,17.992336866590733,13.92965659145483,8.77038862440321,0.1837283362915328
2017/12/1,Tunisia,0.39,7.84,1.002078964811205,11650498.0,70700.0,42163530590.9462,2.4894,0.055,,,,,,,-3394.0,0.0,24.668995831220045,13.715844603507776,9.782124127332224,4.606044326290032,0.2057841281723748
2018/1/1,Tunisia,1.19,7.54,0.4749669684230145,11765514.0,71620.0,42686504459.801,2.4625,-1.2118,,,,,,,-3423.0,0.0,16.079743313597636,14.440213898689535,11.61258715960014,6.674061239919354,0.2160403135030333
2018/2/1,Tunisia,-0.07,7.05,2.141508604370037,11765514.0,71620.0,42686504459.801,2.4245,0.977,,,,,,,-3423.0,0.0,27.5815517996126,13.536226549602702,10.809499334198849,4.860244755517897,0.2318426717059775
2018/3/1,Tunisia,0.62,7.93,0.8511113970721919,11765514.0,71620.0,42686504459.801,2.427,-0.6111,,,,,,,-3423.0,0.0,21.227396292759465,19.613823745071272,16.141884272212224,9.622712563955702,0.2283647742230476
2018/4/1,Tunisia,0.96,8.35,0.7648815314145826,11765514.0,71620.0,42686504459.801,2.4276,-1.4048,,,,,,,-3423.0,0.0,14.564137531841968,25.074007860819503,19.423774318559936,13.203342713250096,0.2026335697635857
2018/5/1,Tunisia,0.44,8.93,1.1898910378374463,11765514.0,71620.0,42686504459.801,2.5163,0.372,,,,,,,-3423.0,0.0,16.723334121174148,29.044622121831424,21.68568476659658,15.72955733268492,0.1724615558599977
2018/6/1,Tunisia,0.44,8.49,1.5748594482201206,11765514.0,71620.0,42686504459.801,2.6013,-0.7239,,,,,,,-3423.0,0.0,5.696734417183212,31.85420644548208,26.180395914527992,20.38619429270426,0.1544704441559807
2018/7/1,Tunisia,0.59,8.09,0.4057635329473224,11765514.0,71620.0,42686504459.801,2.6548,-1.5265,,,,,,,-3423.0,0.0,1.0871494297783513,36.21515678897981,31.52662219263476,25.303900593583307,0.1506365913185377
2018/8/1,Tunisia,0.38,6.7,8.39967882899801,11765514.0,71620.0,42686504459.801,2.7515,1.3456,,,,,,,-3423.0,0.0,13.05469981389919,32.97262229509255,27.808439556756696,21.39547123242454,0.1648170986228413
2018/9/1,Tunisia,0.59,5.78,1.206509592122505,11765514.0,71620.0,42686504459.801,2.7763,0.0695,,,,,,,-3423.0,36000.0,27.359210183417183,30.41007024976944,26.718107978679257,20.31864229838056,0.1784995548659563
2018/10/1,Tunisia,1.04,6.47,1.6133833219489244,11765514.0,71620.0,42686504459.801,2.838,1.1674,,,,,,,-3423.0,0.0,42.05008348554259,23.286499646914933,20.53446518289388,13.539342703870544,0.1907488107156572
2018/11/1,Tunisia,0.61,5.82,1.4392618566734,11765514.0,71620.0,42686504459.801,2.9101,-0.0134,,,,,,,-3423.0,0.0,35.67341569170736,18.814529312981502,15.232564870926469,9.250325753953746,0.2125486278213424
2018/12/1,Tunisia,0.47,6.02,0.3849869011299938,11765514.0,71620.0,42686504459.801,2.9725,-1.3673,,,,,,,-3423.0,0.0,13.053520617381906,15.407823673371354,11.32915961925039,7.189015919675114,0.2249719209009782
2019/1/1,Tunisia,0.83,7.13,0.7403083020409003,11875081.0,72421.0,41905642418.825,3.0203,0.0102,,,,,,,-1487.0,0.0,26.9351529508606,12.66359151614614,9.046156698085897,3.716297014297993,0.2271639947356774
2019/2/1,Tunisia,0.09,8.17,1.3699963162977562,11875081.0,72421.0,41905642418.825,3.0527,0.3883,,,,,,,-1487.0,0.0,20.996512317836256,12.95867473057342,10.3230800567992,4.49539464314779,0.2260579052520365
2019/3/1,Tunisia,0.43,7.53,1.3051090433681665,11875081.0,72421.0,41905642418.825,3.0542,0.3915,,,,,,,-1487.0,0.0,29.67880777337552,17.087411847678595,13.881553650377557,8.228509377920545,0.2341810114198171
2019/4/1,Tunisia,0.8,6.59,1.1273318927830458,11875081.0,72421.0,41905642418.825,3.0291,-0.1766,,,,,,,-1487.0,0.0,21.33813162370801,22.62857689327666,18.01664659019218,11.52622771792943,0.2271147906270303
2019/5/1,Tunisia,0.49,7.24,1.3979616998393858,11875081.0,72421.0,41905642418.825,2.9898,0.595,,,,,,,-1487.0,0.0,20.75729249191985,26.84051385284755,20.780911299867967,14.155132363432244,0.1912772576749038
2019/6/1,Tunisia,0.32,6.02,0.7721666379573655,11875081.0,72421.0,41905642418.825,2.9284,-2.0895,,,,,,,-1487.0,0.0,3.14240083751317,33.465310351053915,28.744327074347552,22.10449763404,0.1639991852569753
2019/7/1,Tunisia,0.24,6.49,0.2619422674375364,11875081.0,72421.0,41905642418.825,2.8768,-1.628,,,,,,,-1487.0,0.0,1.2330490328986414,34.547713995492586,30.43236331521848,25.37190386864449,0.1540086549286319
2019/8/1,Tunisia,0.56,7.42,1.8372119539858265,11875081.0,72421.0,41905642418.825,2.8652,-0.5259,,,,,,,-1487.0,0.0,9.283970557024992,34.295673870784015,30.22916131519269,25.46043729064285,0.1606742940492131
2019/9/1,Tunisia,0.64,7.29,1.232910019041044,11875081.0,72421.0,41905642418.825,2.8611,-0.0655,,,,,,,-1487.0,0.0,29.246971475554044,30.613911586337625,26.67213089632355,20.4113643858168,0.1836914822265126
2019/10/1,Tunisia,0.79,6.6,1.13336006069385,11875081.0,72421.0,41905642418.825,2.8449,0.3189,,,,,,,-1487.0,0.0,26.60613542760347,24.73451038893836,21.579894112464387,15.185409246465213,0.1845834252673592
2019/11/1,Tunisia,0.47,6.3,1.124361455476346,11875081.0,72421.0,41905642418.825,2.8521,0.1059,,,,,,,-1487.0,0.0,29.96416969374913,17.82161706288656,14.108503737368151,8.087098291185214,0.203169443544054
2019/12/1,Tunisia,0.23,5.79,0.7858867759690904,11875081.0,72421.0,41905642418.825,2.8386,-0.689,,,,,,,-1487.0,0.0,24.338343259583496,16.131759159539342,12.86565357422262,7.491409802180499,0.213348781630043
2020/1/1,Tunisia,0.62,4.46,0.8700548580455202,11974057.0,79610.0,42491780918.361,2.8179,-1.1239,,,,,,,1815.0,0.0,19.060727635206867,13.640086889779695,10.36674955890436,5.073328867266298,0.2288323638070025
2020/2/1,Tunisia,0.0,3.77,0.6794086140101953,11974057.0,79610.0,42491780918.361,2.86,-1.5815,,,,,,,1815.0,0.0,8.285634458863361,15.51584619982492,13.079973089645762,8.908390650255967,0.2225789717887129
2020/3/1,Tunisia,0.85,5.1,1.5625595081969066,11974057.0,79610.0,42491780918.361,2.8665,0.4285,,,,,,,1815.0,0.0,37.6275760198097,17.93083224552936,14.578918787958116,8.68242572251188,0.2222832244556223
2020/4/1,Tunisia,0.84,6.14,1.072680247776661,11974057.0,79610.0,42491780918.361,2.903,0.0441,,,,,,,1815.0,0.0,23.522934521716262,23.92649411095516,18.759394796597235,12.415087318420431,0.2155404908846656
2020/5/1,Tunisia,0.53,4.73,0.6632098351008372,11974057.0,79610.0,42491780918.361,2.9013,-1.6458,,,,,,,1815.0,0.0,7.781212948727112,29.83460669158609,24.359540969149634,18.16753049870977,0.1814407945746016
2020/6/1,Tunisia,-0.15,4.31,1.5920008911159278,11974057.0,79610.0,42491780918.361,2.859,-0.7942,,,,,,,1815.0,0.0,8.715491761396127,32.15026431613501,27.04240291672528,20.95634613037112,0.1607170112610688
2020/7/1,Tunisia,0.15,4.06,1.4521167723193855,11974057.0,79610.0,42491780918.361,2.8143,-0.6999,,,,,,,1815.0,0.0,1.62370054069742,33.22723307455743,28.84641070658114,24.55845577281013,0.1543253266880265
2020/8/1,Tunisia,0.3,3.85,0.2916748695435878,11974057.0,79610.0,42491780918.361,2.7429,-1.5399,,,,,,,1815.0,0.0,2.8231570636925456,34.15616417751522,30.270784183222588,25.682893638200653,0.1523960114466451
2020/9/1,Tunisia,0.6,5.29,1.393986140431491,11974057.0,79610.0,42491780918.361,2.7543,0.8379,,,,,,,1815.0,0.0,34.49655276930179,30.7752300474379,25.75665863257433,19.37753039466014,0.1790929745099177
2020/10/1,Tunisia,0.83,5.56,0.4553190056482874,11974057.0,79610.0,42491780918.361,2.7597,-0.8933,,,,,,,1815.0,0.0,10.874422953243378,24.66158283192624,20.570428614013565,14.542541963310669,0.1787095970079715
2020/11/1,Tunisia,-0.07,4.34,0.9815934954169988,11974057.0,79610.0,42491780918.361,2.7469,-0.2561,,,,,,,1815.0,0.0,27.05026752645588,19.06904549068878,16.261011209448213,10.848857773674863,0.188662377152969
2020/12/1,Tunisia,0.3,4.34,0.8960270310299716,11974057.0,79610.0,42491780918.361,2.7225,-0.1735,,,,,,,1815.0,0.0,29.4007556132164,15.13850032437233,11.493814800635676,6.017333069668041,0.2065056833335624
2021/1/1,Tunisia,0.67,4.86,0.4196408713918835,12048622.0,100571.0,47073234359.1819,2.7097,-1.3447,20695112.353,0.0,66187621.044,0.0,51577203.897,0.0,3113.0,0.0,12.759877378844834,15.177512761597995,11.674934347137023,6.236999068721673,0.2129667573286
2021/2/1,Tunisia,-0.07,4.77,1.14962496722929,12048622.0,100571.0,47073234359.1819,2.7233,-1.4205,12846835.238,0.0,82685623.647,0.0,17081613.163,0.0,3113.0,0.0,15.586368308126756,15.778146067119792,13.70890736147635,8.531886650267097,0.2259177466056036
2021/3/1,Tunisia,0.74,4.15,0.6663968839513674,12048622.0,100571.0,47073234359.1819,2.7693,-0.2379,26593866.032,0.0,62109946.658,0.0,17999187.137,0.0,3113.0,0.0,17.785823566286528,17.3079814582743,14.024907562102896,8.156735028502794,0.2202631954327168
2021/4/1,Tunisia,1.1,4.87,0.7369036498609749,12048622.0,100571.0,47073234359.1819,2.77,-0.3793,37681195.197,0.0,62801430.442,0.0,34203028.348,0.0,3113.0,0.0,16.300290000439702,24.76380310058596,18.761111435331884,12.953001234266535,0.2045432159122355
2021/5/1,Tunisia,0.51,5.97,0.7856649705432205,12048622.0,100571.0,47073234359.1819,2.7444,-1.213,41216118.64,0.0,35046660.763,0.0,16993116.822,0.0,3113.0,0.0,11.374425911591574,30.727207622733204,23.47924221791999,17.650778481268162,0.1716850183923282
2021/6/1,Tunisia,0.51,7.17,1.26837774921825,12048622.0,100571.0,47073234359.1819,2.7921,-1.3607,29318903.604,0.0,32898176.424,0.0,20614110.051,0.0,3113.0,0.0,5.220521979705904,34.166693517896874,29.26303403101485,22.76713297102191,0.1528095100757773
2021/7/1,Tunisia,0.86,8.04,0.0521839680095001,12048622.0,100571.0,47073234359.1819,2.8093,-1.477,9674475.475,0.0,35985529.385,0.0,49242725.761,0.0,3113.0,1000.0,0.3437878026358964,34.781088355279735,30.69233643738141,25.62564428185908,0.148046834556569
2021/8/1,Tunisia,0.0,7.41,0.4728244181674594,12048622.0,100571.0,47073234359.1819,2.7933,-1.6658,10128518.507,0.0,35912122.485,0.0,33971669.261,0.0,3113.0,0.0,3.763763200051149,35.56621306224537,31.747999364379098,26.728012667420103,0.1487487828209699
2021/9/1,Tunisia,0.64,7.24,0.2792561933568965,12048622.0,100571.0,47073234359.1819,2.8008,-1.4836,26187693.385,0.0,41048727.816,0.0,18834550.399,0.0,3113.0,0.0,7.958622395109437,31.95721700456409,28.37591298622601,22.87900791168215,0.148504537378903
2021/10/1,Tunisia,0.92,7.0,0.4962112626006479,12048622.0,100571.0,47073234359.1819,2.8352,-0.2635,9675711.904,0.0,54931914.082,0.0,17724449.815,0.0,3113.0,0.0,15.918610563269418,23.947060582971066,20.60783553085332,14.229896184449558,0.1575020227669872
2021/11/1,Tunisia,0.14,6.88,0.7261998817511758,12048622.0,100571.0,47073234359.1819,2.8773,-0.2431,36362462.22,0.0,63799261.489,0.0,17776315.854,0.0,3113.0,0.0,17.507831880567288,19.008983696831592,15.328507012237878,9.038486735026083,0.1730148346197705
2021/12/1,Tunisia,0.42,7.65,0.2805806690750784,12048622.0,100571.0,47073234359.1819,2.9089,-0.793,27059174.806,0.0,71212193.346,0.0,11196309.579,0.0,3113.0,0.0,13.432778199827336,14.40313356461064,10.574684368222051,6.155378083259848,0.1825644314739331
2022/1/1,Tunisia,0.7,7.62,0.5087621757376003,12119334.0,74640.0,44948769171.285,2.8918,-0.4319,11713189.76,,51037459.53,,,,-1685.0,0.0,18.038606680376503,12.360324088476034,8.872610431234875,4.177426007998918,0.1966231068523923
2022/2/1,Tunisia,0.35,8.89,0.8102635387202555,12119334.0,74640.0,44948769171.285,2.885,-1.2179,33273968.73,,124437828.0,,71459445.54,,-1685.0,0.0,11.621988966066738,14.15579230898902,12.073009903988464,7.049750991094697,0.201191451748343
2022/3/1,Tunisia,0.83,8.71,1.2194263316126366,12119334.0,74640.0,44948769171.285,2.9637,-0.0068,14133790.18,,79546586.54,,17541325.66,,-1685.0,4000.0,29.161035076244524,17.598342596074588,13.928925757570257,7.487954281222471,0.2081029084506885
2022/4/1,Tunisia,1.37,8.64,0.7557475519659654,12119334.0,74640.0,44948769171.285,3.0272,-0.572,19686803.24,,107479245.7,,43537097.24,,-1685.0,0.0,15.683497094963224,24.347647794087777,18.06264399579664,12.000884013705786,0.2152825089133515
2022/5/1,Tunisia,0.88,8.23,0.7187968388965208,12119334.0,74640.0,44948769171.285,3.1052,-1.2003,40946956.06,,134544188.7,,36385751.58,,-1685.0,0.0,10.34103529190241,27.02934866874449,23.200809056767863,17.776786504765994,0.1707190996056963
2022/6/1,Tunisia,0.67,9.52,0.6547532417266222,12119334.0,74640.0,44948769171.285,3.0996,-1.8899,62837174.17,,45416863.86,,2836298.091,,-1685.0,0.0,3.592791574705746,34.21969937218563,29.89317532100841,24.55765510135228,0.1503832720867162
2022/7/1,Tunisia,1.0,10.98,0.1710835433256266,12119334.0,74640.0,44948769171.285,3.1572,-1.6883,9218429.812,,48522244.14,,20688472.46,,-1685.0,0.0,0.9595247017599752,34.481254893477285,30.31032112673961,26.26224237667617,0.1481652189427569
2022/8/1,Tunisia,0.46,11.86,0.4768438677938673,12119334.0,74640.0,44948769171.285,3.1725,-1.2452,32912508.94,,40423609.85,,1647.643,,-1685.0,0.0,3.1324564656755527,34.13973921909127,30.26143009338125,25.01555039600663,0.1487184824972695
2022/9/1,Tunisia,1.05,13.0,0.8167152730753475,12119334.0,74640.0,44948769171.285,3.2488,-1.3939,33713921.79,,52791401.4,,43846086.56,,-1685.0,0.0,18.062881395012347,31.88622294531933,28.445563748607185,22.33177416059709,0.1527266956973855
2022/10/1,Tunisia,1.04,12.95,0.2130004673798313,12119334.0,74640.0,44948769171.285,3.2984,-1.5785,7654565.334,,62572439.47,150689.151,20502262.15,,-1685.0,0.0,6.033914765964871,24.947897170692386,22.43877084200068,17.01549262180123,0.1559040610818734
2022/11/1,Tunisia,0.64,15.07,0.5210018272432445,12119334.0,74640.0,44948769171.285,3.2482,-0.8145,29396813.21,,30813575.6,,19094080.7,,-1685.0,0.0,15.913687648564093,20.017040634155308,16.54172192272739,11.297164874606665,0.1644610636870263
2022/12/1,Tunisia,0.7,14.63,0.4932026417465376,12119334.0,74640.0,44948769171.285,3.1456,-1.8212,1078977.343,,118097895.8,,25240625.58,,-1685.0,0.0,11.886178670079536,17.939506744056644,14.601290941888578,9.439372860488106,0.1788068938862352
2023/1/1,Tunisia,0.82,14.16,0.2555368011467122,12200431.0,74070.0,48196281783.9479,3.0911,-1.0942,,,,,,,3093.0,0.0,9.715964062368489,13.779441205916896,9.932361188284574,4.558024035217954,0.1841444007853963
2023/2/1,Tunisia,0.5,15.57,1.4525894451434322,12200431.0,74070.0,48196281783.9479,3.1088,-0.3499,,,,,,,3093.0,0.0,19.25305080851803,14.155459590185274,11.459671922509584,5.78041018077306,0.1887982532464804
2023/3/1,Tunisia,0.69,15.75,0.5964537444539099,12200431.0,74070.0,48196281783.9479,3.1128,-1.9762,,,,,,,3093.0,0.0,10.758530357470462,19.115113379365653,16.08563449481028,11.273568520494734,0.185289194646349
2023/4/1,Tunisia,1.18,15.64,0.8022957306113797,12200431.0,74070.0,48196281783.9479,3.0569,-1.4206,,,,,,,3093.0,0.0,14.286567714882183,22.67685038248697,18.56666447972225,13.184673733181455,0.1751753087264434
2023/5/1,Tunisia,0.49,15.88,2.034642137250601,12200431.0,74070.0,48196281783.9479,3.0754,1.2747,,,,,,,3093.0,0.0,31.60580764922239,26.305778491112505,21.18882766363538,14.578685707174373,0.1620601802239525
2023/6/1,Tunisia,0.43,15.2,1.2949165701172631,12200431.0,74070.0,48196281783.9479,3.1017,0.0609,,,,,,,3093.0,0.0,11.878559305520156,31.43572099473744,26.546788730358003,20.628621927897143,0.1680474047667886
2023/7/1,Tunisia,0.73,14.19,0.5307680993788053,12200431.0,74070.0,48196281783.9479,3.068,-1.105,,,,,,,3093.0,0.0,1.7891241483995275,37.07250638982305,32.92931056380894,27.75685618821012,0.1477951875874997
2023/8/1,Tunisia,0.6,15.36,8.127372544699417,12200431.0,74070.0,48196281783.9479,3.0981,-0.38,,,,,,,3093.0,0.0,3.5794617811039458,33.10130349846298,29.21221731043829,24.5591170485302,0.148842350409886
2023/9/1,Tunisia,0.78,13.89,0.3014811689609989,12200431.0,74070.0,48196281783.9479,3.1459,-1.8356,,,,,,,3093.0,0.0,6.228145369716772,30.37840643988716,26.804685759387382,21.58423326280382,0.1461734767903995
2023/10/1,Tunisia,0.77,12.96,0.278110074610887,12200431.0,74070.0,48196281783.9479,3.1788,-2.2508,,,,,,,3093.0,0.0,6.851922861849672,26.13701999623288,23.83656342024892,18.420144366192574,0.1436948815169147
2023/11/1,Tunisia,0.24,11.87,0.5873480358517396,12200431.0,74070.0,48196281783.9479,3.1351,-1.0319,,,,,,,3093.0,0.0,17.22293629241479,20.850434599982407,17.636033704913302,12.45671986473934,0.152383810384321
2023/12/1,Tunisia,0.59,12.27,1.515223786834455,12200431.0,74070.0,48196281783.9479,3.1014,0.3794,,,,,,,3093.0,0.0,43.11551166974623,15.575276065129117,11.84941803988488,7.4708941346855795,0.1710492131183808
2024/1/1,Tunisia,0.53,12.1,0.4607725696244825,12277109.0,,53409988744.5968,3.1013,,,,,,,,-2433.0,0.0,14.179779502603411,14.96827017671319,11.7939187491653,7.653415401007578,0.1911055921621791
2024/2/1,Tunisia,0.23,10.15,1.2637469767424685,12277109.0,,53409988744.5968,3.1259,,,,,,,,-2433.0,0.0,21.49304304432276,15.77317585561468,13.081532796692612,7.678519448466716,0.2218274985794022
2024/3/1,Tunisia,0.7,10.21,0.5208466235261415,12277109.0,,53409988744.5968,3.11,,,,,,,,-2433.0,0.0,12.43317994631472,20.01133138184906,17.217697250559127,11.781261657386722,0.2228921502124045
2024/4/1,Tunisia,3.17,9.13,1.3000119212248125,12277109.0,,53409988744.5968,3.1413,,,,,,,,-2433.0,0.0,19.59930257799463,23.88756448957656,18.194142473423824,13.244470956590476,0.1970119769549876
2024/5/1,Tunisia,-1.73,9.67,1.0186507030601872,12277109.0,,53409988744.5968,3.1229,,,,,,,,-2433.0,0.0,12.251773339789375,29.098385665237288,23.98353218166613,17.626409333752065,0.1636080414079436
2024/6/1,Tunisia,0.51,10.14,0.6807492105657206,12277109.0,,53409988744.5968,3.1293,,,,,,,,-2433.0,0.0,4.402351385110672,34.56860775417755,28.55393537005,22.98062761094837,0.1465139512672731
2024/7/1,Tunisia,0.4,9.41,0.0051489198006744,12277109.0,,53409988744.5968,3.1119,,,,,,,,-2433.0,0.0,0.0581529950310264,35.29939564120389,30.84796818813163,25.733866197319458,0.1460857763743149
2024/8/1,Tunisia,0.34,8.52,10.84411632394738,12277109.0,,53409988744.5968,3.065,,,,,,,,-2433.0,0.0,4.669588367839414,34.1170663608018,29.95907732369085,25.320099479921453,0.1480241696583423
2024/9/1,Tunisia,0.79,9.16,1.3289524591785438,12277109.0,,53409988744.5968,3.0426,,,,,,,,-2433.0,0.0,24.59731295658565,31.56621273888481,26.695123116027503,20.107526757982043,0.1567558063516347
2024/10/1,Tunisia,0.84,9.32,1.1205342065459465,12277109.0,,53409988744.5968,3.0857,,,,,,,,-2433.0,0.0,26.03684616103309,27.39615625771148,23.36782014188612,17.277545916649615,0.1719652347607678
2024/11/1,Tunisia,0.11,8.47,0.4937562002675914,12277109.0,,53409988744.5968,3.1417,,,,,,,,-2433.0,0.0,14.579695124099606,20.80400615268286,17.544009991754763,12.066755718655088,0.1940632496214508
2024/12/1,Tunisia,0.17,7.21,0.5772493421625168,12277109.0,,53409988744.5968,3.1118,,,,,,,,-2433.0,0.0,20.32204074353844,15.64009287844425,11.56494276259707,5.99525973412301,0.2043419307955569
2025/1/1,Tunisia,0.39,7.1,1.0850494219598563,,,,3.2,,,,,,,,,0.0,30.991705199692984,14.336604239351004,11.074302912313897,5.950179508168219,0.2195046170486715
2025/2/1,Tunisia,-0.11,6.95,1.442514743677251,,,,3.1824,,,,,,,,,0.0,22.26753707451356,14.915222354162324,11.807818414256303,6.015346168336464,
2025/3/1,Tunisia,0.94,7.77,1.1460776753435706,,,,3.1038,,,,,,,,,0.0,21.73841335915128,21.55468500609044,17.29204508142618,10.575557716943932,
2025/4/1,Tunisia,0.6,7.26,1.056174127055497,,,,3.0102,,,,,,,,,0.0,24.84185908110074,23.33667935265436,18.72761392362156,12.538504981994665,0.2180456202991833
2025/5/1,Tunisia,0.38,6.72,1.3772581072324086,,,,2.993,,,,,,,,,0.0,19.720855206167048,28.04603983561202,22.827875283466312,16.39046450379078,0.1914839965731056
2025/6/1,Tunisia,0.43,6.43,0.6434505141501513,,,,2.9427,,,,,,,,,0.0,2.663298683691309,32.47464661068386,27.970882450136344,23.4348272747464,0.166071363410923
2025/7/1,Tunisia,0.32,5.94,9.5570356461598,,,,2.9096,,,,,,,,,0.0,2.646884958599393,35.18152118805921,30.835730679602023,25.42875426097584,0.1579038209404289
2025/8/1,Tunisia,0.27,5.95,0.7284907397385922,,,,2.9145,,,,,,,,,0.0,4.136575654898726,33.62292633056643,29.51270417636209,24.523939120384966,0.158413481425784
2025/9/1,Tunisia,0.59,5.71,0.8239233691610982,,,,2.9104,,,,,,,,,0.0,19.20150624098476,30.469568761189805,26.902349003105485,20.97521383497451,0.1644788643054024
2025/10/1,Tunisia,0.74,,0.4895675295352261,,,,,,,,,,,,,,11.868355567372168,24.400191387053496,21.65819472176696,15.184420952745713,0.1733301677355192
2025/11/1,Tunisia,0.05,,0.6107846284770762,,,,,,,,,,,,,,17.147922431322606,19.39640992482504,15.640976301916568,9.808272446526416,0.1766896292753724
2025/12/1,Tunisia,0.2,,1.5695251673423651,,,,,,,,,,,,,,38.36056735399258,15.701626180833388,11.782868376952422,6.518617843299808,
2026/1/1,Tunisia,0.3,,,,,,,,,,,,,,,,57.90797588411874,14.80873453283823,11.272686722080095,5.725826476722659,
2026/2/1,Tunisia,0.1,,,,,,,,,,,,,,,,13.135019624584436,17.223375393095466,14.373625343809408,8.341838818504698,
